ID,BIRTHDATE,DEATHDATE,SSN,DRIVERS,PASSPORT,PREFIX,FIRST,LAST,SUFFIX,MAIDEN,MARITAL,RACE,ETHNICITY,GENDER,BIRTHPLACE,ADDRESS
1bf23e46-1a4f-412b-bd7a-8bfcf1985617,1935-04-30,2013-03-27,999-41-1757,S99946806,X25887577X,Mr.,Hailie336,Berge315,,,M,white,portuguese,M,Randolph MA US,93973 Jalon Cove Suite 450 Brewster MA 02631 US
e5fc733b-74c3-4cc1-9332-4e2b09a89adc,1976-03-24,,999-30-5072,S99992078,X14091713X,Mr.,Doyle678,Auer76,,,S,white,polish,M,Cambridge MA US,11692 Swaniawski Mall Chatham MA 02633 US
2919d103-0506-4cf7-89a9-41d04b777203,1961-10-16,1987-08-31,999-54-3711,S99947647,X48611187X,Mr.,Lura250,Schmitt349,,,,white,italian,M,Medford MA US,691 Waters Road Apt. 927 Chatham MA 02633 US
273ae932-4c82-4263-aac5-d06e8a18fbbe,1940-03-28,,999-19-6095,S99930148,X96310492X,Mrs.,Seamus858,Moen568,,Pfeffer477,M,white,german,F,Billerica MA US,4072 Moises Overpass Suite 309 Bourne MA 02559 US
54f637bb-af0d-488c-9955-ea8fd5d14489,1963-10-17,,999-36-6429,S99989225,false,Mrs.,Monty177,Sauer496,,Bernhard843,M,white,german,F,Brockton MA US,764 Zella Knolls Dennis MA 02638 US
364d4c83-b6ff-47b7-9fa3-a11bd15290e5,1950-09-25,1983-03-28,999-54-9468,S99926707,false,Mr.,Esmeralda517,Botsford57,,,S,white,american,M,Brookline MA US,539 Blaise Circles Dennis MA 02638 US
ff1aaeaa-bdbf-487f-9788-604abc03be77,1977-09-29,,999-83-6380,S99956494,X47719814X,Mrs.,Robin774,Bashirian129,,Strosin15,M,white,polish,F,North Andover MA US,8477 Barton Mission Suite 753 Falmouth MA 02543 US
ec565ed9-ee86-40d3-b12b-0927d5b63b5e,1952-06-04,,999-90-2185,S99919572,X17358231X,Mrs.,Madelyn275,Yundt612,,O'Hara796,M,white,english,F,Ludlow MA US,6742 Heidenreich Ridge Dennis MA 02638 US
e9922236-8821-47e7-ae0f-910bb55bb3c8,1967-04-14,,999-51-7725,S99966607,X14774010X,Mr.,Ola237,Luettgen780,,,M,white,russian,M,Lexington MA US,604 Wolff Circles Bourne MA 02532 US
44cbb417-c098-4bb9-949e-f9a4469b9206,2009-11-22,,999-57-4038,,,,Don472,Luettgen780,,,,white,polish,M,Cambridge MA US,971 Jedediah Burg Dennis MA 02638 US
f25cb8d4-ed92-44d5-9a46-8f5dd466f585,1967-11-28,,999-42-5125,S99998338,false,Mr.,Natalia9,Crist54,,,M,white,french,M,Quincy MA US,50022 Donnelly Spring Harwich MA 02645 US
dbce8d69-edd2-4cf1-80c4-d889ee0ab939,1956-05-17,,999-46-4570,S99972509,X84497567X,Mrs.,Jesus777,Stanton789,,Hilpert863,M,white,polish,F,Medford MA US,17642 Will Ranch Barnstable MA 02630 US
ea838432-3802-49e6-adc1-5c981b22a138,2008-07-12,,999-34-1003,,,,Randy955,Prohaska228,,,,white,italian,F,Nahant MA US,3488 Olga Squares Falmouth MA 02543 US
e0d0e3b3-2dbd-4815-ba15-b8cff1d3d7c2,1953-06-29,2012-05-21,999-40-4886,S99960614,X90019115X,Mr.,Maximillian374,Dicki714,,,M,white,irish,M,Kingston MA US,4705 Ruecker Drive Apt. 926 Bourne MA 02532 US
964273ad-81cb-4650-8597-5875a14f1fb7,1991-05-15,,999-79-2195,S99978851,X45127509X,Ms.,Rita567,Schroeder130,,,,white,italian,F,Falmouth MA US,2074 Kasey Tunnel Bourne MA 02532 US
b20ad6e7-09e0-444a-9bdb-406d0c13ff1f,2008-05-12,,999-65-8212,,,,Micaela957,Pollich676,,,,white,irish,F,Leominster MA US,726 Williamson Harbor Provincetown MA 02657 US
43848e47-9a17-43e6-8dea-4a9bc92ab1ec,1980-10-10,,999-61-6211,S99963344,X47574803X,Mr.,Raquel574,Daniel706,,,M,white,irish,M,Newburyport MA US,61691 Brakus View Bourne MA 02532 US
153d402c-e975-474e-87d5-68603b4bfc29,1979-06-21,,999-62-2805,S99938754,false,Mr.,Zelda420,Glover856,,,S,white,irish,M,Waltham MA US,519 Schmitt Court Bourne MA 02559 US
bca076b7-4014-4a29-86ba-79e36606c400,1967-08-15,,999-94-2521,S99958477,X76023154X,Ms.,Kim332,Mertz249,,,S,white,american,F,Boston MA US,918 Itzel Ports Falmouth MA 02543 US
c85390aa-4311-4a28-8437-2867c4fa6c0e,1979-09-26,,999-30-8645,S99968394,X18679711X,Mr.,Christy458,Oberbrunner974,,,M,white,french,M,Boston MA US,2774 Lucie Mountain Sandwich MA 02563 US
f7482146-295b-4b74-af87-f49499ee2899,1994-03-14,,999-68-4421,S99965598,false,Mr.,Coleman364,Hamill808,,,,white,italian,M,Weymouth Town MA US,800 Dock Roads Suite 384 Barnstable MA 02630 US
70dab3b0-8be6-41e5-b683-4b634561f0bb,1968-01-10,,999-85-5554,S99940621,X41354768X,Ms.,Nigel508,Emmerich252,,,S,black,african,F,Lawrence MA US,5297 Luella Tunnel Suite 939 Mashpee MA 02649 US
b55c4561-7a2a-406d-bfd7-72931e69a38a,1999-02-05,,999-35-9830,S99952174,,Ms.,Sammy80,Rowe334,,,,white,irish,F,Easton MA US,4183 Carleton Circles Falmouth MA 02541 US
40943a62-5bc2-46e0-8095-7a2fb8db7c3b,1963-11-20,,999-73-3173,S99957480,X60977174X,Mr.,Camron764,Roob929,,,M,white,french_canadian,M,Southampton MA US,853 Edwin Turnpike Mashpee MA 02649 US
1674b0d1-0688-4321-a903-51915e33ac44,1990-03-29,,999-85-7943,S99941211,false,Mrs.,Sydney559,Armstrong275,,Satterfield158,M,white,irish,F,Brookline MA US,918 Wiza Junctions Suite 341 Yarmouth MA 02675 US
921786fe-7dec-4979-93f6-d2f673ff8dba,2002-10-27,,999-13-9462,,,,Abdul520,Hammes374,,,,white,italian,M,Lynn MA US,428 Thad Cape Falmouth MA 02540 US
8265e617-afcd-4be4-90e8-cd4f8e35afad,1969-09-16,,999-45-9365,S99969771,X47813782X,Mr.,Hilton103,McGlynn211,,,M,white,french_canadian,M,Malden MA US,457 White Keys Falmouth MA 02540 US
82a50249-2e94-424c-93a1-2292b500954b,1987-09-18,,999-63-2936,S99921759,false,Mr.,Ludwig604,Kuhlman253,,,M,white,italian,M,Malden MA US,9284 Archibald Spring Apt. 441 Dalton MA 01227 US
7cc79cd9-86f1-4770-89e0-b4e0eb793a61,1949-04-14,2016-06-13,999-14-1306,S99914799,X70691732X,Mr.,Catherine810,Pollich676,,,M,white,french,M,Peabody MA US,829 Bryce Pass Sandwich MA 02563 US
b21fcb5e-498a-4740-aa15-112a6b453781,1976-01-14,,999-27-1492,S99996074,X81766521X,Mr.,Elna553,McDermott490,,,M,white,swedish,M,Taunton MA US,71939 Conn Turnpike Dalton MA 01226 US
4cdd80f9-a6f8-4724-8791-ee0149e8b5f2,1938-05-09,1993-08-16,999-98-2369,S99945798,false,Mr.,Claudie913,Gaylord311,,,M,white,english,M,Lynn MA US,4014 Alexandre Shoals Cheshire MA 01225 US
109b35f0-a4dd-4395-9672-f522ba9c7c1b,1957-01-09,,999-36-2060,S99938570,false,Mrs.,Lindsay87,Greenfelder59,,Rempel495,M,white,irish,F,Haverhill MA US,4367 Myrna Mews Suite 799 Hinsdale MA 01235 US
b7ec7733-0ac3-4ff3-9ae6-95c5954b854b,1960-06-19,,999-18-2443,S99923710,X58117789X,Mrs.,Deshaun814,Vandervort620,,Hansen74,M,white,french,F,Southampton MA US,133 Kihn Shoal Apt. 970 Great Barrington MA 01230 US
a606b901-6560-4881-a941-c68e89eb9492,2013-08-28,,999-42-5213,,,,Jessyca765,Ebert604,,,,white,italian,M,Cambridge MA US,9251 Renner Spurs Great Barrington MA 01230 US
bbbb3a3e-8bf2-4610-8206-8f848eab0bb8,2004-11-25,,999-47-7514,,,,Naomi159,Wolff140,,,,white,italian,F,Norwood MA US,89116 Erling Place Suite 929 Monterey MA 01245 US
851e583c-c9b1-4303-9dd5-2ab95c6836f9,1966-05-19,,999-73-1129,S99943619,false,Mrs.,Quincy85,Hand296,,Wiza76,M,white,irish,F,Worcester MA US,2375 Wiegand Summit Yarmouth MA 02675 US
39b8555a-ef4d-43d9-bd3b-9a638286228c,1996-03-27,,999-19-5014,S99952669,false,Mr.,Katelyn15,Little419,,,,white,swedish,M,Needham MA US,2124 Aniyah Dale Otis MA 01253 US
36d7399c-df83-4186-a407-17a6ab003a66,1956-07-22,,999-48-2892,S99939879,X31236197X,Mrs.,Berta790,Bartell415,,Connelly0,M,white,irish,F,Swansea MA US,963 Dach Harbors Apt. 816 Barnstable MA 02630 US
6d283cc8-0f3f-4199-aa1e-3fd4277835fd,1950-07-31,,999-23-9203,S99970213,false,Mr.,Kelley589,Rutherford110,,,M,white,german,M,Holden MA US,75837 Kulas Mill Barnstable MA 02630 US
cb137382-fb3b-47d3-87c8-dbd2a98bddf9,1936-06-16,1945-01-16,999-33-4239,,,,Mollie633,Ernser526,,,,white,english,M,Wenham MA US,25602 Khalil Forges Yarmouth MA 02675 US
d28504d1-0055-4763-892d-559c6b66293e,1935-04-07,2011-10-16,999-69-5465,S99934696,X82981872X,Mr.,Kacey76,Kulas605,,,S,hispanic,puerto_rican,M,Quincy MA US,5647 Osinski Well Stockbridge MA 01263 US
3f50ee58-80e5-4f30-8714-bf1d1b245cf1,1996-01-14,,999-73-2656,S99913698,false,Ms.,Ivy182,Hayes297,,,,white,scottish,F,New Bedford MA US,90551 Fisher Village Apt. 667 Acushnet MA 02745 US
ea7fa77a-fc1a-41ba-b936-ac72cbb518d8,1967-08-14,,999-83-8616,S99924647,false,Mr.,Arnold77,Weber322,,,M,white,polish,M,Quincy MA US,632 Ledner Cliff West Stockbridge MA 01266 US
9c2bccfb-ff89-4fc5-8a45-2846b3227be9,1947-06-27,,999-60-1916,S99946868,false,Ms.,Vivianne609,Stamm279,,,S,white,irish,F,Brockton MA US,40134 Glover Curve Williamstown MA 01267 US
8281192c-21b6-4e32-b837-635deb979dd9,1938-09-13,,999-69-5877,S99935034,false,Mr.,Astrid134,Weber322,,,M,black,dominican,M,West Springfield Town MA US,4357 Farrell Fort Berkley MA 02779 US
8c7c37fa-306f-44ff-9c68-e04240063cdf,1992-07-29,,999-33-6470,S99941687,false,Ms.,Thea990,Flatley743,,,,white,french_canadian,F,Fall River MA US,9558 Mann Hills Attleboro MA 02703 US
a4306dc5-6054-4a07-9a75-4d89dadd3189,2012-11-10,,999-26-4074,,,,Albertha38,Batz332,,,,white,american,M,Shelburne MA US,58777 Roberts Alley Apt. 423 Dighton MA 02715 US
b7bfda66-ee44-4cb8-b68a-f0b4724d1797,1999-01-29,,999-89-1653,S99934747,,Mr.,Vesta377,Quigley689,,,,hispanic,central_american,M,Boston MA US,78480 Xavier Mills Apt. 425 Fairhaven MA 02719 US
8f418191-f875-4346-a8d4-c7ab36d96eca,1960-09-24,,999-19-4434,S99941255,false,Mr.,Hailie336,Gutmann811,,,M,white,irish,M,West Tisbury MA US,6644 Johns Glens Suite 421 Dighton MA 02715 US
2e2b4f74-80cb-4f27-96a5-751dc3837f6a,1995-01-22,,999-81-1643,S99974844,X62109148X,Mr.,Dovie975,Runte265,,,,white,italian,M,Wakefield MA US,9750 Rempel Plains Dartmouth MA 02748 US
84d5f98c-f4c9-4d40-9523-3b3478bf2f0f,1993-03-05,,999-15-8256,S99988277,false,Mr.,Kyla856,Osinski65,,,,white,russian,M,Somerville MA US,288 Morar Lodge Attleboro MA 02703 US
d8cddef5-4f62-4bc9-b914-6d903f9adf2e,1991-12-12,,999-66-1660,S99955856,X60964795X,Ms.,Vada138,Hoeger84,,,,white,russian,F,Sandwich MA US,3446 Lennie Point Fairhaven MA 02719 US
5119ea06-dad2-4a74-94ed-c3efe1589f9a,2016-06-09,,999-63-5218,,,,Kristoffer154,Swaniawski131,,,,white,irish,F,Boston MA US,111 Schinner Bypass Easton MA 02334 US
9b2a9581-6498-4ad9-b640-1721b82a41f2,2001-03-08,,999-65-3949,S99976771,,,Ramon102,Reichert456,,,,hispanic,puerto_rican,M,Amherst MA US,245 Katlynn Wall Apt. 197 Attleboro MA 02703 US
30e13994-2fb2-4155-9950-314971d414d9,2007-06-23,,999-91-3079,,,,Adella274,VonRueden892,,,,white,american,F,Hamilton MA US,796 Auer Locks Apt. 244 Easton MA 02334 US
73b2dd18-e8ef-4094-95be-fe913093503f,1995-09-05,,999-24-9855,S99953251,false,Ms.,Camryn251,Hermann847,,,,white,irish,F,Boston MA US,39857 Mayert Island Suite 899 Fairhaven MA 02719 US
8189af06-80de-4993-bbe1-795de6102ecb,1988-11-01,,999-79-7942,S99983236,false,Mr.,Osborne273,Barton351,,,M,white,italian,M,Danvers MA US,58182 Bauch Drives Fall River MA 02720 US
7c726215-b1f6-46ae-b35c-378e150adfa9,2000-01-04,,999-46-6926,S99940500,,,Sister273,Brakus830,,,,hispanic,mexican,M,Marshfield MA US,122 Hilll Shores Suite 865 Fairhaven MA 02719 US
0350f964-7835-4b4d-8946-ec2e0cde37be,2003-06-13,,999-94-8302,,,,Orlo524,Gutkowski946,,,,white,irish,F,Somerset MA US,6234 Moen Station Fairhaven MA 02719 US
1577f2a5-f508-44e4-aaef-2fe66593b41e,1955-03-04,,999-61-7348,S99911159,X32366742X,Mrs.,Anthony972,Konopelski113,,Brakus830,M,white,german,F,Woburn MA US,7084 Hagenes Fall Fairhaven MA 02719 US
34fb7455-72e4-4721-9ec6-a72b9f829cfb,1929-07-19,2014-09-19,999-90-6683,S99952151,X81078007X,Mrs.,Colten477,Skiles207,,Adams180,M,hispanic,puerto_rican,F,Cambridge MA US,714 Nitzsche Tunnel Fairhaven MA 02719 US
5dec60c1-7d3d-4b0c-b0a5-e2cf9112cee4,1967-04-23,,999-24-3698,S99964109,X92977996X,Mr.,Kris701,Stokes935,,,S,white,french,M,Wellesley MA US,889 Caleb Turnpike Dartmouth MA 02748 US
c78eb3b5-8979-4067-b41c-a0435dffc078,1995-07-12,,999-61-8317,S99920063,false,Ms.,Deangelo41,Roob929,,,,white,irish,F,Springfield MA US,39038 Ruecker Lakes Apt. 158 Fall River MA 02720 US
bd2deefd-afea-4a95-8672-4c80f2474ae9,1966-02-27,,999-31-6017,S99971344,false,Mrs.,Melisa564,Price694,,Fadel237,M,white,german,F,Boston MA US,81304 Schulist Throughway Fall River MA 02723 US
aa43efcb-c8b6-4f87-a941-f7effd8a4278,1944-05-12,,999-40-6227,S99985135,X29300091X,Mrs.,Fae81,Hettinger748,,Yost319,M,white,irish,F,Somerville MA US,542 Valentina Plain Easton MA 02334 US
9d3faf5f-5834-4b4b-972b-72a299a2355e,1974-04-02,,999-32-9379,S99957960,X70194087X,Mr.,Rosa353,Bradtke68,,,M,hispanic,puerto_rican,M,Tewksbury MA US,521 Landen Vista Easton MA 02334 US
c5b752c8-3369-4726-99b1-cbe70100d6ce,1994-10-21,,999-40-9054,S99910784,X23453201X,Mr.,Anika160,Larson691,,,,white,irish,M,Somerville MA US,78507 Bahringer Mountains Pittsfield MA 01203 US
aadf01e6-7bd9-4955-9b98-dfbb695bc9cc,1972-12-01,,999-79-6378,S99999194,false,Mr.,Edwina614,Lebsack415,,,M,white,irish,M,Norwood MA US,8955 Walsh Extension Apt. 214 Fall River MA 02720 US
e128d3e5-6ed9-41e4-843f-c59e15270f81,1976-04-16,,999-32-1903,S99917460,false,Mr.,Aubrey936,Sauer496,,,M,white,irish,M,Lexington MA US,262 McLaughlin Drives Mansfield MA 02048 US
f90505e9-512e-49a6-b4ff-598274f38108,2000-04-20,,999-60-8258,S99949424,,,Carli97,Lakin763,,,,white,german,M,Barre MA US,679 Mallory Street Suite 438 Mansfield MA 02048 US
95e3f1f5-8d96-463d-a1db-518234103db8,1939-09-03,1993-05-24,999-40-1442,S99913187,false,Mr.,Addison165,Bogan983,,,M,white,italian,M,Marlborough MA US,244 Eva Mountain Attleboro MA 02703 US
4ce4c964-5404-45c9-9184-a651699d3ec1,1950-01-16,2005-01-21,999-44-9379,S99988936,X82906371X,Mrs.,Carli97,Lynch576,,Nitzsche806,M,white,italian,F,Mashpee MA US,700 Fahey Loaf Suite 730 Mansfield MA 02048 US
4a2101db-0fc2-4e3d-91ee-b3f102e27513,1954-05-27,,999-38-2267,S99964830,X64324964X,Mrs.,Aryanna699,Wilkinson801,,Gislason613,M,white,irish,F,Sharon MA US,849 Wendell Oval Fall River MA 02723 US
1f319ea7-f1ae-4a0e-8c9f-b3a1b1e36284,1996-02-04,,999-62-9528,S99929239,false,Ms.,Abdullah634,Lowe886,,,,white,portuguese,F,Malden MA US,41554 Dejon Prairie Suite 197 Mansfield MA 02048 US
f95760e5-fff0-4e9b-989a-d0884155c371,1948-05-22,,999-98-6483,S99996164,X13090286X,Mr.,Briana364,Pacocha576,,,M,black,dominican,M,Newton MA US,436 Zena Hills Apt. 796 Attleboro MA 02703 US
9cd522e3-9ce1-463b-88ac-7721f0e687a3,1946-12-28,,999-15-6454,S99971473,false,Mr.,Jean758,Nolan207,,,S,white,russian,M,Randolph MA US,274 Lynch Cliffs Suite 882 Fall River MA 02721 US
5e941144-654c-4c44-a635-5de4e4d52db3,1999-01-09,,999-81-9423,S99932505,,Ms.,Mae101,Johns198,,,,white,american,F,Arlington MA US,6172 Jaime Views Apt. 138 Pittsfield MA 01202 US
cc535c83-42b1-403b-9730-d835ac5158fc,1965-10-25,,999-64-3467,S99935417,X25525584X,Mr.,Willis280,Trantow958,,,S,white,irish,M,Pepperell MA US,619 O'Connell Plains Suite 641 Mansfield MA 02048 US
ba39fa0d-ec50-433e-bee7-7fdee15b695b,1965-06-20,,999-29-5958,S99924085,false,Mrs.,Joelle228,Kunze72,,Graham737,M,white,russian,F,Sandwich MA US,4002 Concepcion Dam Suite 884 Dartmouth MA 02748 US
4ff115aa-7374-42f5-8e96-80fd046f7576,1963-03-10,,999-53-7087,S99914058,false,Mrs.,Conrad83,Hand296,,Terry768,M,white,swedish,F,Framingham MA US,868 Carlos Fork New Bedford MA 02744 US
8306a2f7-4460-4fdb-b905-46ae008fe70b,2012-01-21,,999-86-5237,,,,Buddy651,Feest50,,,,hispanic,puerto_rican,F,Pittsfield MA US,209 Reva Neck Apt. 313 Mansfield MA 02048 US
816eb231-aeb4-4660-a014-7fdcb98d63fd,1970-06-03,,999-42-9113,S99941328,X27107618X,Mrs.,Kadin294,Jacobson284,,Bartoletti882,M,white,irish,F,Somerville MA US,71547 Ludie Fords Norton MA 02766 US
ed16555e-5d18-4cac-9142-5569d2257b34,1997-12-30,,999-35-4889,S99971140,,Ms.,Greta79,Schulist336,,,,white,french_canadian,F,Boston MA US,1421 Lind Pike New Bedford MA 02742 US
5658eff2-c745-4f47-9f80-8237ce14e8f1,1927-10-20,2017-05-12,999-48-7361,S99966398,false,Mrs.,Keegan344,Harvey961,,Wehner221,M,white,russian,F,Boston MA US,905 Dave Manor Suite 355 New Bedford MA 02744 US
f18ccef8-5d11-4286-abbd-f89f691661f1,1986-03-04,,999-89-4186,S99928035,false,Mr.,Lue516,Stiedemann939,,,M,white,french_canadian,M,North Reading MA US,88138 Swift Terrace New Bedford MA 02746 US
38eb55be-3dab-483c-9f3f-fcdc2d5a1a7a,1933-03-27,2014-06-30,999-70-9457,S99925053,false,Mr.,Judah749,Gerlach95,,,M,white,swedish,M,Hull MA US,10918 Connelly Locks North Attleborough MA 02760 US
4e44c89f-dd33-48a1-beb9-227d9a34bb61,1946-04-29,,999-70-4608,S99910837,X43743060X,Mr.,Dorian100,Kautzer530,,,S,white,portuguese,M,Dracut MA US,369 Darren Trail Apt. 165 New Bedford MA 02743 US
3cf18bff-32b7-4883-a748-8dcc1de5d7aa,1963-05-05,,999-89-1917,S99961511,false,Mr.,Mark405,Bashirian129,,,M,white,italian,M,Hull MA US,1811 Welch Loaf Apt. 506 North Attleborough MA 02760 US
234df2a0-eb10-45a7-9ee6-3923dddae704,1985-05-03,,999-34-6394,S99934231,X76790962X,Mr.,Benton371,Ruecker265,,,M,hispanic,puerto_rican,M,Springfield MA US,6054 John Valley Raynham MA 02767 US
c67936d0-45ef-4aae-9b2f-dc6847666d6b,1929-02-28,2004-02-22,999-44-8800,S99981123,X84712432X,Mr.,Rahsaan864,Turner411,,,S,hispanic,puerto_rican,M,Westport MA US,4829 Jayde Burgs North Attleborough MA 02760 US
740e3eb1-a207-49f4-81d8-2a5dea9c5528,1995-10-05,,999-57-8027,S99993516,false,Mr.,Myrtis510,Sipes819,,,,white,german,M,Chelmsford MA US,94597 Cole Harbor Suite 941 Rehoboth MA 02769 US
8cb05124-9eb9-4b07-9d32-3c42bc5141de,1978-07-14,,999-97-7004,S99986079,false,Mr.,Brooks121,Klocko349,,,M,white,irish,M,Chicopee MA US,186 Dena Station Raynham MA 02767 US
55f1900d-880d-4c6a-9b52-3ea1df0cd3ab,1974-05-13,,999-62-8869,S99926999,false,Mr.,Lora996,Smitham705,,,S,white,american,M,Middleborough MA US,504 Hintz Wells Suite 419 Rehoboth MA 02769 US
9357c46a-0830-4dad-a099-e251d41ca502,1936-12-26,2010-10-23,999-39-9202,S99972900,X29676911X,Mrs.,Marques860,Hettinger748,,Roberts86,M,white,italian,F,Boston MA US,23781 Name Cliff Apt. 464 Rehoboth MA 02769 US
26be8b65-5586-4a08-a626-b4f289aa1d2b,2013-07-04,,999-64-5721,,,,Jovanny72,Hackett678,,,,white,french_canadian,M,Framingham MA US,8463 Crist Island Apt. 751 Norton MA 02766 US
a9b1819f-e84d-43cc-a834-192d8c72df0c,1996-06-16,,999-16-3704,S99923217,false,Mr.,Iva589,Jerde959,,,,white,italian,M,Marlborough MA US,1511 Weber Wells Apt. 337 Seekonk MA 02771 US
cd11f2ac-1112-4456-8e93-b47ad95667e5,1967-01-30,,999-23-3008,S99928989,X54991150X,Mr.,Drake773,Williamson583,,,M,white,polish,M,Brookline MA US,72621 Ricardo Mountain Somerset MA 02725 US
3bef623e-df23-4af9-9870-10aa9965eafd,1996-10-14,,999-20-6890,S99971635,false,Ms.,Verda957,DuBuque399,,,,white,italian,F,Milford MA US,6242 Niko Radial New Bedford MA 02745 US
9e9e7e03-4c74-4cc8-8912-a6dfc60c216a,2016-02-19,,999-91-3055,,,,Sierra816,Schinner228,,,,white,polish,F,Peabody MA US,324 Langworth Underpass Somerset MA 02725 US
316816c2-9c4e-47ef-bd49-d3d32c196b30,2005-03-01,,999-22-4581,,,,Horace846,Greenfelder59,,,,white,irish,M,Boston MA US,429 Zboncak Mountain Apt. 750 Swansea MA 02777 US
0136e7e4-6d9a-4506-ab3a-cab2ccd39f5a,1934-05-07,2005-08-07,999-99-6119,S99944398,false,Mr.,Ewald548,Mosciski495,,,M,white,italian,M,Peabody MA US,511 Kemmer Wells New Bedford MA 02746 US
2355e0e8-a7c9-47f4-9f57-47ec83941a95,1929-09-25,,999-22-1545,S99922872,X46905516X,Mrs.,Jake975,Huels628,,O'Kon648,M,white,polish,F,Boston MA US,184 Garfield Drive Apt. 553 Somerset MA 02725 US
1f7cc8d7-ae21-45c3-a78c-59193d5dd585,2009-10-16,,999-47-3299,,,,Gabriella312,Schiller21,,,,white,irish,M,Salem MA US,1899 Stokes Run New Bedford MA 02743 US
b468f57b-46d1-4164-974d-001c530a0944,1993-05-19,,999-65-9209,S99960188,X79600696X,Mr.,Maureen347,Schowalter565,,,,white,irish,M,Tyngsborough MA US,2871 Ericka Lock Apt. 220 Swansea MA 02777 US
46c1d3fe-42e4-4ebe-9162-a0aa0e2e83a9,1944-11-12,2016-08-21,999-53-2151,S99916971,false,Mrs.,Orval756,Moen568,,Klocko349,M,white,french_canadian,F,Belchertown MA US,449 Rory Glens Somerset MA 02726 US
4637a89e-0b0c-4b3f-8c08-1f8d7b52ace6,1991-01-30,,999-25-1099,S99965973,X51323693X,Ms.,Rhoda641,Smith847,,,,white,irish,F,Worcester MA US,1231 Kaleb Lock Seekonk MA 02771 US
bc83845e-66a1-4777-b085-058370da6d30,1970-04-12,,999-51-6841,S99942662,false,Mr.,Logan624,Auer76,,,S,hispanic,puerto_rican,M,Boston MA US,106 Reilly Viaduct Fall River MA 02722 US
2e855bcb-3d21-4f1a-b914-4b78cd0e8415,1947-10-29,,999-21-2128,S99965765,false,Mr.,Kaya334,Friesen949,,,M,white,irish,M,Reading MA US,1009 Bernhard Island Suite 358 Aquinnah MA 02535 US
3ffba782-8192-41a9-9b3d-800cd8da0b19,1971-04-26,,999-29-2280,S99944874,X93371546X,Mrs.,Ken172,Kunze72,,Batz332,M,white,irish,F,Charlton MA US,84616 Nico Terrace Swansea MA 02777 US
0c345ed2-0577-415f-b4ea-6d0bfe2a03c9,2010-10-08,,999-63-4231,,,,Taylor673,Leuschke227,,,,white,italian,M,Holyoke MA US,47227 Rolfson Oval Oak Bluffs MA 02557 US
6b8e6fd4-8a67-4e03-9794-4a0f4ed387ea,1986-05-14,,999-43-2649,S99948860,false,Mr.,Danny350,Beer324,,,M,black,african,M,Boston MA US,2525 Kris Passage Fall River MA 02721 US
66b41eee-c0ac-431b-b147-534fcc8154cc,1926-08-24,,999-79-5134,S99928815,false,Mr.,Selmer543,Reinger879,,,S,white,italian,M,Bridgewater MA US,13449 Batz Junctions Taunton MA 02780 US
8edee3e9-3df6-4f01-9a6a-4deaa27c60c4,1962-01-24,,999-79-4518,S99984350,X95352875X,Mr.,Delta702,O'Kon648,,,M,white,irish,M,Wellesley MA US,19298 Adrianna Orchard Westport MA 02790 US
7afcaa8c-bab0-4e9e-adb5-4bff40973e9b,1973-10-16,,999-36-7140,S99952263,false,Mr.,Lauren241,Jacobson284,,,S,white,german,M,Dracut MA US,13381 Adolphus Oval Suite 652 New Bedford MA 02745 US
aa2b8ae8-30b2-4baa-8593-eb97feff6921,1996-01-01,,999-53-6507,S99943143,X74785572X,Ms.,Haylee220,Deckow187,,,,white,irish,F,Framingham MA US,382 Kamille Ways Apt. 330 Taunton MA 02780 US
61552358-5c30-434c-bb72-ffe3a5081148,1992-06-28,,999-62-5606,S99955222,false,Ms.,Harmon443,Lubowitz329,,,,white,portuguese,F,Rockport MA US,199 Haag Underpass Suite 162 Taunton MA 02783 US
c5510dca-8fa2-49af-9c14-7c9cd17e2ab5,1982-05-03,,999-62-3097,S99995795,false,Mr.,Samson735,Zemlak802,,,M,white,italian,M,Lunenburg MA US,1691 Jovani Springs Suite 787 New Bedford MA 02740 US
6b367532-6902-446e-92a7-399fd54dcc3b,1995-11-23,,999-70-2702,S99927240,X91956880X,Ms.,Cedrick173,Gislason613,,,,white,irish,F,Pittsfield MA US,561 Ashton Parkways Suite 895 Westport MA 02790 US
6f5921a9-5dba-4c77-a369-e91ee176e304,2012-11-12,,999-72-2127,,,,Dahlia576,Klocko349,,,,white,irish,M,Dedham MA US,6346 Darian Stravenue New Bedford MA 02746 US
d964366a-dbd8-4c27-b3d3-fb0a0f1273e2,1991-10-23,,999-91-4677,S99910391,X56032438X,Ms.,Dasia426,Kunde709,,,,white,swedish,F,Boston MA US,58229 Avis Lock New Bedford MA 02740 US
82fa9ced-e59f-4581-8258-978117956223,2012-03-07,,999-90-3920,,,,Rosalia314,Feeney538,,,,white,english,F,Southbridge Town MA US,6638 Alek Valley Andover MA 01899 US
5b3f12b2-3afd-409f-900a-819eaae8fb45,1996-12-31,,999-76-4442,S99930486,false,Ms.,Clarabelle681,Witting337,,,,hispanic,puerto_rican,F,Worcester MA US,91323 Schaden Streets Suite 225 Amesbury MA 01913 US
36d058e2-deda-401f-b753-110eca5bc23f,1968-02-10,,999-14-6845,S99959160,false,Mr.,Jermey903,Hodkiewicz209,,,M,white,german,M,Marlborough MA US,70768 Langosh Falls Taunton MA 02783 US
afb02689-48e5-4804-a1ae-40629db2c580,1981-02-25,,999-84-6112,S99992624,false,Mrs.,Trever462,Howe75,,Schmitt349,M,white,irish,F,Worcester MA US,633 Susana Rapids Taunton MA 02780 US
ba460bb0-f2f0-4aea-a7be-afed061b6438,1981-12-20,,999-75-5521,S99915403,false,Mr.,Xzavier747,Ledner563,,,M,white,german,M,Wilmington MA US,6622 Ezra Fork Beverly MA 01915 US
490f68f8-aae4-4aa2-9936-8fa06e7f54ea,1981-09-25,,999-75-7224,S99954455,X59576256X,Ms.,Jessy611,Koepp421,,,S,white,italian,F,Fitchburg MA US,2515 Abernathy Street Beverly MA 01915 US
e37e70b9-db45-4746-bc01-1245058d19db,1998-09-29,,999-24-1165,S99991598,,Ms.,Joel576,Jacobi311,,,,white,irish,F,Blackstone MA US,239 Cummings Extension Danvers MA 01923 US
a77a2cf9-411c-41b2-a7cf-86b99b312574,2002-05-01,,999-59-6131,,,,Katlynn536,Cartwright250,,,,white,german,F,Swansea MA US,481 Hilll Roads Apt. 343 Andover MA 05501 US
b357e67c-5989-4b87-bcf5-bc7f812fe191,1963-11-23,,999-75-6487,S99969119,false,Ms.,Tyrese298,MacGyver61,,,S,white,irish,F,Barnstable Town MA US,2591 Parisian Port New Bedford MA 02740 US
4d1a01c5-4b32-4894-a8e6-1562eb136c2b,1966-03-03,,999-91-5375,S99998961,X70696842X,Mrs.,Federico41,Turcotte237,,Jacobi311,M,white,polish,F,Dudley MA US,3260 Violette Avenue Beverly MA 01915 US
38c61c6b-1360-4216-b363-cff97e815ae9,1954-02-20,,999-83-9011,S99925298,X15064298X,Mr.,Logan624,Prohaska228,,,M,white,irish,M,Reading MA US,294 Boyle Rest Suite 472 Amesbury MA 01913 US
5359b96d-10d2-45eb-a77c-c72853426180,2014-11-13,,999-97-2906,,,,Whitney235,Anderson350,,,,white,italian,M,Peabody MA US,8542 Becker Light Apt. 248 Amesbury MA 01913 US
b176cb0d-fd50-437f-a86f-245977cea29e,1962-03-19,,999-52-4849,S99968643,X76457610X,Mr.,Howell391,Corkery325,,,M,white,english,M,Methuen Town MA US,95953 Maritza Lights Andover MA 01812 US
87c6eafb-53d7-49cb-bedb-627bc1736885,2010-09-02,,999-45-7967,,,,Ewell100,Jenkins594,,,,white,irish,F,North Andover MA US,51851 Haag Canyon New Bedford MA 02740 US
f69c2d6d-be69-4c5a-8d3b-c0e0cf5a0f04,1959-09-28,,999-40-7298,S99953255,false,Mr.,Kathleen57,Schroeder130,,,M,white,german,M,Methuen Town MA US,81240 Eugenia Valleys New Bedford MA 02745 US
6a97cbc1-efc9-4bdf-abc5-4bbcef033f9c,2002-11-18,,999-26-2432,,,,Zechariah115,Gutkowski946,,,,white,polish,M,Reading MA US,6871 Gardner Camp Apt. 388 Beverly MA 01915 US
918af6fa-507f-4259-8d84-7453406ba737,1930-09-15,1982-06-16,999-55-6987,S99943890,X36761800X,Mr.,Chanel764,Treutel576,,,M,white,english,M,Tyngsborough MA US,79370 Mitchell Cove Danvers MA 01923 US
cd855be8-c8dc-4e0c-80f9-1b18a889262d,1987-03-28,,999-84-4647,S99944631,false,Mr.,Tia237,Thiel335,,,M,white,english,M,Worcester MA US,32991 O'Conner Shore Suite 362 New Bedford MA 02740 US
c8967a42-16a5-4ee5-ab98-846ecdf97307,1986-02-07,,999-10-6042,S99984016,false,Mr.,Caterina279,Halvorson187,,,S,hispanic,mexican,M,Peabody MA US,61276 Weimann Center Apt. 983 Taunton MA 02780 US
7246c39c-f761-4dc1-b2ba-091c39442032,2000-02-28,,999-12-8347,S99932724,,,Esmeralda517,Thompson901,,,,white,irish,M,Billerica MA US,64326 Gottlieb Wall Suite 125 Essex MA 01929 US
ea314df7-0417-4be8-8955-2af89545ce2b,2011-07-26,,999-28-1510,,,,Nora619,Marks493,,,,hispanic,puerto_rican,F,Lawrence MA US,7348 Jonatan Isle Taunton MA 02780 US
6b20e20e-19aa-4176-8e50-80c90767d5dc,1939-01-02,,999-38-2491,S99956782,false,Mr.,Lelia643,Moen568,,,S,white,polish,M,Dedham MA US,37056 Yasmeen Harbors Beverly MA 01915 US
7bad5e11-16a8-42a3-af11-67d7a2ce2ea7,2011-10-07,,999-14-6511,,,,Katheryn57,Larson691,,,,white,irish,F,Worcester MA US,428 Jamarcus Mountain New Bedford MA 02740 US
632d7111-921a-4753-b290-076f083aaa89,1932-08-09,,999-49-1845,S99942334,false,Mrs.,Rowland239,Wolf566,,Turner411,M,white,italian,F,Reading MA US,41903 Hermann Rue Andover MA 05544 US
9291939b-7c5e-41ad-bbd1-61e3b948d68e,1961-10-30,,999-35-3992,S99929059,X50173711X,Mr.,D'angelo631,Douglas750,,,M,hispanic,puerto_rican,M,Worcester MA US,774 Ignacio Circle Danvers MA 01923 US
12893dd7-ec9b-41b9-9911-aca01af7b9e8,2004-06-16,,999-73-7974,,,,Caroline624,Pollich676,,,,white,irish,M,New Bedford MA US,7863 Spencer Points Apt. 879 Danvers MA 01923 US
b13907eb-eff6-4d3a-996a-43d09072ca23,2012-05-21,,999-50-4400,,,,Holden389,Quigley689,,,,hispanic,puerto_rican,M,Mashpee MA US,68768 Mckayla Mews Gloucester MA 01930 US
7ff33215-03d6-4b30-9f8a-20163222e03b,1973-12-12,,999-48-2185,S99920802,false,Mr.,Linnie236,Koelpin39,,,M,asian,chinese,M,Medford MA US,14825 Mable Crossing Apt. 579 Beverly MA 01915 US
6743e6fd-0cda-40f9-8efd-7c43c84f9428,2014-12-13,,999-43-2164,,,,Arielle645,Morissette909,,,,white,american,M,Winthrop Town MA US,526 Ziemann Terrace Beverly MA 01915 US
a4cdc750-35d6-4fd4-9b0b-91de3cea2c76,1985-01-21,,999-33-9330,S99916454,false,Mr.,Dandre53,Gusikowski964,,,M,white,italian,M,Brockton MA US,5076 Malika Mews Suite 989 New Bedford MA 02743 US
a140ebe8-1125-4eb9-bbe5-256090c5c8dd,1948-09-14,,999-46-6806,S99991516,false,Mrs.,Amya696,Kohler54,,Schiller21,M,white,russian,F,Arlington MA US,5086 Darion Drives New Bedford MA 02743 US
b1a8213d-8b09-4baa-91c0-162f2ccfa158,1943-09-17,,999-16-4821,S99988557,X19317595X,Mrs.,Kendra321,Macejkovic315,,Heidenreich612,M,white,irish,F,Spencer MA US,154 Hettinger Forges Suite 374 Gloucester MA 01931 US
e3182053-a3ca-4cef-93c4-0666577ebf5f,1954-05-20,,999-15-1914,S99932906,false,Mrs.,Weldon43,Hauck878,,Altenwerth673,M,white,german,F,Salem MA US,1128 Hailee Brook Groveland MA 01834 US
6108c92e-555a-49c2-b1ce-3edd14c42c1d,1949-03-14,,999-92-9874,S99912471,X80771742X,Mrs.,Cristal517,Ledner563,,Boyer546,M,white,polish,F,Everett MA US,665 Jovany Junction New Bedford MA 02741 US
dc64de83-b757-4cba-b3d1-a23b208d22ab,1993-08-08,,999-12-8889,S99960785,false,Mr.,Garry249,Senger856,,,,hispanic,central_american,M,Bourne MA US,3128 Victor Road Hamilton MA 01936 US
0d956b6d-17d1-4e43-8a98-e709424ed9bd,1958-04-13,,999-28-3803,S99955716,false,Mr.,Raleigh976,Schultz324,,,M,white,italian,M,Boston MA US,8291 Hodkiewicz Mall Suite 840 Hamilton MA 01936 US
73f8e2f3-6752-4362-b6ff-e6ae1a74ed94,1988-03-17,,999-56-4649,S99940371,false,Mrs.,Jade910,Ruecker265,,Kunde709,M,white,german,F,Springfield MA US,4213 Mertz Skyway New Bedford MA 02744 US
9f587a70-3a88-4e6d-8b66-1599db2f9ffe,2010-09-06,,999-90-3785,,,,Jamie445,Johnston958,,,,hispanic,puerto_rican,M,Boston MA US,39054 Nikolaus Fall Groveland MA 01834 US
8e42629c-7e55-482b-9dbd-58a941783d24,1979-04-20,,999-91-6530,S99941698,false,Mr.,Kitty633,Conn229,,,M,white,english,M,Salem MA US,814 Hills Keys Beverly MA 01915 US
ac4a8d82-65a1-4f0b-9bd1-977f3c10e9fb,1978-03-19,,999-25-3794,S99956318,X40957031X,Mrs.,Monique286,Dooley862,,Labadie734,M,white,portuguese,F,Watertown Town MA US,6840 Fadel Groves Apt. 909 Groveland MA 01834 US
6d660c93-7dd8-4a5b-a815-90c5de24e5b3,1980-12-15,,999-86-4423,S99957466,false,Mrs.,Maudie454,Vandervort620,,Schuster993,M,white,swedish,F,Holyoke MA US,53662 Marvin Mountain New Bedford MA 02744 US
8d888aa2-2b57-4fe7-bc06-91572c8de1df,1999-01-06,,999-44-8675,S99986988,,Mr.,Annalise847,Emmerich252,,,,white,swedish,M,Worcester MA US,91963 Alverta Haven Suite 795 Taunton MA 02783 US
75e4becf-4f31-48fb-8b4f-5d3bfa9a1a96,1965-04-04,,999-22-9731,S99956250,X90555148X,Mr.,Blaze322,Fisher354,,,M,white,irish,M,Everett MA US,6059 Richie Springs Hamilton MA 01936 US
2f7dc88b-e8d1-48cc-8bd1-50c5cb22204e,1989-12-24,,999-49-5941,S99924730,X15148058X,Mrs.,Verla367,Lang840,,Rippin447,M,white,italian,F,Weymouth Town MA US,88990 Dickinson Curve Ipswich MA 01938 US
f295aee5-46f8-48bb-ab26-b597c601c69a,2005-05-20,,999-37-3204,,,,Lowell360,Cummings800,,,,white,irish,M,Winchendon MA US,8265 Bergstrom Forks Gloucester MA 01930 US
85545e6b-591f-435b-b487-fc2e776a2570,2000-09-11,,999-87-6834,S99946175,,,Luisa857,Skiles207,,,,white,german,M,Taunton MA US,9396 Candida Light Taunton MA 02783 US
a38cca5b-d68f-4a37-96be-5030c8b2af9e,1966-11-23,,999-61-5758,S99972637,X46195068X,Mrs.,Peter969,Sauer496,,Schimmel523,M,white,irish,F,Danvers MA US,3290 Ziemann Divide Suite 549 Lynn MA 01910 US
d4bec6aa-f543-44bd-a6e9-314c99e2d4cc,1962-07-21,,999-85-6629,S99961353,X92705618X,Mrs.,Adriana768,Stehr203,,Flatley743,M,black,african,F,Peabody MA US,8059 Era Vista Suite 488 Gloucester MA 01930 US
91e79349-03ff-4f41-9231-ce95251a64eb,1997-08-21,,999-23-6718,S99910388,,Ms.,Clementine115,Hermann847,,,,black,african,F,Erving MA US,64710 Cara Falls Lawrence MA 01840 US
f445b6fd-9dd4-4a1f-b891-311b3fba40ee,1995-04-16,,999-39-1849,S99979637,false,Ms.,Keenan542,Larkin602,,,,white,irish,F,Marlborough MA US,9601 Koby Crossing Lynn MA 01910 US
cdce0ec8-9142-4dc8-828e-5e7b5024a29e,1976-05-12,,999-91-1058,S99928498,X38701620X,Mr.,Birdie177,Heidenreich612,,,M,white,polish,M,Attleboro MA US,132 Destany Branch Lynn MA 01910 US
988e071d-63bd-43c8-b466-06289cc6d41c,1980-01-25,,999-36-3758,S99958099,X31770325X,Mr.,Cassandra672,Schoen119,,,S,white,irish,M,Plymouth MA US,252 Hauck Creek Lynnfield MA 01940 US
58b48034-e570-4ac5-8cc7-28019dcd25e5,1994-09-26,,999-59-5246,S99984937,X40677927X,Mr.,Stephan897,Kilback494,,,,hispanic,puerto_rican,M,Royalston MA US,298 Von Cliffs Haverhill MA 01832 US
a1e704b3-d0cd-4b9c-9583-2bc6576cf833,1955-06-22,,999-95-7532,S99959714,false,Mr.,Minerva165,Collier562,,,M,white,french,M,Canton MA US,872 Maybell Loaf Haverhill MA 01833 US
6d6535e0-e63e-4767-b10e-b0cc685e7466,1970-12-29,,999-61-3916,S99966892,false,Mr.,Felicia901,Ullrich303,,,S,white,portuguese,M,Boston MA US,23426 Amie Row Suite 824 Gloucester MA 01931 US
c5a97391-1b48-49c1-a416-075ca4cd2415,2001-01-28,,999-42-7821,S99988142,,,Diego171,Nitzsche806,,,,white,english,F,Shrewsbury MA US,198 Senger Drives Gloucester MA 01930 US
abf95e9f-9aae-46b8-82f8-56d61f10c28f,1938-07-04,1985-03-13,999-67-4943,S99967291,X50960676X,Ms.,Sonny189,Jacobi311,,,S,white,irish,F,Hingham MA US,31223 Lehner Motorway Apt. 691 Lynn MA 01903 US
49af65a5-d48f-4373-adf3-cdedf2e885ec,1985-07-18,,999-78-3511,S99955652,X99555240X,Mrs.,Beryl221,Jones74,,MacGyver61,M,white,irish,F,Cambridge MA US,3352 Kemmer Rest Suite 811 Manchester-by-the-Sea MA 01944 US
f8107c67-0f24-433e-95e4-e0f81e66224b,1984-12-12,,999-81-1778,S99913383,false,Mr.,Alberto511,Kshlerin530,,,M,white,french_canadian,M,Attleboro MA US,2624 Scotty Island Lawrence MA 01842 US
ea4f9fa4-79d7-4ca7-9cdb-1375e12af47a,2013-08-04,,999-63-9553,,,,Mathew522,Mueller682,,,,white,polish,M,Springfield MA US,1339 Brandy Canyon Haverhill MA 01835 US
56f5a34a-12ce-44f0-84ef-84e39a6b44a7,1939-05-26,1998-05-09,999-68-3522,S99933245,X40027473X,Mr.,Vernon178,Hilpert863,,,M,hispanic,puerto_rican,M,Arlington MA US,31086 Ondricka Plaza Lynnfield MA 01940 US
1d81c018-57d5-4308-ae80-06ee7059b741,2000-09-06,,999-36-7251,S99974586,,,Michele599,Hickle792,,,,white,french,F,Southbridge Town MA US,27862 Wunsch Well Haverhill MA 01830 US
00e2ff6f-1cb9-43b9-a007-6b89dc54dfe2,1960-04-09,2013-12-05,999-76-7781,S99967705,false,Mrs.,Dangelo629,Jones74,,Legros728,M,white,french_canadian,F,Lowell MA US,28137 Green Mission Lynn MA 01902 US
bcbfe9fb-fed8-47c5-ba52-63e3d993e808,1987-10-20,,999-46-3848,S99968159,X86586398X,Mr.,Ryder693,Stroman864,,,M,hispanic,puerto_rican,M,Dracut MA US,558 Ferry Lakes Haverhill MA 01833 US
f528f70c-673a-402b-8e01-c681e12168b8,1956-12-06,,999-68-5990,S99979017,false,Mr.,Lily290,Weissnat992,,,S,white,italian,M,Shrewsbury MA US,63970 Kihn Village Marblehead MA 01945 US
a0c39f9b-9415-4311-ad00-f3dc040ab920,1982-11-15,,999-84-6956,S99939879,X80071090X,Ms.,Phyllis106,Blick189,,,S,white,polish,F,Mansfield MA US,3311 Adolf Harbors Suite 324 Lawrence MA 01840 US
de250209-ab22-4836-8d8b-ab00e1a2a131,1992-02-10,,999-55-1279,S99946898,false,Mr.,Selena236,Ortiz21,,,,white,french,M,Salem MA US,508 Bernier Turnpike Suite 338 Methuen MA 01844 US
e2aa3367-1a29-4ccd-954b-1fcec8adbb7d,1995-09-13,,999-42-6821,S99914100,X77496792X,Mr.,Glen694,Lueilwitz716,,,,white,german,M,Dracut MA US,285 Kemmer Parks Lynn MA 01903 US
5a52345a-542c-4476-9e7d-e3ba685b14fb,1928-03-15,2017-03-24,999-96-2925,S99922370,X90708105X,Mr.,Emilie869,Orn984,,,M,white,irish,M,Boston MA US,4189 Barrows Hill Marblehead MA 01945 US
922385f1-fe32-4d2b-b631-aeee8f6aa9af,1980-12-23,,999-57-9475,S99997387,false,Mr.,Michele599,Schumm367,,,M,white,polish,M,Revere MA US,604 Johnathon Harbor Methuen MA 01844 US
31a4e9e0-571a-46c5-8064-c7b49ee0a62c,1913-10-31,1972-05-02,999-66-5018,S99978590,X35574221X,Mrs.,Leda151,Schuster993,,Ebert604,M,white,portuguese,F,Holden MA US,4278 Adalberto Park Apt. 684 Lynn MA 01901 US
4f02ded5-1fcf-4b99-be86-e9394830b7d4,2006-12-18,,999-38-9307,,,,Brando412,Dach132,,,,white,french,F,Framingham MA US,3438 Alyce Rapid Methuen MA 01844 US
05f77397-c10f-4c4d-b901-c0259b2cf9a6,1998-05-27,,999-18-7079,S99965024,,Ms.,Lily290,Goldner843,,,,white,american,F,Boston MA US,608 Hodkiewicz Extension Suite 112 Middleton MA 01949 US
955c875b-1864-4eb0-a1d0-b42837c7d9e7,2003-05-02,,999-16-7195,,,,Loyce143,Tremblay288,,,,white,english,M,Holden MA US,9187 Thiel Shoal Apt. 905 Lynn MA 01904 US
24010513-f1b4-41d2-9f6b-b544d37ce755,2013-10-13,,999-82-8217,,,,Rodger24,Adams180,,,,white,french,M,Lawrence MA US,457 Lind Heights Apt. 682 Lynn MA 01910 US
a3eac585-eed5-4ac3-ba67-866cc8adf83f,2007-03-03,,999-66-7239,,,,Jacquelyn184,Konopelski113,,,,hispanic,central_american,M,Millis MA US,534 Armando Port Apt. 310 Haverhill MA 01832 US
9d2a2009-d7e8-4211-92ce-e20196d81b74,2010-08-30,,999-54-1780,,,,Murphy757,Cassin602,,,,white,american,M,Lowell MA US,16436 Marks Grove Haverhill MA 01831 US
1387b30f-d9af-444b-b1b4-bd86f1cc5520,1991-03-27,,999-34-3675,S99955182,X68214764X,Mr.,Talia394,Schroeder130,,,,white,polish,M,Lowell MA US,608 Berry Plain Newburyport MA 01950 US
fc8ad53f-e804-426e-8005-d4255a6a986d,1978-11-24,,999-78-1737,S99927183,false,Mrs.,Marcus266,Smitham705,,Bartell415,M,white,italian,F,Brookline MA US,1932 Schmidt Haven Apt. 966 Newburyport MA 01951 US
60895f5c-f503-4a18-b13c-2b07ae171291,1977-09-08,,999-83-2105,S99947968,X71222288X,Ms.,Justine681,Corkery325,,,S,white,irish,F,Abington MA US,928 Adrian Stream Methuen MA 01844 US
ad9f23b0-2057-4ba1-a445-48e547a67a67,1952-03-12,,999-73-5456,S99999974,false,Mrs.,Jennings258,Weissnat992,,Kozey657,M,white,english,F,Canton MA US,75736 West Well Lynn MA 01904 US
fec22afb-06cd-457a-b4e0-937a3b774b1d,2007-03-27,,999-21-4127,,,,Maxie159,Casper135,,,,white,italian,F,Danvers MA US,87323 Alice Summit Lynn MA 01902 US
9bf9161b-7d2d-45a8-b4ee-196bd4dd7440,2008-12-28,,999-17-8841,,,,Rowena966,Rutherford110,,,,white,italian,M,Westminster MA US,478 Kemmer Groves Methuen MA 01844 US
46a02703-ec6b-4856-a306-6189e007ecf1,1989-09-10,,999-49-6150,S99933558,X84833081X,Mrs.,Jayme772,Stracke175,,Hartmann887,M,white,german,F,Springfield MA US,99799 Weissnat Grove Suite 121 Newburyport MA 01950 US
256d2e16-6893-42d5-9fc0-d37a0d74aef6,1987-04-04,,999-42-2679,S99944160,false,Mrs.,Ike991,Jerde959,,Green619,M,black,african,F,Watertown Town MA US,25606 Altenwerth Knolls Newburyport MA 01950 US
4c514f87-2052-48cb-af3a-4acddfa762eb,1987-11-24,,999-57-5508,S99944623,X92114534X,Mr.,Syble104,Hoeger84,,,S,asian,asian_indian,M,Norton MA US,4733 Chyna Plain Suite 843 North Andover MA 01845 US
c387827d-5851-4f81-9031-f5a3accb0101,2003-10-23,,999-86-3003,,,,Ayla246,Jenkins594,,,,white,portuguese,M,Lowell MA US,9746 Brakus Estate Haverhill MA 01832 US
30d09637-fe3d-4f31-b55d-e89cb6247e72,1963-09-25,,999-59-4804,S99960742,X50533758X,Mr.,Celestino266,Veum951,,,M,white,french_canadian,M,Salisbury MA US,1197 Baumbach Haven Suite 570 Methuen MA 01844 US
8072bd99-3bda-4050-94d4-2cceac9dc022,1965-03-15,,999-51-3127,S99965980,X45075617X,Mr.,Nettie123,Will523,,,S,hispanic,puerto_rican,M,Beverly MA US,31974 Welch Turnpike Apt. 933 Newburyport MA 01951 US
af00cfa4-b2a1-48ac-adb4-c18c6a477b1b,1988-03-18,,999-73-1605,S99925421,X47161526X,Mr.,Orval756,Rosenbaum848,,,M,white,french,M,Orange MA US,1163 Johns Crossing Lynn MA 01905 US
d5bf6f75-fa9b-41b4-b93c-0bd01b103cb0,2008-01-31,,999-86-5657,,,,Don472,Feest50,,,,white,swedish,F,Springfield MA US,423 Hilpert Bridge Apt. 406 Methuen MA 01844 US
1416bcac-6b34-4b50-bee4-2fe9c6ff16b6,2000-02-22,,999-41-2759,S99980882,,,Kenya118,Pouros815,,,,white,swedish,M,Gloucester MA US,282 Mayer Trace Newburyport MA 01951 US
0f0b2e7a-0c1a-409a-b28e-7f21b3a74ffb,1965-05-24,,999-68-7972,S99944669,false,Mrs.,Macie660,Hermann847,,Barton351,M,hispanic,puerto_rican,F,Haverhill MA US,74694 Steuber Trafficway Suite 477 Haverhill MA 01831 US
ad357144-a2eb-40f5-93e3-1947a22f7d18,1953-08-18,2013-04-02,999-74-6292,S99968103,X49296442X,Mr.,Olen471,Mayer574,,,S,white,french,M,Great Barrington MA US,6742 Elouise Square Apt. 658 Methuen MA 01844 US
522c2559-437a-47a4-b913-e4c2f2793fed,1993-02-26,,999-82-6533,S99978480,X84733439X,Mr.,Brandon379,Leuschke227,,,,white,german,M,Boston MA US,589 Hand Drive Methuen MA 01844 US
398bbef8-9e6b-4feb-81b0-c1babb8ae2de,1970-05-03,,999-18-9861,S99953813,false,Mrs.,Sheldon11,Rippin447,,Schaden136,M,white,portuguese,F,Needham MA US,63627 Shaniya Cove Suite 401 Lynn MA 01903 US
afd33201-ceb4-4a4e-9b5d-0e5d51df25da,1948-12-18,,999-50-4903,S99931937,X61066134X,Mrs.,Nolan207,Gerlach95,,Hansen74,M,white,italian,F,Lynn MA US,751 Oceane Station Newburyport MA 01951 US
0ca9b88e-745b-4309-8ef0-40bebfb790a3,1999-11-11,,999-77-4407,S99959156,,,Arlene753,Bechtelar324,,,,white,english,M,Worcester MA US,3504 Burdette Grove Suite 223 Methuen MA 01844 US
22eccd2a-d05f-4c6d-b5d3-1f8ea7a8b23e,1963-04-19,1995-10-20,999-94-8531,S99971017,false,Mrs.,Zachariah940,Wyman650,,Yundt612,M,white,irish,F,Lynnfield MA US,9026 Kautzer Plaza Apt. 273 Peabody MA 01960 US
03ad3f54-cf8c-4a1d-8f5f-7e8fd5068aff,1970-11-01,,999-88-8758,S99930071,false,Mrs.,Kayden707,Hayes297,,Stracke175,M,white,irish,F,Boston MA US,8776 Buster Points Methuen MA 01844 US
47da0fed-3cbb-4c5a-be6f-ebf3c571e4ef,2014-11-13,,999-30-4473,,,,Ewell100,Rempel495,,,,white,english,F,North Adams MA US,831 Efren River Suite 980 North Andover MA 01845 US
5210b188-e118-4104-a8ce-50e0de1024ce,1981-03-05,,999-33-1738,S99983333,X67364131X,Mr.,Adrian442,Cremin119,,,S,white,italian,M,North Attleborough MA US,4910 Kian Mountain Apt. 717 Lawrence MA 01843 US
5aeb0adc-b42b-405b-9485-bc62348cb8f0,2005-08-12,,999-98-5234,,,,Dayton916,Jakubowski657,,,,white,portuguese,M,Brockton MA US,82810 Kub Crossing North Andover MA 01845 US
9f3d410f-9e01-4bda-8bde-df8f804d8bc9,1924-11-14,2010-12-17,999-97-4182,S99938058,false,Mrs.,Emelie567,King747,,Harris827,M,hispanic,puerto_rican,F,New Bedford MA US,88525 Mante Overpass Apt. 530 Rockport MA 01966 US
98afe53d-55b4-4ded-b06c-5862c82db9d8,2002-05-21,,999-78-1842,,,,Dante98,Gorczany993,,,,white,italian,F,Westfield MA US,4329 Bartoletti Loaf Apt. 717 Lynn MA 01901 US
b6e21406-e1a8-4a84-97c8-e05d4b193163,1948-01-23,,999-24-3812,S99993484,X97705297X,Mr.,Lenora778,Stanton789,,,M,hispanic,mexican,M,Leicester MA US,86914 Zboncak Shore Apt. 417 Peabody MA 01961 US
5d799ee9-b1ef-4a85-9014-30a7ff2556be,1926-12-24,2011-08-12,999-17-2718,S99998743,X23006856X,Ms.,Waylon747,Conroy165,,,S,white,french_canadian,F,Concord MA US,843 Jaskolski Knolls Apt. 147 Lawrence MA 01840 US
945a8a8f-3950-4d4e-bb9f-d34b764a8a96,1952-08-14,2016-04-01,999-72-4174,S99973372,false,Mrs.,Meagan42,Vandervort620,,Ankunding471,M,hispanic,puerto_rican,F,Halifax MA US,8556 Effertz Parkway Peabody MA 01961 US
81857835-be32-459d-943c-026003253fce,1954-06-20,,999-70-6303,S99931561,X80031245X,Mr.,Yvonne977,Altenwerth673,,,S,hispanic,puerto_rican,M,Spencer MA US,474 Thaddeus Station Peabody MA 01960 US
baf1df68-c241-4fb2-a897-a2d08fcd5695,1993-09-02,,999-96-4278,S99973332,false,Ms.,Anahi574,Fisher354,,,,hispanic,puerto_rican,F,Springfield MA US,7567 Ebert Mission North Andover MA 01845 US
7503582b-f64a-4ac2-a306-8298b156d1dc,1958-10-18,,999-92-6084,S99969845,X37241487X,Mrs.,Frank915,Stokes935,,Carter849,M,white,german,F,Lexington MA US,9055 Frami Island Lynn MA 01901 US
8b656865-5168-4c7d-86ff-690ac5865d63,1944-04-07,,999-15-5628,S99961613,false,Mrs.,Emma627,Murray364,,Effertz802,M,hispanic,puerto_rican,F,Revere MA US,36655 Josie Knolls Suite 947 Peabody MA 01960 US
ebcda141-943a-4ad9-b39b-0f6c638a2f1c,2003-06-04,,999-44-4392,,,,Vella947,Lesch922,,,,white,french,F,Ware MA US,9738 Matteo Freeway Lawrence MA 01841 US
58d2d86f-3e49-4dc5-9ed1-cf3961f8993f,1985-04-17,,999-97-1637,S99939343,false,Mr.,Bruce787,Muller64,,,S,white,irish,M,Taunton MA US,499 Thompson Row Apt. 707 Peabody MA 01960 US
7b3236e9-fd7c-4060-a82a-f6115384bafb,1992-10-29,,999-33-7053,S99913384,false,Ms.,Willis280,Prohaska228,,,,white,swedish,F,Boston MA US,8730 D'Amore Junctions Apt. 782 Salisbury MA 01952 US
8a0a8ad7-004e-438a-885b-539cf8d2f992,1985-01-13,,999-63-4299,S99920439,false,Mr.,Emily630,Bednar797,PhD,,S,white,french,M,Marblehead MA US,55148 Felipa Parks Suite 248 Peabody MA 01961 US
5cabd627-d8e2-4633-9834-b0378a2ef4d7,1982-05-11,,999-78-2523,S99928493,X13617752X,Mrs.,Randall376,Kertzmann752,,Walter251,M,asian,asian_indian,F,Bedford MA US,5745 Jed Ferry Apt. 869 Salem MA 01971 US
f32311ff-dc19-4c0a-b5e4-f9be2ccb74e7,1952-10-14,2008-08-09,999-15-6231,S99994902,X28103189X,Mr.,Miller112,Conroy165,,,M,white,french_canadian,M,Seekonk MA US,105 Alexandro Springs Lynn MA 01902 US
dcb19a53-0a60-45bd-a636-fa3091d7d58f,1986-07-27,,999-38-1464,S99957027,false,Mrs.,Pete345,Pagac831,,Wiza76,M,white,portuguese,F,Waltham MA US,405 Jaylan Ridges Salem MA 01971 US
45a9698f-3636-4c0a-bec3-5423b70e6a85,1953-01-06,,999-63-6730,S99937407,X56892697X,Mr.,Rita567,Steuber168,JD,,M,white,italian,M,Springfield MA US,96599 Kenny Forge Salem MA 01970 US
a5eb23b9-cebd-48aa-86fb-5863e3bc25bb,1926-10-14,1995-10-12,999-60-9120,S99915954,X85511814X,Mrs.,Braden770,Smith847,,O'Kon648,M,hispanic,mexican,F,Warren MA US,7797 Rachael Port Apt. 312 Saugus MA 01906 US
d55e6fc8-61c3-4e5f-86fb-7d05553ab738,1995-03-17,,999-47-7974,S99940865,X68491076X,Mr.,Kip363,Kunde709,,,,white,irish,M,Lowell MA US,19936 Trever Alley Apt. 312 Lynn MA 01902 US
a733ad1d-c165-4e85-aac3-9b35d055f687,1934-08-03,,999-27-9508,S99992801,false,Mr.,Lenna381,Predovic168,,,M,white,irish,M,Weston MA US,759 Daija Ways Apt. 184 Lawrence MA 01841 US
031adbc9-2439-4a56-a53f-cb12d3aad206,1984-08-01,,999-55-2004,S99984157,X49015907X,Mrs.,Brycen852,Beier837,,Hansen74,M,white,portuguese,F,Chicopee MA US,510 Murazik Stravenue Apt. 788 Lynn MA 01910 US
d1c1df09-4988-41d2-82cf-3b601ae56a15,1994-08-14,,999-45-8491,S99961236,false,Ms.,Noble35,Wolff140,,,,white,portuguese,F,Pepperell MA US,788 Diana Fort Saugus MA 01906 US
278c83cf-346d-4b57-9029-84502c7c83c6,1990-01-15,,999-12-6960,S99914553,X46323595X,Mrs.,Brooklyn656,Rolfson110,,Jast766,M,white,portuguese,F,Shrewsbury MA US,16948 Marguerite Pine Suite 322 Peabody MA 01961 US
970bf74b-34f7-4998-ae76-f0edfadb79a6,1981-03-01,,999-24-1407,S99926122,false,Mrs.,Minnie872,Kuhlman253,,Hamill808,M,white,french_canadian,F,Essex MA US,231 Noelia Knoll Saugus MA 01906 US
a7197352-1b5a-4bbf-88f3-bc796a33cf33,1950-03-30,,999-51-6082,S99962006,X32780432X,Ms.,Candida743,Lemke797,,,S,asian,chinese,F,Agawam Town MA US,874 Colten Gateway Wenham MA 01984 US
12f20039-11b3-4371-aefe-401c56a39b25,1985-06-18,,999-19-5987,S99949215,X46002956X,Mr.,Shanie964,Bode551,,,M,white,swedish,M,Hanover MA US,52328 Hintz Crossing Suite 455 Wenham MA 01984 US
8ba2059e-51ab-413b-a4ca-5c9296d22e52,1999-12-28,,999-68-6567,S99913577,,,Travis764,Lindgren82,,,,white,russian,F,Worcester MA US,5969 Ritchie Springs Salem MA 01970 US
43a84826-4f61-4e7e-9b42-a078cd4a0ef6,1954-07-31,,999-55-6513,S99911390,false,Mr.,Kenna76,Mraz432,,,M,white,polish,M,Boston MA US,6431 Howe Run Suite 416 Swampscott MA 01907 US
e696ad8f-9221-4c88-8116-f36fc6942d5a,1992-03-29,,999-95-9890,S99910164,X73801688X,Ms.,Jaron466,Koch570,,,,white,irish,F,Watertown Town MA US,9517 Lavonne Union Apt. 251 West Newbury MA 01985 US
f2f54fbe-e7c4-4d17-bf34-f621b860a985,2007-05-24,,999-19-7791,,,,Lauretta335,Daniel706,,,,white,swedish,M,Waltham MA US,8719 Justus Glens Apt. 571 Saugus MA 01906 US
070c6433-4f4c-4152-ab4b-f438e1286827,1982-06-06,,999-26-2692,S99988066,X35649826X,Ms.,Carmelo523,Rosenbaum848,,,S,white,italian,F,Brookfield MA US,6724 Kemmer Mill Suite 271 Buckland MA 01338 US
169a1a21-3c37-46cc-880a-16f0d95f4a3b,2007-09-23,,999-54-1101,,,,Ellsworth231,Ledner563,,,,white,irish,M,Medford MA US,28536 Nicole Mount Suite 805 Charlemont MA 01339 US
ea2eece1-d487-4e8f-af9e-3c82f5b12d6d,1962-04-12,,999-33-3016,S99965780,X46257893X,Mr.,Halie510,Kerluke829,,,S,white,french,M,Montague MA US,27089 Weissnat Pines Erving MA 01344 US
22465e1b-c7e5-42ac-a706-611fb510e8df,1946-11-10,,999-20-3854,S99954890,false,Ms.,Marlene86,Lemke797,,,S,white,irish,F,Boston MA US,32108 Arnaldo Shores Greenfield MA 01301 US
63ca34ec-bd1e-4aa4-b503-0b58dcf2b404,1963-07-22,,999-96-7848,S99976354,X58200051X,Mrs.,Clifton27,Strosin15,,Hauck878,M,hispanic,mexican,F,Fall River MA US,894 Pollich Plains Peabody MA 01961 US
13be62ba-611e-4773-a2d4-239e7099f693,1940-12-30,,999-12-2470,S99971298,false,Mr.,Hubert450,Bartell415,,,M,white,american,M,Westford MA US,49329 Gusikowski Terrace Leyden MA 01337 US
b9f10dfc-90ec-42ba-ae88-233f2a6e5cd5,1971-05-29,,999-86-8397,S99982336,X44468989X,Mr.,Eugenia220,Marvin851,,,M,white,french_canadian,M,Boston MA US,6542 Marvin Vista Apt. 805 Deerfield MA 01342 US
b9036d40-4cc9-4721-949f-428b7811bf82,1986-10-20,,999-16-4616,S99994820,false,Mrs.,Hubert450,Larson691,,Schneider787,M,white,swedish,F,East Brookfield MA US,73472 Pouros Well Deerfield MA 01342 US
cca087cb-c24b-444b-b23c-613620550bb5,1960-06-22,2013-06-14,999-60-4610,S99999532,X39618883X,Mrs.,Angelica964,Russel945,,Purdy145,M,white,irish,F,Needham MA US,37187 Yazmin Path Suite 843 Northfield MA 01360 US
43398ff8-8bca-404a-a9ee-41524f6a698d,1956-08-20,,999-13-3388,S99969687,false,Mrs.,Dejuan974,Marquardt624,,Pouros815,M,white,irish,F,Springfield MA US,229 Goodwin Estate Northfield MA 01360 US
5b5ab4b9-d2bf-4124-944e-4c3824dc076e,1969-12-03,,999-16-9440,S99948662,X84121124X,Mrs.,Lew177,Adams180,,McLaughlin892,M,hispanic,puerto_rican,F,Athol MA US,854 Rosendo Views Salem MA 01970 US
4a683b83-3bc7-4552-a11e-95c61f00dd0f,2015-01-29,,999-41-7646,,,,Lafayette275,Becker694,,,,white,english,M,Northampton MA US,2923 Abernathy Trafficway Apt. 930 Montague MA 01351 US
8a4ccb78-a1d9-464e-ae38-1cbef603794b,1967-12-19,,999-81-1899,S99984893,X28385724X,Mr.,Nigel508,Douglas750,,,M,white,french_canadian,M,Waltham MA US,7438 Schaefer Path Apt. 657 Montague MA 01351 US
bb23ed4b-527f-49e6-b383-f6668865c01d,1956-12-11,,999-89-6031,S99966274,false,Mr.,Raheem335,Kozey657,,,M,white,italian,M,Chelmsford MA US,26357 Emiliano Curve Apt. 446 Rowe MA 01367 US
0730fb4b-2512-40ba-bde5-11b102696c1b,2007-03-12,,999-56-8818,,,,Destiney213,Schulist336,,,,white,irish,M,Wakefield MA US,7749 Stiedemann Plaza Apt. 948 Orange MA 01378 US
8055afd2-bc77-4a14-9677-5ed62a838592,1943-07-09,,999-70-3253,S99965629,X70182610X,Mrs.,Lucius452,Beahan56,,Muller64,M,white,irish,F,Worcester MA US,8360 Ariel Pass Suite 120 Montague MA 01351 US
0ec1aa08-8bb7-413e-aaa7-657cb1daa57b,1958-12-02,,999-15-6233,S99943719,X91092773X,Ms.,Reba503,Tillman389,,,S,hispanic,mexican,F,Springfield MA US,42401 Franecki Ferry Wendell MA 01379 US
928eea05-c1b5-44cd-b2b2-33f066b8e42d,1976-11-18,,999-39-5724,S99948666,X21837075X,Mr.,Noble35,Jones74,,,S,white,french,M,Hopkinton MA US,718 Romaguera Place Suite 144 Brimfield MA 01010 US
d04ed148-c0b6-4734-8df5-1efab939b5cf,2001-09-30,,999-62-5310,,,,Isai853,Marvin851,,,,hispanic,puerto_rican,M,Ayer MA US,4172 Thompson Burg Blandford MA 01008 US
6b32f90c-2d18-45d5-84a7-2d05445a424e,1965-10-14,,999-93-3155,S99965870,X44236391X,Mrs.,Helene992,Connelly0,,O'Reilly368,M,white,irish,F,Springfield MA US,7686 Goyette Ranch East Longmeadow MA 01116 US
081f7924-867f-4fa9-874a-0790afb14f02,1968-03-09,,999-85-7007,S99980250,X88445910X,Mrs.,Raymundo29,Langworth348,,Lind470,M,white,portuguese,F,Boston MA US,105 Providenci Burgs Chicopee MA 01021 US
b5e23451-0735-409a-81df-fff36aedceb4,2004-03-26,,999-70-8335,,,,Lexus842,Jenkins594,,,,asian,chinese,M,Easton MA US,277 Samir Harbor Hampden MA 01036 US
cf4a9c48-3ab4-48ee-ac97-f773eec2beeb,1990-04-14,,999-20-9172,S99995328,X41787003X,Mr.,Maud865,Kessler674,,,S,asian,chinese,M,Somerville MA US,7176 Kozey Alley Greenfield MA 01302 US
19d23d72-5cee-4e7e-ab5a-b582a7f8c573,1945-12-10,,999-87-5235,S99975751,false,Mr.,Chanelle833,Block261,,,M,white,irish,M,Dartmouth MA US,65877 Kutch Lakes Suite 747 Agawam MA 01001 US
aa72c07e-51fb-4cf9-82ad-2c30094f7e91,2002-11-01,,999-59-9152,,,,Orin307,Anderson350,,,,hispanic,puerto_rican,F,Salem MA US,526 O'Keefe Prairie East Longmeadow MA 01116 US
23afb21a-a2fe-4831-8433-0891c897b1bb,1968-05-15,,999-61-5840,S99984687,X89651179X,Mr.,Jack277,Buckridge255,,,M,white,irish,M,Ashburnham MA US,63113 Jason Via Holyoke MA 01040 US
71a9e04e-c817-4b1a-8895-878c144c4ed0,2001-01-31,,999-20-3760,S99988872,,,Julia433,Erdman844,,,,white,italian,M,Reading MA US,28821 Lilliana Ville Suite 205 East Longmeadow MA 01028 US
7f1fd4eb-59e5-41e6-a244-a1eb95240714,2014-08-21,,999-28-6121,,,,Margaret445,Okuneva503,,,,white,american,F,Boston MA US,169 Neha Harbors Suite 239 Holyoke MA 01040 US
cb5c7e5e-5502-4209-9774-53198c767bdb,1970-10-19,,999-17-8845,S99949829,false,Mr.,Gaston853,Auer76,,,M,white,french,M,Halifax MA US,14228 Nikolaus Rest Apt. 392 Chicopee MA 01014 US
596db410-e598-4575-910d-be39a3ad7044,1967-05-28,,999-63-4533,S99961159,X48891814X,Mr.,Issac928,Waters709,,,S,white,polish,M,Holbrook MA US,70811 Arvilla Well Suite 341 Chicopee MA 01022 US
2b21d50c-8830-431e-ba09-b507e2c78184,2000-10-23,,999-83-7015,S99934784,,,Chadd357,Turner411,,,,white,irish,M,North Attleborough MA US,3117 Lysanne Glens Agawam MA 01001 US
92ef0352-4e6c-4fc7-b0c6-f03561480464,1986-08-28,,999-50-6046,S99979980,X98802737X,Mr.,Gillian28,Morissette909,,,M,white,english,M,Boston MA US,330 Prosacco Lodge Longmeadow MA 01116 US
9eac9c60-c35f-4181-94af-7d66b972a7a6,2000-10-02,,999-31-2486,S99970309,,,Nichole39,Shields195,,,,white,english,M,Westfield MA US,758 Ima Keys Ludlow MA 01056 US
a8d7280e-9709-4600-abf7-aad4394efabd,1959-10-14,,999-40-3863,S99950670,X67819704X,Mrs.,Maximilian744,VonRueden892,,Bernier680,M,white,english,F,Harwich MA US,85873 Veda Greens Chicopee MA 01013 US
98ce1738-e53e-4ac9-a7ec-7d66180df59c,2008-03-04,,999-51-8441,,,,Delaney454,Gleichner481,,,,white,portuguese,F,Malden MA US,19989 Watsica Mountains Ludlow MA 01056 US
2bc38455-b682-4361-a4e0-b0ec8c53dac4,1987-06-06,,999-66-7013,S99969738,false,Mrs.,Elliot965,Cole983,,Hane728,M,hispanic,central_american,F,East Longmeadow MA US,2365 Bartoletti Manor Apt. 615 Ludlow MA 01056 US
b91e8e63-a61d-44f2-a36e-cc717ef45854,2015-01-03,,999-92-5303,,,,Flo503,Kling953,,,,white,polish,F,Brockton MA US,5521 McLaughlin Loaf Suite 291 Chicopee MA 01022 US
ffd1db4b-fea5-443a-91d8-5b5a7f368c91,1931-04-22,,999-77-7198,S99934262,false,Mr.,Julie383,Orn984,,,M,hispanic,puerto_rican,M,Northampton MA US,438 Franecki Forks Chicopee MA 01014 US
b3300e86-e8ae-4e17-8675-4cbb7ccb1a68,2008-09-30,,999-15-9569,,,,Hassan268,Monahan893,,,,white,english,M,Fall River MA US,9566 Murphy Road Agawam MA 01001 US
cd243dc6-e75f-465d-aebf-5335684703cd,1987-10-14,,999-55-9210,S99979618,X58114397X,Mrs.,Harvey961,Parker58,,MacGyver61,M,hispanic,puerto_rican,F,Medfield MA US,3569 Luz Falls Holyoke MA 01040 US
4d98406d-7174-47a1-860d-fdebeba5ae1b,1984-09-27,,999-74-3546,S99986456,X48261043X,Mr.,Kaden851,Walsh695,,,M,hispanic,mexican,M,Milton MA US,35598 Boehm Center Palmer MA 01069 US
8abb3613-1d58-41c3-9ec0-2efd26c8b7e7,1978-12-26,,999-73-8535,S99976710,X47194187X,Mrs.,Lizzie830,Marquardt624,,Predovic168,M,white,irish,F,Taunton MA US,9441 Allene Via Palmer MA 01069 US
d83f446d-6cd9-4a9a-82e5-c8883a59899b,1966-04-26,,999-83-6409,S99915216,false,Mr.,Monserrat203,Kassulke631,,,M,white,italian,M,Shrewsbury MA US,175 Hickle Curve Chicopee MA 01014 US
acf42900-cb7b-489c-8973-6af8a9f663dd,1990-04-09,,999-99-2736,S99970542,X33918528X,Mrs.,Jaime55,Bahringer198,,Runolfsdottir352,M,white,irish,F,Yarmouth MA US,903 Kihn Canyon Chicopee MA 01021 US
1b1587e4-4795-4efb-a6b3-3733503d8968,2013-01-31,,999-55-9622,,,,Katarina437,Swaniawski131,,,,white,german,F,Chelmsford MA US,673 Mills Orchard Suite 773 Westfield MA 01085 US
324a8d16-2077-4033-92cf-edf6d597a29b,1965-05-04,,999-62-2361,S99955876,false,Ms.,Deontae37,Bergnaum210,,,S,white,portuguese,F,Quincy MA US,133 Lulu Walks Apt. 331 Southwick MA 01077 US
ed1e8406-1ab5-4ed5-a51d-b5843f0d3834,1997-06-20,,999-38-6297,S99961762,,Ms.,Cara644,Kautzer530,,,,white,english,F,Milton MA US,39760 Gulgowski Mission Chicopee MA 01021 US
cbd9e31b-f7c7-49da-925a-85993e04cade,2008-01-12,,999-11-2662,,,,Marlon598,Prohaska228,,,,white,french_canadian,M,Lawrence MA US,41532 Devonte Pine Suite 584 Chicopee MA 01014 US
73a90592-0431-4305-b47b-b4d37cb073d8,1993-12-16,,999-35-8877,S99934266,X14648872X,Mr.,Camila723,Moen568,,,,white,irish,M,Westford MA US,12150 Senger Ville Holyoke MA 01041 US
39f2a257-7b8b-42e9-86fe-0c21b0328579,1968-03-04,,999-48-6222,S99989562,false,Mrs.,Odessa62,Kozey657,,Cummerata780,M,white,german,F,Barnstable Town MA US,999 Kohler Mountains Holyoke MA 01041 US
8dda731a-2961-479e-9b6d-63c46191f4a3,2000-01-07,,999-53-3767,S99959812,,,Audreanne496,Goodwin263,,,,hispanic,puerto_rican,M,Lynn MA US,4195 Miller Creek Holyoke MA 01040 US
0b65c30b-03bc-49ab-a3b7-77775590a67e,2010-11-13,,999-98-5861,,,,Polly943,Tillman389,,,,white,french,M,Waltham MA US,50003 Ward Pine Suite 967 Springfield MA 01107 US
cd0d7b21-c499-45a3-b7e1-a94ee5efd010,1996-04-07,,999-68-2925,S99989903,X17880030X,Ms.,Roslyn694,Roberts86,,,,hispanic,puerto_rican,F,Winchester MA US,7481 Kimberly Cliff Suite 342 Wilbraham MA 01095 US
bd920b01-222f-44ce-9286-e82892f2568d,1997-11-07,,999-50-2934,S99978422,,Ms.,Graciela509,Davis20,,,,white,french,F,Fall River MA US,938 Bertrand Radial West Springfield MA 01089 US
074ec722-9489-4779-a47c-f91a5cd28f76,1991-04-21,,999-10-1670,S99991828,X51721865X,Mr.,Petra566,Ebert604,,,,white,english,M,Chicopee MA US,4091 Mayer Pike Springfield MA 01139 US
edd97e99-9dd0-4c8e-a09d-fcc4e09ebb8a,1996-05-27,,999-61-4993,S99950963,false,Mr.,Donato266,Treutel576,,,,white,german,M,Boston MA US,890 Georgiana View Holyoke MA 01041 US
46845cfe-60f8-46e5-b532-4f5242033a56,2007-10-06,,999-37-7228,,,,Gudrun942,Carroll658,,,,white,english,F,Grafton MA US,424 Jannie Station Suite 334 Chicopee MA 01020 US
5de3934d-d4c4-4888-9b94-793980449e9f,1999-08-26,,999-49-8808,S99952037,,,Mason888,Hermann847,,,,white,italian,F,Melrose MA US,75978 Pollich Walk Wilbraham MA 01095 US
61d5df23-e104-4ee4-99b2-d819a7969f8a,1955-04-02,,999-81-4235,S99931645,X40817565X,Mrs.,Sid772,Trantow958,,Abernathy746,M,white,italian,F,Boston MA US,77167 Kuphal Springs Apt. 621 West Springfield MA 01090 US
213cb6dd-47db-4059-8129-9ec809bd6d6e,1971-11-27,,999-78-5539,S99997046,false,Mrs.,Daron142,Greenfelder59,,Schmitt349,M,white,portuguese,F,Saugus MA US,63463 Araceli Walks Apt. 328 Springfield MA 01106 US
51a1325e-5257-45c5-85a6-9f214c1a48d2,2004-07-28,,999-55-5743,,,,Adele964,Leffler929,,,,white,english,M,Rockland MA US,261 Cora Park Suite 123 Westfield MA 01086 US
93934aa8-abbf-4e50-a243-5dbce4817194,2016-02-10,,999-25-8551,,,,Edd3,Hirthe52,,,,white,irish,M,Shirley MA US,807 Kozey Spurs West Springfield MA 01089 US
402c4d6f-5795-4de5-bf90-9bba87db47b4,1991-05-10,,999-18-9182,S99975732,X27936445X,Ms.,Gina393,Schmidt882,,,,white,irish,F,Billerica MA US,336 Nicolas Springs Apt. 932 Amherst MA 01002 US
40be40a7-fd7c-4de2-a1ab-03fae4f08e2c,1984-11-27,,999-72-7360,S99932866,X49170501X,Mrs.,Grace285,Bruen922,,Swaniawski131,M,white,irish,F,Ashburnham MA US,4346 Leopoldo Wells Westfield MA 01085 US
6577322d-e7df-48db-8d68-521783b950f4,1991-03-08,,999-84-1708,S99987586,X20793920X,Mr.,Anna659,Breitenberg896,,,,white,american,M,Milford MA US,688 Cora Bridge Suite 803 Belchertown MA 01007 US
a03d00ec-d384-4eda-a073-6f5bc99fcf27,1990-09-02,,999-95-8312,S99989620,false,Mr.,Genesis681,Stamm279,,,,white,polish,M,Somerset MA US,565 Labadie Street Suite 821 Westfield MA 01086 US
b54059a8-55ad-439f-9199-0f1454b3dfba,1951-07-18,,999-19-2586,S99966392,false,Mrs.,Emelie567,Wisozk385,,Littel446,M,white,italian,F,Weston MA US,15350 Kiehn Square Apt. 472 Springfield MA 01108 US
06328203-16e0-4c18-98d6-b4aed94d6598,1997-09-09,,999-15-8841,S99979798,,Ms.,Carmelo523,Mitchell717,,,,white,french,F,Oxford MA US,50460 Sunny Turnpike Easthampton MA 01027 US
b01fc62b-16d3-4b91-917c-5ef84f31e287,1994-03-24,,999-15-7320,S99924668,X73803472X,Ms.,Laurence83,Lakin763,,,,white,irish,F,Cambridge MA US,2111 Verdie Street Apt. 863 Belchertown MA 01007 US
1bcbd29d-905c-447e-8e31-3178e1e7b2ca,1962-06-01,,999-95-8799,S99960334,false,Mrs.,Davonte67,Larson691,,Wolff140,M,white,american,F,New Bedford MA US,847 Joan Rest Easthampton MA 01027 US
8479881d-380d-4bff-9532-672b56768074,1975-11-27,1999-03-01,999-89-2962,S99965954,X70668814X,Mr.,Hester488,Ortiz21,,,,white,irish,M,Cambridge MA US,91880 Rolfson Villages Apt. 932 Easthampton MA 01027 US
cdd79159-ec97-4f3b-84c9-bd413121460a,1930-07-02,,999-85-2149,S99924388,false,Mr.,Jake975,Hills743,,,M,white,irish,M,Worcester MA US,943 Ledner Shore Amherst MA 01003 US
66e0500f-f747-4173-b4e3-66cb98ab508b,1986-06-14,,999-19-7187,S99985320,X58928597X,Mr.,Keon278,Olson743,,,M,white,irish,M,Lunenburg MA US,29287 Krystal Hollow Amherst MA 01002 US
e04e91ed-7001-495a-87f9-b18d78a30475,2011-06-05,,999-80-9509,,,,Austyn991,Jaskolski977,,,,white,french,F,Norwell MA US,64458 Weissnat Locks Apt. 730 Amherst MA 01003 US
04eb716f-1d41-41e0-88de-67c55ee1ee27,2005-07-23,,999-32-1336,,,,Edward431,Mertz249,,,,white,american,F,Boston MA US,3781 Kuhic Plains Hadley MA 01035 US
272d09be-2a7e-4841-8c2f-e19acbce3df0,1974-03-29,,999-12-4021,S99999212,X56449198X,Mr.,Leila959,Feil134,,,M,white,irish,M,Beverly MA US,253 Thiel Mall Belchertown MA 01007 US
edf7e36a-e3f4-4267-bbb2-d1bb3b66ba8e,1981-01-14,,999-81-2185,S99974920,X95252599X,Mr.,Wilson108,Maggio705,PhD,,S,white,english,M,Seekonk MA US,79805 Marlene Groves Apt. 355 Pelham MA 01002 US
957d9978-e860-4a6f-877a-3d05ba18ba91,2000-11-13,,999-81-6239,S99978633,,,Alize314,Nader776,,,,white,french,M,Framingham MA US,547 Kessler Estates Plainfield MA 01070 US
f9aa16c3-bb20-4941-99f4-04d2d7a3b0af,1996-09-16,,999-20-9006,S99963235,X76128212X,Mr.,Douglas750,Keeling487,,,,white,american,M,Boston MA US,282 Heath River Suite 217 Amherst MA 01004 US
7fb51fc3-9c73-488e-b405-3516dca0a2a6,1965-08-23,,999-45-1227,S99940851,X49424768X,Mr.,Julian716,Abshire919,,,M,black,dominican,M,Northampton MA US,541 Meghan Ridge Northampton MA 01060 US
a0cf22bc-b2f4-4c48-9973-e1b0978abf63,2002-03-23,,999-50-6309,,,,Jordan370,Sporer804,,,,white,polish,M,Shrewsbury MA US,19735 Franecki Flats Northampton MA 01062 US
735fd3d5-8971-46a4-a7f9-54514eeebec1,1998-06-16,,999-87-9496,S99999556,,Ms.,Ben955,Renner675,,,,white,portuguese,F,Lowell MA US,80524 Barton Crossing Ware MA 01082 US
1fcf3e11-a89f-43bf-b78a-2ef2f186d0a5,1992-10-10,,999-58-9784,S99961120,X15858102X,Mr.,Palma193,Gaylord311,,,,white,american,M,Groton MA US,1215 Rafael Viaduct Southampton MA 01073 US
65e58b3b-5ce7-4fe3-89b5-3e3f09b89ce8,1992-11-21,,999-34-5133,S99995768,false,Ms.,Reggie29,Tromp639,,,,white,irish,F,Charlton MA US,713 Turcotte Rapid South Hadley MA 01075 US
6e36569e-4747-4749-8ef9-1b3ec61ae1cd,1982-05-28,,999-96-8478,S99957526,false,Mrs.,Bernhard843,Muller64,,Marks493,M,white,american,F,Longmeadow MA US,87028 Sipes Views Ware MA 01082 US
4e710a47-39e9-4320-9d60-aeb5670917f2,1956-06-15,,999-74-3364,S99912030,false,Mrs.,Laila686,Braun965,,Rau904,M,hispanic,puerto_rican,F,North Attleborough MA US,791 Adonis Stravenue Williamsburg MA 01096 US
869d1974-239d-42ea-a1ed-af624082f13f,1997-06-23,,999-63-5948,S99945557,,Ms.,Savannah699,Ward255,,,,white,polish,F,Walpole MA US,69083 Lupe Park Northampton MA 01061 US
29eecbcf-6074-40c5-8e5a-934b6406eb81,1993-01-15,,999-49-3989,S99966789,false,Mr.,Madison855,Connelly0,,,,white,english,M,Malden MA US,6480 Mayer Junctions Suite 529 Northampton MA 01062 US
2ad5aad6-ffae-4643-8454-abdc0b2fd052,1960-03-25,2015-05-15,999-68-8855,S99995179,false,Mrs.,Vincent966,Parisian795,,McClure754,M,white,swedish,F,Wellesley MA US,355 Auer Circles Amherst MA 01003 US
f8d6ffbc-0af6-4385-a32a-89f03325fc61,2012-09-18,,999-29-9414,,,,Candido446,McCullough226,,,,white,polish,F,Norton MA US,30454 Elwin Square Suite 150 Williamsburg MA 01096 US
87336023-654e-43f5-8103-e3d3df8e1660,2011-03-04,,999-40-2575,,,,Theo230,Runolfsdottir352,,,,white,italian,F,Worcester MA US,947 Wiegand Causeway Suite 876 Acton MA 01718 US
f5c176d2-8607-4d54-8dc8-afc7a261414e,1986-01-12,,999-16-8249,S99951530,X43654668X,Ms.,Anabelle900,Armstrong275,,,S,white,english,F,Lakeville MA US,97310 Kuhic Route Acton MA 01719 US
1235fce9-cd6b-4bee-b5c6-20fecd65b433,2000-09-24,,999-17-5217,S99932327,,,Blanca903,Zemlak802,,,,white,irish,M,Palmer Town MA US,21503 Shanny Trace Suite 411 Arlington MA 02476 US
5a5e596a-ca73-4be1-a67c-2b0f2f6bc8fc,1998-06-18,,999-76-4525,S99939368,,Mr.,Ceasar55,Stiedemann939,,,,white,german,M,Dartmouth MA US,2170 Austin Via Suite 349 Springfield MA 01104 US
370b18eb-6c9b-44a6-ba9d-fb480db8fd5b,2014-11-23,,999-92-1983,,,,Sandra558,Kertzmann752,,,,white,irish,F,Winchester MA US,783 Triston Ridges Ashland MA 01721 US
bcd0a9f7-e86b-4126-b0ad-490e47723cf1,1997-02-12,,999-73-9135,S99974780,X18973212X,Ms.,Barney241,Price694,,,,white,italian,F,Topsfield MA US,5386 Lebsack Corner South Hadley MA 01075 US
435c9da6-675e-4964-81ea-5fffba3d9596,1966-11-28,,999-93-5545,S99992849,false,Mr.,Linnie236,Blick189,,,S,white,irish,M,Lynn MA US,389 Gage Glens Springfield MA 01105 US
0a87a25b-2e39-44d3-a6d1-0b9a43fe3e03,1988-07-07,,999-33-2713,S99991260,false,Ms.,Gianni624,Lebsack415,,,S,black,dominican,F,Watertown Town MA US,425 Dock Shore Suite 834 Arlington MA 02474 US
57a99780-9a87-44c7-a328-1e490df83734,1993-09-25,,999-76-4271,S99985239,X61914425X,Ms.,Blaise433,Von395,,,,white,english,F,Dedham MA US,11059 Marks Prairie Apt. 390 Arlington MA 02475 US
5361f6e6-7204-4d30-ad86-55648efe3a3d,1951-07-17,,999-50-3611,S99963508,false,Mr.,Noel791,Gaylord311,,,M,white,french,M,Dracut MA US,460 Audra Loaf Apt. 366 Ashland MA 01721 US
061427fd-f6be-4ec4-8d80-488635feb5c8,2006-03-18,,999-90-8474,,,,Allan744,Kling953,,,,asian,chinese,M,Dighton MA US,698 Cynthia Forks Apt. 990 Arlington MA 02475 US
b20451ab-4789-4999-ba52-0861382945cb,2010-11-14,,999-45-8806,,,,Jana363,Zemlak802,,,,white,irish,F,Randolph MA US,1210 Nannie Branch Ayer MA 01434 US
d543cee0-4e5e-4c17-93a3-e72ff8b265d0,1975-03-08,,999-74-3973,S99958702,false,Mr.,Wayne364,Berge315,,,M,white,english,M,New Bedford MA US,12784 Lueilwitz Meadows Apt. 822 Ayer MA 01432 US
9cf75131-4ce8-4a40-909e-683e978a08a3,1998-06-07,,999-37-5420,S99916284,,Mr.,Buddy651,Rutherford110,,,,white,italian,M,Pittsfield MA US,9530 Conor Plains Apt. 955 Acton MA 01720 US
1e340556-ca45-494e-9aa1-4506b1e1ddeb,1999-06-16,,999-68-6159,S99954049,,,Joanne737,Hermann847,,,,white,irish,M,Fall River MA US,8467 Chloe Via Suite 499 Acton MA 01718 US
26883973-00d0-4cb3-8329-a5dd76b4af24,1978-02-25,,999-98-4281,S99930522,X65223657X,Mrs.,Cali421,Jacobson284,,Bayer843,M,asian,chinese,F,Saugus MA US,79372 Telly Alley Acton MA 01719 US
b7e56cd8-a808-4987-a905-2d454665a14a,1950-05-02,,999-92-7852,S99975973,X79686108X,Mrs.,Geraldine688,Stroman864,,Doyle678,M,white,portuguese,F,Amherst MA US,42997 Brooklyn Viaduct Apt. 180 Arlington MA 02474 US
c4764753-325e-4aa6-b695-5c0bf74233c6,1960-11-30,2010-01-23,999-89-5524,S99989685,false,Mr.,Oswaldo329,Kub782,,,M,white,polish,M,Worcester MA US,965 Metz Lake Ashland MA 01721 US
cad4a0ec-4d3b-4d71-a6ce-01a4ba3fbf49,1942-11-21,,999-33-7700,S99949048,X41334718X,Mrs.,Emmitt646,Fadel237,,Hickle792,M,white,swedish,F,Westford MA US,5187 Theron Points Suite 307 Arlington MA 02474 US
60f956da-1837-42e1-8a8d-dc0a03a9bd52,1993-09-01,,999-33-5595,S99942952,false,Ms.,Janick652,Rohan6,,,,white,italian,F,Holbrook MA US,2099 Leffler Walk Arlington MA 02476 US
9393f1ee-27d6-4fbe-b162-839f0483d2ec,1994-12-06,,999-75-3697,S99915504,false,Mr.,Catherine810,Dooley862,,,,white,polish,M,Springfield MA US,8008 Luettgen Radial Springfield MA 01104 US
fa84cdc1-7483-4340-a89f-145da3d40266,2004-04-04,,999-29-2401,,,,Garnet168,Bartell415,,,,white,polish,M,Woburn MA US,687 Willard Turnpike Apt. 598 Ashland MA 01721 US
d3474a09-d7f4-4d6b-858f-065fcc173cbb,1993-03-17,,999-74-3474,S99937793,false,Mr.,Judge136,Wiegand160,,,,white,portuguese,M,Abington MA US,837 McKenzie Harbors Suite 343 Boxborough MA 01719 US
9c9ed2df-9912-487c-a94e-8148f8d94332,1974-06-09,,999-91-7288,S99922016,false,Mr.,Cyril34,Spinka682,,,S,hispanic,puerto_rican,M,Quincy MA US,73189 McGlynn Lights Suite 500 Springfield MA 01118 US
e170c0ad-c934-490b-9793-b45db440d76e,1927-07-28,1998-04-24,999-59-9015,S99981453,X39870673X,Mrs.,Chris785,Gerhold521,,Nolan207,M,white,irish,F,Kingston MA US,50039 Jenkins Fields Apt. 173 Billerica MA 01821 US
5bb739af-79a8-497a-bbb6-1a43fff129b5,2009-03-11,,999-37-8889,,,,Haskell944,Fay910,,,,white,italian,F,East Bridgewater MA US,372 Joe View Apt. 668 Belmont MA 02478 US
dec264e8-158c-4a50-ae94-3f7705dbbb43,1994-04-18,,999-96-2463,S99912634,false,Mr.,Susie539,Kihn476,,,,white,french,M,West Boylston MA US,84557 Bergstrom Lane Arlington MA 02476 US
7ae93291-8be0-4b97-9649-42048857b165,1941-05-16,,999-30-4725,S99955563,false,Mr.,Kimberly307,Metz823,,,S,white,irish,M,Norwell MA US,57132 Stroman Trail Apt. 389 Burlington MA 01805 US
d99c65b3-afd8-4294-af93-7e6665576842,1961-10-20,2014-09-04,999-18-7738,S99977303,false,Mrs.,Naomie469,Bergstrom813,,Herman911,M,asian,asian_indian,F,Hingham MA US,168 Celia Locks Apt. 954 Burlington MA 01805 US
be4eb43f-3c40-4714-8c27-21820a36bf59,2012-03-29,,999-60-7462,,,,Berenice640,Fay910,,,,hispanic,puerto_rican,F,Boxford MA US,3050 Collier Cliff Springfield MA 01138 US
1b1f268e-91ae-4e0f-8b74-384d6451c213,2004-12-03,,999-16-8779,,,,Elmo913,Price694,,,,white,german,F,Lynn MA US,628 Rohan Green Belmont MA 02479 US
6b95ce56-107b-4db9-bb5f-93712dcde53e,1990-05-18,,999-31-5177,S99923215,X85065849X,Mr.,Ronaldo640,Carter849,,,M,hispanic,puerto_rican,M,Boston MA US,20853 Richie Stravenue Belmont MA 02479 US
2d5c4666-3b93-400f-90d1-5915b70d639e,1973-05-04,,999-48-9467,S99968944,X43846681X,Mrs.,Merle702,Langosh323,,Rogahn469,M,white,italian,F,Woburn MA US,66808 Julien Extensions Apt. 583 Cambridge MA 02139 US
b550c661-b6d9-4109-8d1a-c3b36f3d6e34,1961-03-10,,999-40-8357,S99985569,X12399234X,Mr.,Jena192,Jacobi311,,,M,black,dominican,M,Stoughton MA US,4243 Kassulke Freeway Apt. 975 Springfield MA 01129 US
5b505456-5220-4f4d-a2fb-8102255e4330,1959-04-21,,999-56-3401,S99938134,X97686552X,Mrs.,Felipa865,Gerhold521,,Osinski65,M,white,portuguese,F,Gloucester MA US,632 Williamson Valley Billerica MA 01822 US
6b764d19-4ef6-4020-a2cc-791c32652b62,1973-10-27,,999-94-7342,S99941792,false,Mr.,Lila149,Zemlak802,,,S,white,italian,M,Dudley MA US,29464 Jalen Passage Arlington MA 02474 US
8e563036-29b7-4797-9eec-2c4d1f9c7f71,1967-11-25,,999-97-7755,S99992881,X65328979X,Mrs.,Lewis608,Stoltenberg487,,Wintheiser464,M,white,italian,F,Longmeadow MA US,347 Virginie Port Apt. 479 Cambridge MA 02139 US
3d4dc58b-ae77-416f-b8cd-bdfe6f3eca03,1989-02-04,,999-45-2569,S99944422,false,Mr.,Americo132,Ullrich303,,,M,white,irish,M,West Boylston MA US,546 Fay Motorway Apt. 294 Billerica MA 01822 US
ec5e6c73-2280-4d2f-a3bf-3458791eb472,2007-01-03,,999-97-9347,,,,Angel357,Hegmann501,,,,white,french,F,Revere MA US,22095 Gulgowski Forks Apt. 323 Belmont MA 02478 US
7fa2465b-241b-4ab0-8d38-b028d8206408,2014-09-27,,999-68-3168,,,,Clarabelle681,Gorczany993,,,,white,american,F,Beverly MA US,14983 Randi Plaza Apt. 750 Concord MA 01742 US
77d25097-1ca4-4798-b796-7a3ee7927acb,1985-07-25,,999-84-4958,S99954199,false,Mrs.,Merl313,Raynor678,,VonRueden892,M,black,west_indian,F,Worcester MA US,1228 Bernadine Shoal Suite 496 Chelmsford MA 01824 US
8d7b76fb-e912-4ab0-a71f-67b67e975f3a,1964-10-31,,999-64-9346,S99966920,false,Mr.,Darrion969,Ullrich303,,,M,white,irish,M,Ludlow MA US,6551 Boehm Drive Apt. 649 Chelmsford MA 01824 US
e3bfc9d9-62ca-43ad-9f83-964d21b7467c,2002-11-21,,999-39-6525,,,,Araceli782,Monahan893,,,,white,irish,F,Brockton MA US,2704 Schoen Underpass Billerica MA 01821 US
24b63610-37ac-432f-9c49-211f718bd4da,1969-11-14,,999-35-1222,S99975489,X80176876X,Mrs.,Edna490,Swift777,,Christiansen946,M,white,french,F,Winchester MA US,92845 Ines Neck Concord MA 01742 US
98f28b90-1e54-4b00-b6d5-d62c13eb5758,1951-04-28,,999-99-3869,S99948665,false,Mr.,Danyka849,Keeling487,,,S,hispanic,puerto_rican,M,Ayer MA US,94200 Rosamond Track Suite 839 Billerica MA 01821 US
97c5aa56-e3f1-4bfe-abfb-6e0508c952f9,2011-12-29,,999-37-7146,,,,Kristin129,Ferry608,,,,white,english,M,Attleboro MA US,491 Lakin Pike Springfield MA 01106 US
ef173d56-3716-4107-b5b6-7e05e18ad8c8,2002-02-01,,999-19-1348,,,,Wilhelm750,Russel945,,,,white,english,F,West Springfield Town MA US,638 Soledad Fall Apt. 638 Concord MA 01742 US
17363660-cda1-48cb-9aa4-dfc160c6006c,1977-05-08,,999-48-7240,S99966805,false,Mrs.,Sophia410,Metz823,,Dickinson336,M,white,swedish,F,Medford MA US,625 Rohan Throughway Apt. 793 Dracut MA 01826 US
320e6706-ed1f-446b-a14a-79daca591c6e,1997-08-24,,999-29-8334,S99951652,,Ms.,Nannie60,Blick189,,,,white,french,F,Holden MA US,18180 Hintz Estate Suite 707 Chelmsford MA 01824 US
0bc4af4b-e4aa-489c-81f5-42160765b9bb,1952-09-25,,999-94-6120,S99993897,X46206806X,Mrs.,Grayson612,Corkery325,,Jakubowski657,M,white,scottish,F,Boston MA US,62298 Al Causeway Suite 930 Billerica MA 01822 US
13b3a17c-f4fb-41e7-88fd-98e3194441e0,1958-11-10,,999-69-3632,S99934472,false,Ms.,Crystal102,Kuphal267,,,S,black,west_indian,F,Springfield MA US,6737 Ed Tunnel Concord MA 01742 US
092553b3-76f4-43d0-b730-8455c77a24ac,1962-04-22,,999-16-7926,S99936763,X26614502X,Mrs.,Christa515,Rice809,,Schulist336,M,white,irish,F,New Bedford MA US,66909 Barrows Lock Suite 383 Concord MA 01742 US
140b9e5e-4c1f-4b13-bafa-a9169ba9b648,1971-06-08,,999-90-8615,S99998047,X40032426X,Mr.,Tiffany683,Kiehn654,,,S,white,american,M,Norwood MA US,1104 Laron Mountains Apt. 656 Concord MA 01742 US
fb4d2ecf-57ac-401d-9aa3-4eeb463c8323,1927-12-08,2015-11-14,999-66-5474,S99937447,X46952047X,Mrs.,Kian544,Heathcote725,,Langosh323,M,white,irish,F,Sharon MA US,82342 Montana Island Apt. 129 Cambridge MA 02138 US
01a01027-1d75-4c62-b8f2-b10c89b33dfe,1941-05-03,,999-54-4323,S99955873,false,Ms.,Davonte67,Price694,,,S,white,italian,F,Andover MA US,926 Cortney Inlet Chelmsford MA 01824 US
3ca994fc-94ef-4605-8e69-4dfea05c7436,1992-03-06,,999-78-8864,S99972056,false,Mr.,Woodrow610,Nienow887,,,,white,italian,M,Carlisle MA US,825 Bud Way Concord MA 01742 US
b7a54bf2-258c-48ea-b65c-023cf8c2096c,1981-10-12,,999-57-4927,S99956026,X16447120X,Mr.,Benedict856,Schoen119,,,S,white,portuguese,M,Walpole MA US,5691 Reichel Cove Apt. 886 Springfield MA 01199 US
1e0e7b39-bc29-4621-a0dc-bcf7ed530762,1974-10-29,,999-63-2842,S99953727,X75986541X,Mr.,Andre718,Lakin763,,,S,white,english,M,Revere MA US,599 Herman Mall Cambridge MA 02163 US
ea16fd23-b2b1-402b-9b50-8e7d74884eae,1935-02-03,,999-56-1457,S99925413,false,Mrs.,Pearl56,Lubowitz329,,Runte265,M,hispanic,puerto_rican,F,Haverhill MA US,904 Russel Port Springfield MA 01139 US
5653c778-9613-4e5c-aa71-cf349cea316d,1971-02-22,,999-50-7553,S99976980,false,Mr.,Juliana990,Daugherty866,,,M,hispanic,puerto_rican,M,Framingham MA US,6670 Brekke Junction Suite 410 Dracut MA 01826 US
4c4238d6-d1f9-4013-b601-63146453a063,2008-06-21,,999-20-7121,,,,Webster718,Wisozk385,,,,asian,chinese,M,Boston MA US,8440 Homenick Lane Dracut MA 01826 US
8a2b76ff-a73e-498f-8758-78a8abf45922,1996-03-24,,999-27-2661,S99989121,false,Ms.,Zack202,Legros728,,,,white,english,F,Boston MA US,5528 Kohler Crossroad Springfield MA 01152 US
b13aa432-1bea-4bd6-9cbb-e4f85361a993,1976-05-07,,999-71-4926,S99915106,false,Mr.,Glennie166,Prosacco439,,,M,white,english,M,Marshfield MA US,30175 Marielle Ford Framingham MA 01702 US
34817f1c-597b-4a5e-b199-c5b4b650454a,1954-01-01,,999-80-8637,S99930315,false,Mr.,Maryam198,Jast766,,,M,white,italian,M,Lexington MA US,965 Douglas Views Framingham MA 01701 US
5afc21a4-32d3-4f96-b351-43025544ca62,2011-12-29,,999-74-8891,,,,Trinity56,Smitham705,,,,white,irish,F,Wakefield MA US,940 Gay Mountains Suite 705 Springfield MA 01104 US
df2a0e74-8508-48b1-910d-6da51500a597,1979-11-24,,999-10-4285,S99928999,X80424141X,Mr.,Meda338,Sauer496,,,M,white,irish,M,Greenfield Town MA US,36968 Marvin Light Cambridge MA 02141 US
758cb00e-a7b3-4f74-b899-eabc46ab969c,1965-08-13,,999-26-3217,S99947001,X50100572X,Ms.,Elisa218,Schmidt882,,,S,asian,chinese,F,Great Barrington MA US,5086 Borer Villages Cambridge MA 02142 US
a0d29315-5b8a-4ba3-938a-f9be462a04dc,1998-09-23,,999-19-2040,S99961649,,Ms.,Tomas139,Kohler54,,,,white,english,F,Natick MA US,78437 Eriberto Garden Apt. 763 Groton MA 01471 US
b37cc83e-3df4-4d68-9ba2-bf65719418d5,1996-05-20,,999-19-3693,S99923977,X52107884X,Ms.,Ava387,Towne582,,,,white,italian,F,Springfield MA US,5908 Dooley Junctions Springfield MA 01144 US
a95ba21b-9cb3-4800-834f-a5c0285b74b5,1967-05-08,,999-37-7655,S99916511,false,Mrs.,Alexandrea979,Effertz802,,Morar586,M,hispanic,puerto_rican,F,Framingham MA US,390 Mills Squares Suite 220 Springfield MA 01106 US
8ab6769a-0edf-4154-b6c2-1a5246a69420,2012-09-04,,999-44-5487,,,,Mittie577,Hamill808,,,,hispanic,puerto_rican,F,Newton MA US,348 Heller Hollow Apt. 311 Groton MA 01450 US
3fff5d86-5d8e-4e09-8635-4295fab21714,1964-10-03,2006-01-28,999-19-7455,S99963018,X16144111X,Mrs.,Kendall253,Hermann847,,Bergstrom813,M,white,irish,F,Brockton MA US,574 Baumbach Coves Apt. 305 Framingham MA 01703 US
259ebd2c-f8e2-479e-aaae-f110ffb8199c,2001-11-27,,999-62-5710,,,,Alia580,Windler822,,,,white,italian,F,Bellingham MA US,905 DuBuque Key Springfield MA 01151 US
6ca18283-4531-4c14-9d3e-8e87755eed82,1987-10-25,,999-49-9359,S99944589,X46181441X,Mrs.,Caroline624,Quigley689,,Schinner228,M,asian,chinese,F,Gardner MA US,91884 Kovacek Station Groton MA 01471 US
9abf53a6-7012-4632-b74d-b72d7b6ae0a5,2016-02-17,,999-98-3680,,,,Dulce503,Schaefer735,,,,white,american,F,Dennis MA US,647 Lauren Heights Suite 554 Holliston MA 01746 US
efc05922-1323-489f-ac96-852923bcddcc,2002-06-27,,999-56-5818,,,,Cleta732,Schuster993,,,,white,english,F,Georgetown MA US,575 Kassulke Fort Holliston MA 01746 US
360e951f-7827-402a-9e77-e852bd3947d9,1978-10-18,,999-65-3406,S99998658,X79873811X,Mr.,Daisy974,Muller64,,,M,asian,asian_indian,M,Boston MA US,8491 Sawayn Cliffs Holliston MA 01746 US
a16ed7c2-497e-49c9-953d-3cd996e4ddaa,2011-01-05,,999-54-7808,,,,Hermann847,Hand296,,,,hispanic,central_american,M,Marlborough MA US,9067 Keebler Drive Hopkinton MA 01748 US
a4f50b27-f9de-457f-a6f3-cc0f5096d696,1983-03-31,,999-56-7732,S99983828,X25602506X,Mr.,Marlen232,Krajcik227,,,M,white,swedish,M,Taunton MA US,327 Satterfield Glen Hopkinton MA 01748 US
57e24aa4-eb94-4c6d-b9db-9e10ba973de4,1942-02-08,1984-02-12,999-67-7561,S99946149,false,Mr.,Roel757,Morissette909,,,M,asian,asian_indian,M,Lynn MA US,7033 Stehr Mountains Apt. 810 Everett MA 02149 US
d1277083-c2ca-4417-bf40-ddb9aa31d03e,1962-08-15,,999-32-4317,S99956034,false,Mrs.,Presley69,McCullough226,,Jaskolski977,M,white,italian,F,Quincy MA US,93815 Marcus Mall Framingham MA 01704 US
f24fc7ba-b287-4ee0-a839-1a28392282af,1948-01-12,,999-17-7484,S99946847,false,Mr.,Eloy354,Bartell415,,,M,black,african,M,Milton MA US,873 Hudson Squares Cambridge MA 02142 US
9936ee7e-4a85-4d30-8851-137ea14f06c4,2005-10-19,,999-26-7194,,,,Shayna70,Becker694,,,,white,irish,F,Cambridge MA US,28508 Kris Glens Suite 371 Hopkinton MA 01748 US
ac9f1a87-61b2-4a6b-a0ee-1076f4f58d52,1993-01-04,,999-36-9220,S99955466,false,Mr.,Ernestina754,Abbott509,,,,white,french,M,Cambridge MA US,8887 Howell Track Everett MA 02149 US
1d6fc3c5-5e0b-42e2-a61f-b3bb10741f65,2010-03-03,,999-18-2588,,,,Brice477,Dietrich207,,,,white,french_canadian,F,Longmeadow MA US,354 Alyson Village Suite 500 Cambridge MA 02138 US
ccfabbc6-08be-4bb0-9a0e-87b8b3fa492c,1945-08-23,2006-11-09,999-25-7515,S99981702,false,Mr.,Elinor514,Goyette587,,,M,white,irish,M,Chesterfield MA US,9567 Mante Knolls Apt. 552 Hopkinton MA 01748 US
ca988ff9-e1cc-4057-9ba7-2feb93d6e1ab,2006-11-19,,999-48-1428,,,,Aniyah784,DuBuque399,,,,white,english,F,Fitchburg MA US,90445 Hand Plains Apt. 777 Springfield MA 01128 US
03aaa955-919d-4bc5-8608-1178af51970e,1999-02-27,,999-94-9569,S99986781,,Ms.,Dessie231,Trantow958,,,,white,irish,F,West Springfield Town MA US,71341 O'Hara Squares Suite 331 Hopkinton MA 01748 US
42777f2a-565b-4ef1-b193-78811007652a,2013-09-16,,999-26-9023,,,,Rozella949,Deckow187,,,,asian,chinese,M,Upton MA US,301 Montana Courts Hudson MA 01749 US
67228bbf-8fcd-4388-afd8-a7a751fe27f1,1959-08-12,,999-38-2207,S99959912,X84154965X,Mr.,Hildegard157,Hirthe52,,,S,white,italian,M,Barnstable Town MA US,3593 Antonietta Shoals Hudson MA 01749 US
9fb4cfca-9c13-4ded-96d1-2c170b15f027,2011-01-25,,999-13-1270,,,,Kieran786,Kulas605,,,,white,irish,F,Cambridge MA US,408 Kari Row Lexington MA 02421 US
c87642c3-ac1b-4daf-b47b-ebae0618b4e4,2016-03-20,,999-33-7583,,,,Jay831,Kohler54,,,,white,american,F,Newton MA US,514 Gutmann Route Suite 921 Lexington MA 02420 US
d069a44b-37c0-46ba-94be-07627e723463,2012-03-08,,999-57-6945,,,,Jillian729,Kovacek705,,,,white,french,M,Everett MA US,66199 Freda Points Lincoln MA 01773 US
14ee3186-d432-4e65-87e7-39838fc97208,1992-07-09,,999-26-8594,S99945865,X91672950X,Ms.,Nadia158,Bradtke68,,,,white,english,F,Worcester MA US,772 Raphaelle Hills Suite 719 Lexington MA 02420 US
fdab7c78-4dcc-4adc-a3a3-e537a2dd7659,1956-02-19,2015-02-17,999-70-6301,S99968595,X34968785X,Mr.,Ashtyn844,Feest50,,,M,white,italian,M,Andover MA US,69825 Prudence Corner Suite 546 Lowell MA 01851 US
4aaf68e0-3f63-46ad-9011-7dd286739972,1965-11-05,,999-81-4578,S99991912,false,Mr.,Valentin406,Johns198,,,M,white,french_canadian,M,Upton MA US,337 Witting Brook Suite 463 Everett MA 02149 US
d4e46e9b-fdba-4cf0-821d-c7a2a4a30f64,1989-06-30,,999-21-6724,S99943297,false,Mr.,Camylle513,Osinski65,,,M,asian,chinese,M,Boston MA US,6532 Linnea Hills Suite 822 Lowell MA 01851 US
93b22402-adac-4747-befc-3af81563e865,2001-08-17,,999-92-1205,,,,Andreanne186,Brekke994,,,,white,swedish,M,Attleboro MA US,9140 Mohamed Fields Lowell MA 01851 US
a1402bfc-0518-4894-bc16-0ea8a16a26a9,1978-10-20,,999-51-3688,S99912644,X48626425X,Mr.,Sophia410,Kulas605,,,M,white,irish,M,Worcester MA US,7036 Brakus Well Littleton MA 01460 US
f41f6c47-18d4-449e-bfbe-18de90ac077b,1997-09-19,,999-38-8510,S99979519,,Mr.,Shanelle205,Schuster993,,,,asian,chinese,M,Newburyport MA US,7028 Altenwerth Oval Apt. 877 Framingham MA 01704 US
3f2223d1-a8f5-4b2c-b886-306e6dfdb615,1956-08-15,,999-85-4390,S99993704,X25594914X,Mrs.,Elian239,Treutel576,,Russel945,M,hispanic,central_american,F,Fitchburg MA US,457 Arvid Pass Framingham MA 01702 US
86e4af48-bd69-4bf3-88bf-a3ef19aedbfc,1949-03-07,,999-33-4838,S99999841,X85236056X,Mrs.,Florencio93,Mosciski495,,Leuschke227,M,white,russian,F,Waltham MA US,7731 Lynch Square Lowell MA 01851 US
86783715-fff0-421e-9b03-c3def422503f,1992-06-15,,999-78-2560,S99954614,false,Mr.,Myron382,Johnston958,,,,white,italian,M,Lowell MA US,6113 Velva Burgs Apt. 302 Lexington MA 02420 US
b26878c8-f7e5-421e-bfbf-970c957969fe,1985-08-10,,999-77-2261,S99944605,X32396664X,Mrs.,Damien864,Kutch479,,Kunde709,M,hispanic,central_american,F,Brockton MA US,982 Jordy Path Apt. 789 Malden MA 02148 US
13a53875-9dc1-4d29-8fa1-007a1758ff1c,1981-03-18,,999-25-8049,S99935723,X61864856X,Mr.,Alford226,Rath957,,,S,white,german,M,Hudson MA US,5203 Borer Orchard Lexington MA 02421 US
2e21bd03-b87c-49d7-b610-f09d36664a5d,1973-11-07,,999-38-7556,S99985781,X21039252X,Mr.,Frankie811,Bailey579,,,M,white,polish,M,Taunton MA US,19183 Stokes Fields Suite 474 Lowell MA 01854 US
94ed1aa7-3426-4218-b241-bb9e80fe17ae,1942-05-12,1960-03-08,999-89-8657,S99976694,,,Madonna372,Rippin447,,,,asian,chinese,F,Harwich MA US,5941 Berge Park Apt. 723 Marlborough MA 01752 US
99c9551d-c78b-4878-9412-1bea8f5b0dff,1969-10-30,1980-01-03,999-90-9395,,,,Ardith143,Davis20,,,,white,german,M,Duxbury MA US,133 Krystel Spur Suite 854 Cambridge MA 02141 US
5bb4f920-670b-4e4b-b00a-c017a1dc83cb,1982-03-12,,999-22-9264,S99985577,X10654256X,Mr.,Roslyn694,Bogisich844,,,M,white,russian,M,Beverly MA US,316 Madge Spur Malden MA 02148 US
594d88d7-0726-4fbf-ac14-852b5c26cb6c,1950-10-23,,999-75-2446,S99960024,false,Mrs.,Miles583,Schultz324,,Denesik641,M,white,german,F,Holliston MA US,3189 Purdy Ridge Marlborough MA 01752 US
2995462e-7157-48bf-86c9-673b213b1165,1963-12-05,,999-78-6826,S99918038,X72600793X,Mr.,Frederick729,Boehm152,,,M,white,italian,M,New Bedford MA US,61564 Justen Valley Suite 718 Lexington MA 02420 US
e3937a34-e149-455c-8f22-0bb57de354b7,1999-01-09,,999-80-6525,S99963304,,Mr.,Sheldon11,Davis20,,,,white,irish,M,Westfield MA US,93896 Jazmyne Fort Malden MA 02148 US
7c5b7bf3-32a1-4b7e-86c3-89bb3f5e6275,2003-11-12,,999-55-1169,,,,Wiley324,Lynch576,,,,black,dominican,M,Freetown MA US,9011 Hyatt Heights Maynard MA 01754 US
0db373d3-5028-46fb-88a1-59c4a3ab3281,1982-11-08,,999-60-7719,S99919153,X88236099X,Mrs.,Zora817,Kulas605,,Kunde709,M,asian,chinese,F,North Andover MA US,13157 Greenholt Hollow Lexington MA 02421 US
97fe0fbc-6ce5-46aa-b759-bc7e57872536,1972-02-22,,999-56-5368,S99942470,X98981511X,Mr.,Ottilie922,Smith847,,,M,white,portuguese,M,Pittsfield MA US,8050 Mante Cliff Suite 393 Lowell MA 01853 US
9f92aac7-3b12-450d-9893-79d7276e0b5d,1980-11-24,,999-16-2417,S99965468,false,Mrs.,Rosalia314,Rosenbaum848,,Casper135,M,white,portuguese,F,Ipswich MA US,55567 Becker Mission Apt. 247 Lowell MA 01852 US
a3a088f3-9fb3-41bd-b88e-1d9aedf3d1a1,1999-11-29,,999-35-3345,S99951639,,,Darrick958,Ruecker265,,,,white,irish,F,Quincy MA US,955 Rosario Trail Malden MA 02148 US
b5d87604-02e6-4ef9-99b9-33135783a9e3,2008-12-12,,999-16-2773,,,,Kaela293,Gaylord311,,,,white,irish,M,Southborough MA US,4194 Demario Club Suite 301 Lowell MA 01854 US
2cdd8106-ed1e-4607-9eb1-259fe85161c6,1989-03-14,,999-45-2716,S99995738,X85065204X,Mr.,Kailey681,Gleason37,,,M,white,french,M,Chelmsford MA US,742 Schultz Tunnel Marlborough MA 01752 US
9d2d0e50-1caf-4549-a32d-e940eaa53cfb,2012-12-06,,999-80-7942,,,,Summer598,McKenzie863,,,,white,scottish,F,Barnstable Town MA US,495 Brielle Springs Suite 929 Malden MA 02148 US
89ed6279-54b5-4abc-b9db-1f09f2a4f592,1970-01-31,,999-32-9854,S99964709,X26269400X,Mrs.,Thomas840,Murray364,JD,Boyle761,M,white,german,F,Norton MA US,3674 Wilhelmine Island Suite 411 Marlborough MA 01752 US
f0272c2d-d617-4240-bcc9-af7609d28e18,1928-11-15,2011-03-31,999-20-6777,S99972028,X18850277X,Mrs.,Shane927,Schneider787,,Kessler674,M,white,italian,F,Walpole MA US,4534 Heller Track Marlborough MA 01752 US
498dc179-059d-4459-be28-79771ed774da,1976-04-01,,999-73-1712,S99992617,false,Mr.,Maximillian374,Hartmann887,,,M,white,french,M,Orleans MA US,5115 Christiansen Estates Apt. 369 Cambridge MA 02163 US
36672da9-a3d0-450f-b8ba-457547986f13,2010-08-11,,999-60-3671,,,,Jermaine956,Senger856,,,,white,irish,M,Newburyport MA US,363 Fadel Rue Suite 231 Melrose MA 02176 US
24a98514-f727-432b-b54f-03a1a9fb0ea5,2012-08-16,,999-48-6320,,,,Waylon747,Kirlin77,,,,white,irish,F,Melrose MA US,243 Dibbert Grove Suite 498 Melrose MA 02176 US
04f6934e-2b33-44ee-968e-3e8e873f1c9f,1996-02-03,,999-52-1604,S99967334,X92942263X,Ms.,Peggie599,Rohan6,,,,white,american,F,Boston MA US,68913 Laron Underpass Suite 114 Cambridge MA 02140 US
445f8343-628e-4bea-b812-5ab17f87ea95,1983-10-23,,999-24-9059,S99986701,X61104041X,Mr.,Kaelyn563,Abshire919,,,S,black,african,M,Billerica MA US,282 Arielle Skyway Medford MA 02155 US
545857f4-ab31-4169-a253-8f4b97b6acf0,1957-12-18,2014-10-27,999-20-6838,S99945181,false,Mr.,Violette815,Strosin15,,,M,white,english,M,Somerville MA US,18379 Beer Shores Apt. 688 Medford MA 02156 US
1942f924-d657-4970-a948-3d0c30b0d522,2003-10-08,,999-30-5760,,,,Giovanni978,Bailey579,,,,white,american,M,Holbrook MA US,83865 Pfeffer Grove Suite 577 Marlborough MA 01752 US
33663837-0e1e-4cb5-a2df-d2af09b6f9b0,2014-08-16,,999-87-8839,,,,Arjun525,Nikolaus121,,,,white,irish,M,Pittsfield MA US,22813 Pagac Unions Marlborough MA 01752 US
861aee83-c93a-44f9-808b-a57ec0a06171,1973-11-04,,999-13-8631,S99948749,false,Mr.,Alize314,Barton351,,,M,asian,asian_indian,M,Shrewsbury MA US,4651 West Streets Lowell MA 01852 US
edee4e6c-c273-4fc5-a92d-a314581a70e7,1987-05-17,,999-84-4313,S99993574,X75849441X,Mrs.,Curtis635,Wolff140,,Kiehn654,M,white,scottish,F,Wilmington MA US,29357 Jacinto Garden Apt. 966 Cambridge MA 02141 US
9afa8e7d-21d4-4738-9533-12b094299b59,1992-03-30,,999-28-6645,S99962314,false,Mr.,Danial935,Ritchie555,,,,white,polish,M,Worcester MA US,86964 Erwin Ridges Natick MA 01760 US
8a2e0af0-fc4e-4245-8547-c7cd63261648,1976-06-15,,999-64-4292,S99992345,X86964058X,Mr.,Max789,Ortiz21,,,M,white,russian,M,Arlington MA US,5101 Tromp Skyway Apt. 953 Medford MA 02155 US
0d3a042c-2514-486a-ace0-ba36e09a250a,1964-01-05,,999-81-2148,S99981679,false,Mr.,Marlin595,Hackett678,,,M,black,african,M,Lynn MA US,1519 Chet Ville Malden MA 02148 US
9af0f1a3-c5cb-460c-8906-64000df4d47a,1977-09-05,,999-44-4452,S99956344,X45768775X,Ms.,Sheridan824,Klocko349,,,S,white,german,F,Weymouth Town MA US,8713 Delphine Well Apt. 512 Melrose MA 02176 US
3b9530f4-8111-44f4-a0f8-2aa4964a09a4,2001-04-06,,999-57-1789,S99912869,,,Demario223,Rogahn469,,,,asian,asian_indian,F,Amesbury Town MA US,71148 Lesch Terrace Melrose MA 02176 US
9a91561c-0640-4df2-bf8d-3674f4f2693d,1970-12-25,,999-83-9625,S99958887,false,Mr.,Jalyn913,Raynor678,,,M,white,english,M,New Bedford MA US,31029 Anderson Center Suite 237 Melrose MA 02176 US
a661cfcb-13b3-40ef-aeac-7796f1af8702,1984-01-31,,999-63-4365,S99965850,false,Mr.,Jaylin414,Gulgowski15,,,M,white,swedish,M,Acton MA US,902 Lilian Island Apt. 718 Natick MA 01760 US
daa63aa7-aae8-4f9e-98c2-c20d9c640c37,2013-12-22,,999-13-6947,,,,Caleigh483,Walter251,,,,white,italian,F,Brookline MA US,466 Pagac Track Medford MA 02153 US
5b58d8f5-d380-45dc-a82e-e5a4e3c6bc63,1998-08-16,,999-77-2474,S99994155,,Mr.,Albina686,Schaden136,,,,black,dominican,M,Braintree Town MA US,8488 McGlynn Parks Lowell MA 01851 US
bd8f6911-ec6d-4ec5-98e3-3b1cf7f42326,1983-04-17,,999-79-9339,S99943266,false,Mr.,Keith959,Schaefer735,,,S,white,american,M,Haverhill MA US,76845 Ritchie Bridge Malden MA 02148 US
21f7f5b5-2bb8-4b67-b04a-0c5306a81eae,1951-07-14,,999-38-3087,S99975235,X96699824X,Mrs.,Lucio342,Jones74,,Balistreri143,M,white,american,F,Fall River MA US,6024 Arnold Ramp Suite 195 Natick MA 01760 US
d946b061-85bb-460f-9d35-fea9ed99163e,1982-06-10,,999-12-6857,S99994623,false,Ms.,Cassandre181,Gerlach95,,,S,white,french,F,Acushnet MA US,8796 Dickens Isle Suite 975 Malden MA 02148 US
af6cc4e3-7c50-4a6f-b824-a44b2c84cc87,1942-11-16,2005-01-24,999-83-5244,S99986169,false,Mr.,Josiane78,DuBuque399,,,S,white,italian,M,New Bedford MA US,102 Marlene Port Natick MA 01760 US
117ee0e2-db13-43c3-be1e-824754323647,1938-04-17,2012-02-12,999-12-3921,S99963719,false,Mr.,Mina922,Kautzer530,,,M,white,scottish,M,Leominster MA US,666 Judge Grove Lowell MA 01853 US
70c2d40e-2277-4c30-9a6c-12d80336c709,1955-01-18,,999-69-4844,S99977377,false,Mr.,Waldo200,Deckow187,,,M,white,irish,M,Douglas MA US,6202 Walker Passage Marlborough MA 01752 US
da25451d-7342-41ad-a66f-b0a0d99b23d5,2010-12-26,,999-66-3800,,,,Orion299,O'Keefe574,,,,white,english,F,Pittsfield MA US,4685 Casper Well Natick MA 01760 US
c205240a-fba9-4593-a1ee-9b715083177a,2015-06-13,,999-60-8071,,,,Antonina21,Waters709,,,,white,irish,M,Littleton MA US,107 Labadie Harbor Apt. 123 Malden MA 02148 US
bd5d9c43-b166-4cbd-9061-81c7f568831f,1951-12-25,,999-53-8176,S99981291,X89176826X,Mr.,Olin822,Medhurst372,,,M,white,english,M,Acushnet MA US,3755 Collier Junctions Apt. 798 Natick MA 01760 US
e7e5f3a2-43a7-4659-9345-636c4358e19a,2014-01-13,,999-27-8755,,,,Benedict856,Nolan207,,,,white,italian,M,Sudbury MA US,669 Orland Flat Suite 970 Lowell MA 01852 US
d3027395-d05e-4686-ab0d-1757df48f3e8,1999-02-12,,999-49-8566,S99933082,,Ms.,Brady251,Gutmann811,,,,asian,asian_indian,F,Springfield MA US,923 Dortha Heights Melrose MA 02176 US
324f6c6b-d689-42b6-9ccc-30d9470b7e08,1966-06-22,,999-77-2387,S99921346,false,Mrs.,Art107,Hayes297,,Connelly0,M,white,french,F,Rockland MA US,7585 Keara Union Suite 912 Lowell MA 01850 US
fdb1e025-2557-4c02-bb6e-6456ad4001e1,1949-11-11,2015-10-16,999-91-6219,S99961291,false,Mr.,Edward431,Hills743,,,M,white,italian,M,Carlisle MA US,d286d701-2161-4b69-a0f2-9557247de0c6
6adf7530-bf79-4370-b299-f0f7976da618,1976-01-12,,999-66-8650,S99949431,X59628076X,Mrs.,Jaren140,Cormier933,,Armstrong275,M,white,german,F,Lynn MA US,549 Rosenbaum Crescent Suite 710 Natick MA 01760 US
043e931c-294a-4b5c-8b0a-42ff359d2466,2005-02-25,,999-50-3418,,,,Matteo169,Corkery325,,,,white,italian,F,Boston MA US,9840 Winifred Keys Newton MA 02462 US
bc1a1b12-a216-498d-9081-603a1656a86f,2001-03-04,,999-30-9650,S99952698,,,Kurt123,Murphy757,,,,white,italian,M,Greenfield Town MA US,8163 Ebert Union Suite 787 Medford MA 02156 US
34bd01b2-7073-4897-8aa7-bd6d708c55e6,2010-11-18,,999-17-2348,,,,Teresa214,Moore898,,,,white,irish,F,West Bridgewater MA US,53142 Kaia Park Apt. 118 Malden MA 02148 US
6619ecdd-004b-41ce-9bea-465971b073e8,1953-06-10,2012-06-13,999-51-6732,S99954404,X37420718X,Mrs.,Elisa218,Boyle761,,Kerluke829,M,white,italian,F,Chelsea MA US,998 Sandy Key North Reading MA 01864 US
062d3aed-6d3a-4d82-a40c-bdf919958a54,1943-03-11,2015-12-24,999-15-3098,S99958221,false,Mrs.,Linnea316,Blick189,,Borer438,M,white,italian,F,Arlington MA US,88942 Denesik Spur Apt. 498 North Reading MA 01864 US
8c3df420-618b-49be-8033-578847c4eca2,2011-09-28,,999-75-2418,,,,Richard70,Rippin447,,,,white,irish,M,Norfolk MA US,36946 Breitenberg Green Lowell MA 01850 US
1c0c3169-da4f-4c52-af70-5d0ff7b5a2af,2003-02-07,,999-40-3961,,,,Annette907,Harvey961,,,,white,irish,F,Warwick MA US,511 Walter Estate Natick MA 01760 US
0389edcb-330a-4b76-9ad4-ce77abf5bfe8,1982-08-15,,999-77-1039,S99930640,X17113917X,Mr.,Janice794,Leffler929,,,M,white,portuguese,M,Middleton MA US,62311 Schumm Extension Suite 433 North Reading MA 01864 US
02d9dc4c-30ce-4270-8b38-c1a86617bb78,1960-03-14,,999-15-7311,S99916066,X36066279X,Mrs.,Sandy526,Runolfsson61,,Kling953,M,white,italian,F,Waltham MA US,4870 Braeden Roads Natick MA 01760 US
83adda93-533c-4103-a8ed-9b7961d3f07d,1995-03-18,,999-97-3812,S99962988,false,Mr.,Minerva165,Gleichner481,,,,black,african,M,Bridgewater MA US,1325 Etha Islands Apt. 246 Medford MA 02155 US
ebaeaa57-f4ec-4c07-88d3-e4ec8f956812,2014-03-26,,999-90-2751,,,,Linnea316,Pacocha576,,,,hispanic,puerto_rican,F,Bourne MA US,4767 Stracke Mount Lowell MA 01852 US
1317b53b-6d6d-4101-9e0b-fd9fe7c61e96,1988-05-10,,999-21-4677,S99980735,false,Mr.,Brown474,Beer324,,,M,white,irish,M,Georgetown MA US,4087 Douglas Forge Apt. 401 Pepperell MA 01463 US
a035395b-32e1-4879-b4a7-2d1d6c677e69,2004-02-29,,999-33-7650,,,,Ozella548,Rosenbaum848,,,,hispanic,mexican,M,Billerica MA US,335 Hayes Shoal Natick MA 01760 US
f3d784b6-ff51-4beb-a7db-8069a9e5e473,1971-04-14,,999-40-6169,S99976652,false,Mr.,Nona312,Bartell415,,,M,white,irish,M,New Bedford MA US,538 Vilma Dale Apt. 385 Medford MA 02156 US
354d9d8a-bfc8-42bb-b068-2099ed575a90,1999-06-25,,999-25-1413,S99939448,,,Chet635,Bins978,,,,white,english,F,Lowell MA US,2061 Sabina Inlet Suite 897 Lowell MA 01852 US
c92fec8e-e352-4479-8535-2dd73cb92b2a,1997-08-30,,999-12-1272,S99918662,,Mr.,Gunner334,Bednar797,,,,white,german,M,Springfield MA US,55817 Jalyn Prairie Apt. 117 Medford MA 02156 US
ae1e7f19-a642-4fb5-8270-da07f50b959a,2000-12-02,,999-98-5720,S99933263,,,Mollie633,Bauch930,,,,white,french,F,Newton MA US,8885 Jones Place Medford MA 02155 US
af5a2163-3a05-449f-8a60-c222c3ac6296,2000-10-18,,999-60-2179,S99929919,,,Jarvis600,Bauch930,,,,white,irish,M,Acton MA US,95648 Oberbrunner Gardens Shirley MA 01464 US
22d6d208-7451-4ade-b98f-131c583f17d1,1970-06-19,,999-38-7617,S99993131,X41924729X,Ms.,Aubrey936,Boehm152,,,S,white,italian,F,Boston MA US,145 Piper Mews Medford MA 02156 US
74727d24-0b2c-49f2-bd59-d39be595561c,1980-06-14,,999-97-5262,S99928896,false,Mr.,Savannah699,Corkery325,,,M,asian,chinese,M,Boston MA US,372 Garrick Mountains Somerville MA 02145 US
51023a06-546c-4f5f-94dc-1d11024ff85e,1967-11-20,,999-81-4369,S99931393,false,Mr.,Wiley324,Robel771,,,M,white,swedish,M,Dedham MA US,9830 Nadia Shoal Apt. 843 Stow MA 01775 US
7a169a39-ed95-4ed6-93a7-5925592ec04e,1982-12-28,,999-79-8716,S99912789,X91845282X,Mrs.,Yasmeen655,Lind470,,Tremblay288,M,white,italian,F,North Adams MA US,554 Volkman Ford Suite 315 Reading MA 01867 US
10b7e176-0b13-4878-9fcc-0668dfed9d68,2011-09-03,,999-54-9398,,,,Manuela161,Herman911,,,,black,west_indian,F,Waltham MA US,75395 Ken Rest Apt. 884 Stow MA 01775 US
0f9947a6-20ad-4f32-b646-206d4bcfbf85,2013-12-12,,999-83-1289,,,,Creola70,Lemke797,,,,white,irish,F,Franklin Town MA US,88918 Annalise Unions Somerville MA 02145 US
abc7b315-affa-4c9b-8e2d-b7c51135d425,2006-04-05,,999-31-4323,,,,Dayana6,Jenkins594,,,,white,polish,F,Worcester MA US,8456 Kaycee Island Stoneham MA 02180 US
dfcb7081-5f34-4edd-b35e-ab0ca29a477f,1958-03-19,,999-29-7979,S99999678,X55050640X,Mrs.,Dulce503,Anderson350,,Frami871,M,asian,asian_indian,F,Methuen Town MA US,3484 Rohan Villages Reading MA 01867 US
7069c4e9-9c8e-46a7-9c39-0b6b040d2943,1973-11-18,2011-02-06,999-87-4339,S99917077,false,Mr.,Andy417,Vandervort620,PhD,,M,white,irish,M,Middleton MA US,7766 Walton Point Apt. 899 Somerville MA 02143 US
7c1b91a9-aa73-42ed-9660-fd0b026292a8,1985-03-27,,999-36-8721,S99939810,X61494672X,Mr.,Ardella150,Ebert604,,,M,asian,chinese,M,Greenfield Town MA US,60963 Verner Bypass Reading MA 01867 US
a6331811-4ea6-4ab5-b510-7811251d4ae5,1994-10-30,2014-02-24,999-15-5505,S99976633,,Ms.,Sierra816,Lebsack415,,,,asian,asian_indian,F,Ludlow MA US,88644 Sharon Ranch Tewksbury MA 01876 US
0b595a29-127a-4552-840c-e2e25f18cde0,1967-06-23,,999-34-4718,S99936827,false,Mr.,Stuart430,Ryan407,,,M,white,polish,M,Plymouth MA US,8719 Eldred View Stoneham MA 02180 US
db21e306-60da-4787-9ade-dc84b445213f,1989-08-17,,999-22-5982,S99954852,false,Mr.,Alda969,Oberbrunner974,,,S,white,italian,M,Peabody MA US,8460 Kris Port Apt. 260 Newton MA 02495 US
f2aaa27a-05ba-4a4f-bea8-30857e34e7c2,1989-12-17,,999-27-5306,S99986004,false,Mr.,Bonita800,Cummerata780,,,S,hispanic,puerto_rican,M,Fall River MA US,4896 Balistreri Shore Apt. 641 Tewksbury MA 01876 US
2a091670-4720-471c-83fa-5e16ff16c795,1983-09-02,,999-78-3379,S99980783,X13439855X,Mr.,Madison855,Stracke175,,,M,white,italian,M,Lawrence MA US,97892 Windler Center Townsend MA 01469 US
20fa7351-a332-4875-9b62-f12c6b723f64,1961-05-10,,999-58-5538,S99954641,X18215152X,Mrs.,Garrick891,Miller112,,O'Connell35,M,white,irish,F,Westport MA US,7421 Ada Bypass Suite 917 Townsend MA 01469 US
d08c9965-b652-4473-9bb0-2d7964873b86,1947-05-08,,999-70-1625,S99985115,false,Mrs.,Chloe174,Daugherty866,,Emard123,M,black,dominican,F,Westford MA US,25489 Dexter Falls Suite 780 Somerville MA 02144 US
48bf00fe-f74b-4583-8020-dbc8c20e10b7,1995-03-02,,999-17-7029,S99982208,false,Ms.,Vivian597,Jones74,,,,white,french,F,Boxborough MA US,38471 Mohr Rapids Suite 446 Townsend MA 01469 US
7cbefca9-91cf-4a2d-b565-2c5f4d7448d2,1970-02-05,,999-14-6488,S99910390,false,Mr.,Erna95,Morar586,,,M,white,american,M,Kingston MA US,45672 Goldner Corners Suite 814 Somerville MA 02143 US
be3989a2-ccec-4d9d-9447-5ea119dd5adc,2017-02-10,,999-90-3697,,,,Ransom654,Dibbert529,,,,white,irish,M,Lowell MA US,738 Heathcote Mills Apt. 464 Wakefield MA 01880 US
34bc35c4-96f2-499b-97d9-a82f408f986e,1988-11-24,,999-36-3193,S99993824,false,Mrs.,Henri524,Bartoletti882,,Schoen119,M,black,dominican,F,Leominster MA US,45676 Langosh Loaf Apt. 964 Tewksbury MA 01876 US
a3931d74-2674-43d3-8520-58a0784cf94f,1940-05-25,,999-31-5607,S99970715,X32080125X,Mr.,Saul400,Braun965,,,M,white,irish,M,Marshfield MA US,99032 Cole Tunnel Apt. 109 Tyngsborough MA 01879 US
ddf4b8ad-2f93-464f-9f2d-1dbc84f84d58,2001-04-25,,999-83-8632,S99971257,,,Layne772,Trantow958,,,,white,irish,F,Boston MA US,903 Maya Crossroad Suite 206 Newton MA 02458 US
e0ba1e1c-795a-4a7e-8661-0dd42124f6b1,1995-12-05,,999-29-2347,S99941610,false,Ms.,Terrill589,O'Hara796,,,,black,african,F,Holland MA US,235 Abshire Street Suite 263 Somerville MA 02143 US
08959a65-31b2-4437-aa20-0eeba535dce6,2003-02-26,,999-46-6279,,,,Benny800,Rodriguez388,,,,hispanic,puerto_rican,F,Freetown MA US,8717 Purdy Mountain Suite 832 Tyngsborough MA 01879 US
e173def4-bde9-4a35-b21b-06d45df30420,1995-09-15,,999-17-1598,S99921179,X73235546X,Ms.,Justice14,Ryan407,,,,white,irish,F,Longmeadow MA US,69997 Florida Summit Tyngsborough MA 01879 US
2240a40e-acfb-43c3-8c92-f8aea41ad6af,1939-11-24,,999-21-7694,S99975094,X19166132X,Ms.,Giovanna173,Connelly0,,,S,white,english,F,Boston MA US,8937 Dickinson Mills Wakefield MA 01880 US
04a3cac6-c5a5-4a56-a730-6bca13c653be,1951-04-26,2016-01-14,999-63-2168,S99983806,X42102704X,Mr.,Tatum924,Wolf566,,,M,white,english,M,Barnstable Town MA US,342 Chauncey Divide Watertown MA 02471 US
0fdd5691-b7f9-4ea3-8ebd-6fc364e9ee6a,1940-10-14,,999-90-8500,S99917523,false,Mr.,Filomena749,Herzog43,,,M,white,irish,M,Worcester MA US,721 Deckow Heights Suite 220 Tewksbury MA 01876 US
d9523d87-4d1f-447f-8df7-47a0609b613b,1978-06-30,,999-60-9363,S99990492,X56497274X,Mr.,Conor80,Schimmel523,,,M,white,italian,M,Quincy MA US,65729 Kuphal Forest Apt. 370 Newton MA 02461 US
0006b2a0-f823-460f-9682-9a52fa7aec34,1964-09-20,,999-39-1996,S99948463,false,Mrs.,Clare845,Zemlak802,,Hickle792,M,white,portuguese,F,Norwell MA US,60252 Bernier Parkway Apt. 747 Wayland MA 01778 US
292a0225-669e-4e8e-9068-2744bca8e663,2007-03-24,,999-67-5069,,,,Viviane534,Reinger879,,,,white,french,M,Dunstable MA US,87442 Herzog Flats Newton MA 02462 US
a3086903-87bc-4c32-abc1-27358d81f280,1958-09-18,,999-27-9603,S99940503,X30877157X,Mrs.,Pauline762,Weber322,,Considine342,M,white,irish,F,Westfield MA US,92828 Schinner Flat Suite 747 Wakefield MA 01880 US
466be4b2-d1ae-42e5-9daf-3b69ade52cc8,1979-05-06,,999-72-5419,S99996636,false,Mr.,Marshall535,Reynolds922,,,M,white,french,M,Brockton MA US,1867 Keon Roads Watertown MA 02477 US
a37fce94-6924-4ab8-93d3-9b3c4a5efdea,2015-01-14,,999-90-3696,,,,Wilhelmine261,Turcotte237,,,,white,italian,M,Randolph MA US,39918 Kaylin Tunnel Newton MA 02465 US
aca1d12b-58f3-4af6-9253-2f8803c1c05e,1982-04-12,,999-44-4449,S99974534,false,Mrs.,Xavier496,Howe75,,Torp126,M,white,swedish,F,New Bedford MA US,5919 Zulauf Estates Suite 819 Newton MA 02459 US
25467b43-4584-4053-a8c8-19c60a6600ff,1951-11-22,2001-09-06,999-63-8165,S99976024,X25874025X,Mr.,Athena20,Lueilwitz716,,,M,white,italian,M,Harvard MA US,365 Thiel Point Watertown MA 02472 US
8072fb38-316b-45b7-a03b-fa0b33c96748,1949-07-29,,999-96-3620,S99941433,X76784619X,Mrs.,Lenna381,Macejkovic315,,Mueller682,M,asian,chinese,F,Everett MA US,647 Lebsack Road Apt. 754 Newton MA 02456 US
4f073e6f-2884-40a2-bac3-8c141e79ae7f,2015-12-19,,999-47-5696,,,,Lauren241,Stark492,,,,white,irish,F,Chicopee MA US,3196 Nicolas Ranch Waltham MA 02454 US
4d177b2b-a494-41da-b5b3-07711d8faf91,2016-03-07,,999-13-1976,,,,Leland714,Wisozk385,,,,white,italian,M,Longmeadow MA US,75035 Sonia Shoals Waltham MA 02455 US
163377e6-a3d6-4b72-a6aa-c816301ade77,1912-06-18,1996-02-28,999-52-4398,S99970401,X23273857X,Mr.,Alexandro792,Moore898,,,M,white,german,M,Boston MA US,6116 Candice Burgs Weston MA 02493 US
2b0b7e77-5a6c-4463-b4a4-88ea9d5201df,1973-03-28,,999-33-9465,S99959227,X47929219X,Mrs.,Golden867,Parker58,,Kutch479,M,white,polish,F,Haverhill MA US,470 Rolfson Road Suite 994 Weston MA 02493 US
122bf343-8b39-48fc-98f4-16d4bc24ac12,1938-05-16,2015-05-11,999-98-4023,S99926472,false,Mr.,Dora513,Gutmann811,,,M,black,dominican,M,Boston MA US,7824 Agnes Overpass Suite 747 Westford MA 01886 US
d072ec8f-8b6b-473b-999f-95a8ff1596e1,2004-11-11,,999-95-4672,,,,Vivianne609,Abbott509,,,,black,dominican,M,Marshfield MA US,581 Georgianna Road Somerville MA 02145 US
36cbff47-4b09-4930-85c5-b248fcc5e6e8,1954-08-16,,999-52-5072,S99930767,false,Mrs.,Lew177,Batz332,,Baumbach704,M,white,italian,F,Boston MA US,17537 Ivory Pike Apt. 497 Westford MA 01886 US
99ffc04f-f1dd-4217-bc95-63dd858d2eb2,2013-11-27,,999-81-6966,,,,Elenora317,Waters709,,,,asian,chinese,M,Brockton MA US,487 Marvin Glen Suite 777 Somerville MA 02143 US
4ea8e21d-eab1-4dc1-939c-d346ed926859,1995-10-07,,999-86-2214,S99974611,X24528002X,Mr.,Marc617,Bashirian129,,,,white,german,M,Attleboro MA US,2929 Tillman Estates Suite 459 Somerville MA 02145 US
673dab3b-a495-4833-9485-fa4c42142c7b,2013-06-06,,999-36-1301,,,,Zelda420,Zboncak48,,,,white,irish,M,Richmond MA US,8096 Elissa Landing Suite 515 Westford MA 01886 US
e68da732-1b7c-4f45-9682-a28b34fa5842,1988-03-19,,999-71-7992,S99935967,X13368406X,Mr.,Carey769,Hills743,,,M,white,german,M,Lowell MA US,4043 Jeffry Harbors Suite 959 Winchester MA 01890 US
b155be57-5e68-47b8-86c8-b4745f6427d8,2008-02-01,,999-45-9671,,,,Jacky0,Smitham705,,,,white,irish,F,Revere MA US,27291 O'Hara Locks Waltham MA 02452 US
e317e16d-4368-4462-848a-5b242f2e82b5,2009-01-22,,999-77-7504,,,,Marilie382,Brekke994,,,,white,english,M,Pembroke MA US,88765 Block Ford Woburn MA 01815 US
0377efe0-3f80-499a-b1e6-390d2314feba,1951-06-20,,999-29-6683,S99996343,X21095747X,Mr.,Shayne980,Mueller682,,,M,white,english,M,Boston MA US,426 Howell Springs Apt. 460 Waltham MA 02451 US
32bda64a-d24a-4352-bb4f-269ba76f7ead,1994-06-06,,999-29-2432,S99940153,X70866995X,Ms.,Madeline177,Hartmann887,,,,white,french,F,Brockton MA US,457 Willie Keys Nantucket MA 02564 US
8569d240-a3d2-4d0f-8c03-955c97d3c665,2011-05-06,,999-76-2302,,,,Barry27,Fadel237,,,,white,irish,F,Leominster MA US,2840 Jeffery Neck Waltham MA 02454 US
6dcebc71-ce94-452d-bad7-032df5deb78e,1948-12-02,,999-94-1272,S99991506,false,Mr.,Malinda114,Crooks128,,,M,white,italian,M,Medway MA US,8259 Nicolas Crest Winchester MA 01890 US
02d0fcec-34e7-468c-b6a6-170495176d8f,1934-03-30,,999-10-6051,S99992622,X40655338X,Mr.,Foster480,Bartoletti882,,,S,white,french,M,Dudley MA US,1622 Toy Ports Woburn MA 01813 US
5a83c42f-ee95-4f2d-8a34-b533308b34a7,2015-05-23,,999-18-3321,,,,Savanah949,Beier837,,,,white,french,F,North Adams MA US,64826 Reyes Ramp Waltham MA 02452 US
a5a652be-7795-466d-ae3a-a69c810b03b2,1957-08-22,,999-68-2201,S99931470,false,Mrs.,Adolph952,Metz823,JD,Considine342,M,white,french,F,Plymouth MA US,37951 Jenifer Union Woburn MA 01815 US
b1277715-f962-413e-bf3c-edfcbbeb4724,1962-09-15,,999-93-1550,S99993217,false,Mr.,Laurine541,Walker324,,,M,white,italian,M,Quincy MA US,6178 Wolf Shores Winchester MA 01890 US
7d2f0b89-2164-4fd7-916f-5a1aa3a34ff2,1944-10-03,,999-71-1889,S99993380,false,Mrs.,Buford674,Huels628,,Bauch930,M,white,french,F,New Bedford MA US,274 O'Connell Path Apt. 152 Braintree MA 02184 US
cd4a7f31-1134-4b8c-bd9f-0d88ddbec5a7,1989-02-18,,999-76-7982,S99913212,X70425173X,Mr.,Hannah875,Hagenes567,,,S,white,french_canadian,M,Methuen Town MA US,5011 Lind Station Apt. 684 Winchester MA 01890 US
9659960d-6398-4fd2-8201-98054e2c3974,1956-02-20,,999-10-6893,S99959891,false,Mrs.,Idella275,Ritchie555,,Bradtke68,M,white,italian,F,Boston MA US,36724 Samson Unions Apt. 135 Braintree MA 02185 US
4e26ce98-dd84-4652-9679-cce253d319b3,2012-02-16,,999-45-6972,,,,Ramon102,Bergstrom813,,,,asian,asian_indian,M,Springfield MA US,52164 Kaley Stream Waltham MA 02453 US
af294639-c0dc-4c80-adfe-32bfedd3546a,1979-12-22,,999-85-9162,S99966590,false,Mrs.,Shakira20,Frami871,,Stamm279,M,white,german,F,Boston MA US,1556 Sawayn Plains Suite 579 Waltham MA 02451 US
044b7fd5-4bd1-4cdd-a7a0-7f56961dec60,1979-09-14,,999-91-2427,S99951635,false,Mr.,Benny800,Friesen949,,,M,white,irish,M,Framingham MA US,4306 Howell Burg Woburn MA 01813 US
88300282-a8e6-49fe-83de-382ae7746fdd,1938-02-26,,999-77-1310,S99918108,X45812414X,Mr.,Danial935,Dickinson336,,,M,black,dominican,M,Boston MA US,284 Maggio Ranch Apt. 661 Braintree MA 02184 US
e5ec0ff4-6f96-4d0d-9096-a36b201d867d,1967-12-26,,999-45-4699,S99995045,false,Ms.,Jeanette926,Hirthe52,,,S,white,irish,F,Norfolk MA US,5483 Hoeger Station Woburn MA 01813 US
bcb59bc2-3c82-4bb2-878d-732be459470b,1959-08-16,,999-87-9057,S99988235,X36086713X,Mrs.,Raphael572,Runolfsdottir352,,Turcotte237,M,white,irish,F,Hudson MA US,7719 Steuber Loaf Apt. 989 Woburn MA 01813 US
2ba0bca9-fa1e-40b3-9fec-8bd92ac33e1f,1964-01-22,,999-44-1562,S99976976,false,Mr.,Jamal320,Klein442,,,M,white,german,M,Brockton MA US,208 Tobin Loaf Canton MA 02021 US
ac4a99d6-14c5-419f-a95b-d4e8418b3630,1937-09-27,,999-90-7802,S99999615,X63291566X,Mr.,Jazlyn951,Mitchell717,,,M,asian,chinese,M,Danvers MA US,93473 Jeramie Causeway Braintree MA 02184 US
42ea3776-cbf6-4dec-ab8b-289a3bfb9433,2006-02-28,,999-57-9708,,,,Sophie423,Keeling487,,,,white,irish,F,Milton MA US,80608 Reynold Drives Woburn MA 01813 US
808acff4-4235-4341-904c-86941f91fa8e,2008-04-03,,999-26-6633,,,,Kaci395,Christiansen946,,,,white,english,F,Freetown MA US,45185 Perry Circle Brookline MA 02467 US
f3238ced-c309-4f91-9f56-9ab13f9e0fab,1983-10-08,,999-50-4265,S99943179,false,Mr.,Casimir350,Abshire919,,,M,white,scottish,M,Newton MA US,14883 Jacobs Tunnel Apt. 495 Dedham MA 02027 US
a095f84f-f3d3-4b26-8528-4df9895c92f0,2012-05-09,,999-61-6266,,,,Meaghan70,Hane728,,,,asian,chinese,M,Wilbraham MA US,4628 Lyric Course Suite 998 Braintree MA 02185 US
1f9a6e6f-5c7d-4c0a-8cc4-f779a47b3e19,2005-10-31,,999-76-7821,,,,May406,Koepp421,,,,hispanic,puerto_rican,M,Newton MA US,46099 Nitzsche Islands Apt. 736 Dedham MA 02026 US
8b2b1410-525a-4038-9be8-1240d9a7c112,1965-02-02,,999-11-5190,S99996515,X47792891X,Mrs.,Delbert745,Weimann43,,Reynolds922,M,white,irish,F,Leverett MA US,9277 Zena Spurs Apt. 277 Canton MA 02021 US
6d2758b9-2f19-432f-845e-438ce9dc1e47,2004-07-05,,999-17-7866,,,,Ladarius751,Funk679,,,,white,irish,M,Burlington MA US,93988 Bailey Forks Apt. 275 Dedham MA 02027 US
5d6aca64-5808-41a1-bc1e-02237db54544,1974-08-31,,999-12-6976,S99950480,false,Mr.,Lora996,Carroll658,,,M,asian,chinese,M,Boston MA US,6696 Alice Branch Suite 794 Dedham MA 02026 US
bdee158f-ef95-44f2-abae-ae917317f4fa,1948-07-11,,999-68-3691,S99945965,X20725043X,Mr.,Juwan666,Gibson528,,,M,white,polish,M,North Attleborough MA US,218 Klocko Islands Cohasset MA 02025 US
14aa5ec9-ab4f-4a37-a070-77fe3294851d,1939-05-03,,999-54-1826,S99997586,X97436817X,Mr.,Connie865,Wisoky878,,,S,asian,asian_indian,M,Medford MA US,429 Leslie Spring Braintree MA 02184 US
d2efa7e9-a6af-46a5-94d9-bf20420e8c85,1994-02-01,,999-11-8200,S99942094,X69512913X,Ms.,Ignacio59,Wuckert293,,,,white,russian,F,South Hadley MA US,2011 Steuber Island Apt. 927 Woburn MA 01801 US
56d67eb5-26b5-48b8-8718-53a77b0dd24c,2012-11-10,,999-33-1024,,,,Cameron286,Waelchi310,,,,white,irish,F,Brookline MA US,393 Stoltenberg Estate Woburn MA 01813 US
f1cc27c4-df8b-4e2c-9ee8-e1a327c4b075,1990-02-06,,999-14-5603,S99916521,false,Mrs.,Ahmed489,Purdy145,,Steuber168,M,white,irish,F,Brockton MA US,133 Schmitt Bypass Dedham MA 02026 US
d817a168-4d21-4bdc-a5a9-cf378e112e3d,1977-02-03,,999-38-4171,S99983515,false,Mrs.,Aniya316,Ullrich303,,Toy38,M,white,irish,F,Wareham MA US,222 Hauck Creek Apt. 622 Dedham MA 02027 US
854be431-659b-456b-98fc-56ffdb04832e,1911-01-17,1946-11-05,999-59-6666,S99941267,X39543477X,Mr.,Brooks121,Bradtke68,,,M,white,irish,M,Shrewsbury MA US,53408 Jalen Curve Suite 443 Foxborough MA 02035 US
04b21587-f8e3-49b6-924b-6220cd592581,1952-06-16,,999-84-3153,S99985612,X20575838X,Mrs.,Wilburn577,Little419,,Witting337,M,hispanic,puerto_rican,F,Natick MA US,2693 Gage Motorway Apt. 152 Canton MA 02021 US
4670047a-525f-46e5-b8f7-558ac45d35de,1952-08-07,,999-34-7857,S99966376,X34163268X,Mrs.,Lizzie830,Moore898,,Sipes819,M,white,english,F,Rehoboth MA US,5885 Wunsch Passage Suite 565 Brookline MA 02447 US
e2047a62-35da-453b-b855-885defdc2705,1971-05-27,,999-60-9263,S99913330,X54871918X,Mr.,Andres278,Mayert381,,,M,white,french,M,Andover MA US,600 Ondricka Mountains Suite 285 Brookline MA 02446 US
89b7f9ea-c6f7-4597-85ee-bc4aca76c8b1,1972-08-27,,999-18-1172,S99910220,X85571536X,Mr.,Deshawn40,Goodwin263,,,M,white,irish,M,Pittsfield MA US,1781 Schuster View Brookline MA 02446 US
7aa205da-50a4-4ca4-8af7-1d689e58a3b0,1959-09-09,,999-69-7704,S99955010,false,Ms.,Ransom654,Heaney703,,,S,hispanic,puerto_rican,F,Middleborough MA US,6804 Denesik Bridge Apt. 128 Brookline MA 02446 US
4327f8ca-77e7-40a6-b821-0becdfab6961,1973-12-27,,999-37-8096,S99918013,false,Mrs.,Sebastian666,Tremblay288,,Friesen949,M,white,italian,F,Weymouth Town MA US,4875 Armstrong Forks Brookline MA 02446 US
73fe9375-f150-4075-9c02-4e13381121ec,2010-07-17,,999-73-2129,,,,Rhianna135,Gerlach95,,,,white,portuguese,F,Scituate MA US,826 Ullrich Passage Holbrook MA 02343 US
8663ad85-7771-4eb1-83ca-40d2f6e08832,1984-05-23,,999-25-3920,S99966511,false,Mrs.,Bertrand530,Walker324,,Koelpin39,M,white,italian,F,Somerset MA US,86230 VonRueden Village Suite 135 Foxborough MA 02035 US
f612f865-f924-427b-be0b-76615a818752,2011-11-01,,999-91-5673,,,,Viola555,Hackett678,,,,white,french,M,Arlington MA US,88729 Bailey Plain Braintree MA 02184 US
079a6374-8fe4-4202-bd48-9f7b75517c3c,1958-10-24,,999-54-7720,S99920724,X55222329X,Mrs.,Giovanna173,Willms697,,West921,M,white,english,F,Needham MA US,72722 Smitham Locks Foxborough MA 02035 US
4e8c161f-698f-47cb-8ce5-869c3a3f873a,1968-01-10,,999-71-2681,S99946660,X63776308X,Mr.,Claudine885,Schiller21,,,M,black,dominican,M,Auburn MA US,94683 White Rapid Foxborough MA 02035 US
5584b30c-a7cf-4cd2-a43e-dbb6adf6778a,1967-10-30,,999-82-7895,S99910591,false,Ms.,Marie925,Willms697,,,S,white,american,F,Winchester MA US,34664 Stroman Neck Suite 314 Foxborough MA 02035 US
66dbf800-293a-4584-a151-0aa3eea7692c,1975-08-26,,999-95-2235,S99965439,X91373006X,Mr.,Otis320,Flatley743,,,M,white,italian,M,Tewksbury MA US,26517 Marvin Brooks Medfield MA 02052 US
cb5aca5e-1c2a-4f26-a117-79bb2dbee7d6,1989-04-01,,999-16-2385,S99982302,X70229228X,Mrs.,Abigail795,Heidenreich612,,Collins869,M,asian,chinese,F,Quincy MA US,59576 Rex Summit Apt. 772 Medfield MA 02052 US
adb8c39e-28b1-4d26-b6d4-07e61c933ccf,1993-01-29,,999-51-2101,S99926245,X58692862X,Ms.,Craig741,McLaughlin892,,,,asian,chinese,F,Fairhaven MA US,87886 Mills Path Franklin MA 02038 US
30a9477f-90b5-4a77-afba-f91ca201622f,1969-10-09,1983-10-27,999-62-3761,,,,Opal556,Farrell246,,,,white,irish,F,Bridgewater MA US,1068 Treva Station Brookline MA 02467 US
40ce5902-ada9-422f-9609-e51309975e10,1972-03-08,,999-91-1502,S99952830,X69322309X,Mr.,Retha189,Rolfson110,,,S,white,french_canadian,M,Brookline MA US,892 Gulgowski Club Suite 575 Brookline MA 02467 US
d09c86e2-eba3-49c9-85de-21c058d7a6fa,1982-09-13,,999-31-9296,S99965984,X36701561X,Mr.,Amber350,Gutkowski946,,,M,white,polish,M,Longmeadow MA US,692 Botsford Forest Brookline MA 02447 US
abeda19b-dccc-4165-8675-8dbca258ed45,1977-10-05,,999-66-6375,S99959307,false,Mr.,Meda338,Pagac831,,,M,white,english,M,Leicester MA US,1595 Arvid Trail Apt. 840 Medfield MA 02052 US
eaddbd2d-c0b0-4bd5-aa5f-9e760c489ee0,2009-11-19,,999-49-9380,,,,Rosalinda270,Kulas605,,,,asian,asian_indian,M,Swansea MA US,114 Moshe Rapid Millis MA 02054 US
4bccc24d-479a-4ba2-8e09-c405e8000623,2001-11-25,,999-28-8078,,,,Magnolia75,Torp126,,,,white,irish,M,North Adams MA US,33637 Hoppe Springs Apt. 719 Brookline MA 02446 US
b6fdb81a-ac3f-412b-bd73-ceef56aef953,1937-10-20,1995-10-12,999-37-8800,S99911540,X15828203X,Mr.,Ulises525,Gleichner481,,,M,white,italian,M,New Bedford MA US,1226 Beer Creek Apt. 109 Brookline MA 02445 US
756b69ac-b670-44d9-916c-996415d38663,2010-07-09,,999-95-6955,,,,Bruce787,Hettinger748,,,,white,irish,M,Spencer MA US,9863 Cordia Manor Suite 964 Medway MA 02053 US
cab49943-a4df-4996-ba7c-7be134668a05,1961-04-08,,999-11-7890,S99985397,false,Mrs.,Travon613,Cummings800,,Howell391,M,white,italian,F,Cambridge MA US,52329 Georgiana Shoal Franklin MA 02038 US
68b011df-11e8-495b-b9ea-07abc81f842c,1961-07-29,1988-03-22,999-86-6526,S99972469,X22948582X,Mr.,Reilly602,Becker694,,,,white,irish,M,Lynn MA US,8517 Vivianne Vista Apt. 988 Brookline MA 02445 US
030e1469-9f1a-434c-b64a-716d2dfe3d02,1957-10-09,,999-32-8944,S99950875,false,Mrs.,Sydney559,Price694,,Schmeler79,M,white,french,F,Burlington MA US,62748 Klocko Inlet Needham MA 02492 US
cf42a337-236b-40dd-932b-acea6bbd540f,2000-01-30,,999-11-5513,S99917695,,,Oceane669,Crist54,,,,white,english,F,Northampton MA US,817 Streich Crossing Apt. 985 Norfolk MA 02056 US
69ffdb1e-1d33-4533-997e-34d9626f8691,1943-03-20,2012-09-15,999-87-9829,S99990001,X38812145X,Mr.,Jacky0,Feil134,,,M,white,american,M,Northampton MA US,5453 Bernhard Gateway Franklin MA 02038 US
9205af1d-1b2e-4a58-bb03-fe70e65bcf6f,2012-07-12,,999-30-2611,,,,Devante421,Hilpert863,,,,asian,chinese,F,Malden MA US,664 Emma Via Apt. 603 Norfolk MA 02056 US
3198ab03-80c6-4a6a-bd65-3a044f49db9a,1999-06-11,,999-97-9227,S99983715,,,Jacey591,Schaefer735,,,,white,irish,F,Northborough MA US,607 Ismael Ranch Suite 791 Medway MA 02053 US
ba0cba0f-a544-4143-ad08-90d5bead2ea0,2011-03-19,,999-21-8418,,,,Ariane516,Heathcote725,,,,white,english,F,Framingham MA US,42549 Hudson Trail Norwood MA 02062 US
61da268f-4daf-4eb1-bbf5-5b87283116ba,1988-04-21,,999-65-7792,S99913989,false,Mr.,Tiffany683,Pollich676,,,M,white,irish,M,Boston MA US,12584 Parisian Way Apt. 540 Norfolk MA 02056 US
02fa2f47-5e7c-4139-be92-bb725cf58a2e,2002-09-18,,999-63-4434,,,,Amelie26,Deckow187,,,,black,dominican,F,Worcester MA US,491 Milan Island Apt. 921 Milton MA 02186 US
c45cb4b4-61c6-4262-b670-12188f27b3d5,2004-03-20,,999-74-5491,,,,Christa515,Carter849,,,,white,irish,M,Lawrence MA US,364 Reilly Club Suite 254 Norfolk MA 02056 US
e8807bd8-5444-4023-9cc7-30fd7d80d5d1,1972-05-09,,999-76-3181,S99914952,X67717939X,Mrs.,Tad868,Bode551,,Dickens899,M,white,polish,F,Nantucket MA US,88486 Amara Common Suite 377 Needham MA 02492 US
bbb2b489-d21e-4432-bbcb-1e89a6772510,1963-07-06,1981-04-11,999-13-8005,S99924590,,,Ibrahim667,Shanahan442,,,,white,irish,M,Dartmouth MA US,1868 Erwin Ramp Suite 881 Plainville MA 02762 US
c16c4121-0245-4738-aba2-fb718e66213f,1987-10-01,,999-50-5150,S99978114,false,Mrs.,Audra97,Rowe334,,Hills743,M,white,irish,F,Hampden MA US,49218 Crooks Courts Plainville MA 02762 US
17c938e1-6b1f-4474-b7eb-0517ea6f1839,1945-11-29,,999-28-8239,S99942670,false,Mrs.,Vivienne759,Glover856,,Hoeger84,M,hispanic,puerto_rican,F,Abington MA US,127 Eichmann Drive Apt. 860 Milton MA 02186 US
22d335e3-e441-40a2-97e1-f7a6a5d29930,1995-08-29,,999-85-3093,S99969364,false,Ms.,Makenzie492,Wolf566,,,,white,italian,F,Mansfield MA US,22935 Tracey Island Suite 627 Plainville MA 02762 US
c787510d-df07-4e01-85da-40cef939b2cc,1951-01-15,,999-21-5542,S99973282,X15801241X,Mr.,Nathan255,Mayert381,,,M,asian,chinese,M,Newton MA US,2370 Wunsch Isle Apt. 828 Norwood MA 02062 US
b79dcd29-3e9e-48d2-bb0d-92e97db0ff62,1998-04-25,,999-34-5996,S99968832,,Mr.,Aubree191,Aufderhar983,,,,white,french,M,Waltham MA US,8475 Upton Islands Apt. 136 Milton MA 02186 US
541f5b4d-73e7-4d28-87d7-617c7407b714,1966-10-10,,999-37-7567,S99921173,false,Mr.,Brain403,Zulauf284,,,S,hispanic,puerto_rican,M,Springfield MA US,38262 Greenholt Squares Suite 956 Needham MA 02494 US
5ae11a10-adf4-467f-8f3d-6ec94d73d928,1936-05-17,,999-94-2175,S99927041,X74265152X,Mr.,Rosetta154,Macejkovic315,,,M,white,polish,M,Boston MA US,491 Macejkovic Drive Norwood MA 02062 US
0b5fb532-5531-4764-bfbd-9a9e7500d03d,1983-08-19,,999-82-1284,S99980331,X47891421X,Mrs.,Liam734,Rice809,,Stoltenberg487,M,white,english,F,Belmont MA US,863 Elisa Way Suite 861 Randolph MA 02368 US
5e63b98e-8b65-402f-9783-7c32e087714e,2002-04-01,,999-15-3364,,,,Milford469,Leffler929,,,,asian,chinese,M,Boston MA US,6460 Rosalee Inlet Sharon MA 02067 US
7fc5445f-baba-4105-93ca-08f46a3fad30,2008-05-17,,999-75-9253,,,,Lela148,Jacobi311,,,,asian,chinese,M,Malden MA US,493 Pansy Flats Norwood MA 02062 US
b8d9ac78-fae6-4595-a8fd-5b8b321550fc,1988-07-26,,999-37-4039,S99990644,X20437757X,Ms.,Santino718,Doyle678,,,S,white,italian,F,Cambridge MA US,32615 Romaguera Station Norwood MA 02062 US
3a0f98da-1301-4a98-9f26-3ea44d7ceb67,1978-04-08,,999-27-1786,S99931340,false,Mr.,Moises61,Walter251,,,M,white,irish,M,Norwood MA US,11842 O'Kon Wells Quincy MA 02171 US
8b3b7d4a-9646-43a3-b869-84f436f69883,1938-06-02,,999-31-3316,S99914136,X73497307X,Mr.,Sydney559,Wisoky878,,,M,white,polish,M,Medfield MA US,25780 Hills Bypass Suite 403 Quincy MA 02170 US
30da0d4a-efc3-452f-bc4a-991ab2b8694c,1936-07-07,1999-11-04,999-79-4956,S99959872,false,Mr.,Cale362,Kuhlman253,,,M,white,irish,M,Boston MA US,810 Cole Trace Suite 933 Sharon MA 02067 US
252c0c53-64bf-4ea5-9073-36734ec3289e,1996-10-04,2011-10-13,999-21-9201,,,,Rossie136,Morar586,,,,white,irish,M,Chelsea MA US,1420 Jackie Drives Apt. 622 Randolph MA 02368 US
ff09520c-46be-4f54-b3fc-af48eb5e6509,1950-05-26,,999-50-2456,S99926314,false,Mr.,Paul850,Cassin602,,,M,white,irish,M,Boston MA US,4561 Lesly Lakes Quincy MA 02171 US
ea0b8ed1-b83c-4760-8a28-31725dfc78c7,1990-11-16,,999-49-8143,S99997550,X79243937X,Mr.,Carroll658,Kertzmann752,,,,white,german,M,Newton MA US,95802 Amaya Rue Suite 772 Quincy MA 02171 US
c14393ab-6e80-4ad4-95df-1645affb3d0f,2001-01-01,,999-18-4065,S99958967,,,Shaniya347,Hammes374,,,,white,russian,F,Boston MA US,71937 Larkin Cape Apt. 694 Walpole MA 02081 US
02eb4e07-9c8c-48df-bf7c-d5fb1cccdec4,1938-06-27,,999-88-4643,S99918359,false,Mr.,Paige67,Hodkiewicz209,,,M,hispanic,mexican,M,Southwick MA US,31177 Dandre Pine Apt. 881 Randolph MA 02368 US
d695164b-9b94-45dc-b766-50ea1433005f,2003-02-22,,999-67-2027,,,,Diego171,Hansen74,,,,white,polish,F,North Andover MA US,40013 Nienow Island Suite 561 Randolph MA 02368 US
d88b85b0-1a01-4121-9cfd-d9b4c2f99253,1952-10-01,,999-20-9009,S99950395,X92489164X,Mrs.,Herta34,Buckridge255,JD,Sipes819,M,white,russian,F,West Springfield Town MA US,177 Kihn Springs Randolph MA 02368 US
0a067004-b0f4-4d4e-a8b3-fd610a56ffff,2005-03-10,,999-10-9310,,,,Annamae395,Funk679,,,,hispanic,puerto_rican,F,Brewster MA US,9126 Sanford Courts Apt. 863 Westwood MA 02090 US
1d3456ed-a9a9-432c-9fd5-361942dcdacc,1976-08-25,2014-01-05,999-29-3891,S99936608,false,Mr.,Thora409,DuBuque399,,,M,asian,asian_indian,M,Braintree Town MA US,6317 Jaskolski Loop Suite 735 Quincy MA 02269 US
75987300-dfd7-48b1-a7d3-a23075eb0b70,2008-09-29,,999-43-9476,,,,Oda245,Gaylord311,,,,white,french,F,Dalton MA US,4284 Angelica Cliffs Wellesley MA 02457 US
a4c6c2ce-fe63-4965-904d-892ad45b9208,1928-08-08,2017-01-25,999-63-3482,S99933053,false,Mrs.,Niko129,Bartoletti882,,Schuppe795,M,black,african,F,North Reading MA US,170 Rippin Knolls Randolph MA 02368 US
d110ebee-922c-4eeb-b98b-61fec508e67a,2014-07-23,,999-51-2149,,,,Max789,Wintheiser464,,,,white,polish,F,Springfield MA US,41396 Allie Cape Wellesley MA 02481 US
74d6ba53-af16-41e9-9574-0a880f345bef,2004-03-12,,999-55-8566,,,,Jalon421,Johns198,,,,asian,chinese,F,Haverhill MA US,58980 Mayer Rapids Apt. 776 Stoughton MA 02072 US
00a9dfe4-452b-4ee6-8c8e-6ebb51d47f39,1993-01-06,,999-13-2793,S99921566,X63904637X,Ms.,Delphia707,Strosin15,,,,white,german,F,Lowell MA US,541 Glover Rapid Apt. 104 Randolph MA 02368 US
ee0cf445-cc0c-4cbc-8f80-73ecc153a3d0,1963-01-24,,999-26-5440,S99944377,false,Mrs.,Alexys610,Schuster993,,Veum951,M,white,irish,F,Framingham MA US,888 Van Isle Apt. 514 Quincy MA 02269 US
9220608d-8d83-4af1-a731-5248f3dfafae,2003-11-07,,999-70-8654,,,,Brown474,Flatley743,,,,white,english,F,Medford MA US,31026 Koelpin Keys Apt. 467 Stoughton MA 02072 US
8405adae-1744-4488-95ec-6578d7ce442a,2010-08-15,,999-92-9998,,,,Darrick958,Auer76,,,,white,german,M,Palmer Town MA US,66660 McDermott Land Apt. 616 Westwood MA 02090 US
fde130a0-c389-43d4-85b6-0db69e739a0f,1996-04-19,,999-89-2361,S99989516,false,Ms.,Brycen852,Labadie734,,,,asian,chinese,F,Melrose MA US,77931 Rahsaan Mount Apt. 466 Stoughton MA 02072 US
8d9aae56-3200-4553-a7af-86ad54babeae,1997-12-08,,999-57-2165,S99998378,,Ms.,Zoey323,Moore898,,,,white,german,F,Greenfield Town MA US,409 Sallie Underpass Suite 766 Walpole MA 02081 US
4cc74538-c727-4f35-97a9-ac21cbc730f2,1940-12-08,2015-12-13,999-56-1529,S99976504,X76718045X,Mr.,Nadia158,Ratke467,,,M,white,english,M,Norwood MA US,96461 Walsh Locks Wellesley MA 02481 US
045386e4-1923-42ea-bf45-78ec23673c7e,1963-04-20,,999-17-6666,S99939790,X33200782X,Mr.,Braeden516,Effertz802,,,M,white,irish,M,Longmeadow MA US,529 Addie Parkways Wellesley MA 02457 US
ea727aa8-7576-40dd-9f15-fb9233f65b6d,1960-06-01,,999-75-6922,S99943370,false,Mrs.,Dean806,Fahey895,,Mertz249,M,asian,asian_indian,F,Rockland MA US,57916 Erika Burg Apt. 239 Stoughton MA 02072 US
1c82c6c0-befc-4db4-94b1-6a73242a7abc,2008-01-23,,999-18-1885,,,,Seamus858,Rolfson110,,,,white,scottish,F,Weymouth Town MA US,9745 Hettinger Plain Apt. 819 Quincy MA 02169 US
201be9ff-86ab-4c37-96d9-4df78a5388e7,1997-12-31,,999-30-1891,S99987335,,Mr.,Kathryn184,Hettinger748,,,,hispanic,puerto_rican,M,Lynn MA US,38133 Gaylord Spring Quincy MA 02170 US
fdeacb48-d8ff-4401-8451-1fad4d887de2,1928-04-13,1988-11-11,999-68-8948,S99931580,X87887912X,Mr.,Sidney887,Bashirian129,,,M,white,american,M,Easthampton Town MA US,47749 Wilderman Fort Wellesley MA 02457 US
1318c141-a8ad-4276-b75d-73a44d1e6517,2015-02-02,,999-38-9099,,,,Damien864,Goyette587,,,,white,english,M,Ashland MA US,45304 Arnold Place Wrentham MA 02093 US
0fcc4a11-c04f-4ef6-a8f4-814f0e5bca49,1997-03-10,,999-87-5311,S99964938,false,Mr.,Maribel433,Wehner221,,,,white,polish,M,Barnstable Town MA US,4398 Daniel Canyon Stoughton MA 02072 US
af596a85-00fe-4bd1-83ec-b2677412bf22,2004-04-27,,999-58-5660,,,,Torrey323,Lesch922,,,,white,irish,F,Boston MA US,99526 Delbert Lodge Apt. 420 Wrentham MA 02093 US
f2d5a396-2ee5-4ed2-845e-34e8043d183b,2007-12-23,,999-96-7427,,,,Osvaldo639,Bernhard843,,,,white,swedish,F,Springfield MA US,277 Predovic Isle Suite 333 Wrentham MA 02093 US
eb2d98b9-ff9c-4328-866e-f4bc9ab4a36a,1994-06-25,,999-41-7912,S99919198,false,Mr.,Earline370,Robel771,,,,white,french,M,Shrewsbury MA US,9886 Ruby Station Quincy MA 02171 US
4e501873-9eaf-48bf-a19d-2c96a78acd97,1978-04-24,,999-12-8056,S99968172,X30577785X,Mr.,Willa97,Douglas750,,,S,white,irish,M,Boston MA US,90138 Ernestina Shoal Stoughton MA 02072 US
462de345-0967-4afd-bf4d-bea145b220dd,1980-01-21,,999-36-7879,S99925425,X55349248X,Ms.,Angus998,Stanton789,,,S,white,french,F,Plymouth MA US,2806 Maryjane Bridge Suite 595 Bridgewater MA 02324 US
9d51f5e0-d656-41e3-95f1-c14ac588bd5e,1996-02-28,,999-87-5375,S99991212,X90611841X,Ms.,Filiberto902,Leffler929,,,,asian,chinese,F,North Adams MA US,4324 Consuelo Haven Suite 247 Weymouth MA 02188 US
443a03d7-f11a-47ed-93b9-ba3acb35eca7,2003-08-09,,999-81-2356,,,,Hershel337,Schulist336,,,,white,italian,M,Worcester MA US,535 Guido Gateway Suite 708 Abington MA 02351 US
68fbeec7-92bc-4694-8f32-2d4eda175bef,2013-01-14,,999-46-6536,,,,Chad648,Aufderhar983,,,,white,italian,F,Saugus MA US,9138 Feil Landing Suite 730 Carver MA 02330 US
6f48898c-7c19-41f5-b878-9b8217504e37,1990-04-07,,999-13-5641,S99987194,X67193618X,Mr.,Sage1,Murray364,,,M,white,polish,M,Springfield MA US,44694 Benedict Motorway Apt. 775 Quincy MA 02169 US
17ae75e9-bf52-47aa-9b51-d2d6669d839a,2006-12-02,,999-36-9605,,,,Mariam649,Mante943,,,,white,german,F,Marshfield MA US,983 Arnaldo Valley Abington MA 02351 US
059412fc-629b-4488-b76f-318489139373,1984-05-19,,999-57-7215,S99978610,X49710732X,Mrs.,Graciela509,Hudson688,,Goodwin263,M,white,italian,F,Winchester MA US,9327 Considine Path Quincy MA 02171 US
73efce7e-31cb-474b-8ff1-3c2563c4e12f,2013-01-29,,999-16-5829,,,,Sammie267,Blanda20,,,,white,polish,M,Grafton MA US,9326 Lebsack Locks Apt. 862 Bridgewater MA 02325 US
04e36d3c-3897-4445-a451-46938b4d4302,2016-04-04,,999-26-9995,,,,Judge136,Wintheiser464,,,,white,irish,F,Chicopee MA US,394 Renner Corners Weymouth MA 02191 US
2b1dc143-0408-44a4-a35c-b44839189d38,1950-05-31,,999-46-1103,S99944884,false,Mrs.,Ryan407,Muller64,,Green619,M,white,english,F,West Springfield Town MA US,74037 Cruickshank Walks Suite 720 Quincy MA 02269 US
2d999289-f549-4cc4-bc72-5f4c31a2ec5e,1969-02-04,,999-51-5270,S99926534,false,Mrs.,Abelardo421,Kertzmann752,,Russel945,M,white,italian,F,Cambridge MA US,15519 Grant Loaf Apt. 497 Weymouth MA 02188 US
843c2879-b3c9-4769-b874-ff1d7b16e69a,1986-01-23,,999-29-1803,S99987666,false,Mr.,Alysa444,Davis20,,,M,white,italian,M,Uxbridge MA US,239 Zena Valleys Suite 749 Weymouth MA 02189 US
329f8240-8ef6-450f-9817-3762ec7bfd0f,1969-02-09,,999-30-1195,S99956001,false,Mrs.,Emilie869,Conn229,,Bogan983,M,black,dominican,F,Wilmington MA US,8821 Yvette Ville Weymouth MA 02191 US
5eb41326-9624-48eb-9efd-58d92ee2d31b,2009-04-08,,999-21-4773,,,,Nolan207,Blick189,,,,black,dominican,F,New Bedford MA US,5877 Dietrich Rue Suite 775 Bridgewater MA 02325 US
5ae03dd1-1f4d-42bc-9b3d-7d1edfd34256,1975-12-15,,999-34-9042,S99941075,X79293986X,Mrs.,Sammie267,Nikolaus121,,Quigley689,M,white,irish,F,Ayer MA US,6220 Okuneva Mountain Suite 266 Bridgewater MA 02324 US
225668b2-b55b-4a1b-a516-6ae4eff816a0,1984-03-03,,999-58-5443,S99945496,X67330193X,Ms.,Jo228,Hickle792,,,S,white,french_canadian,F,Peabody MA US,8667 Smitham Expressway Duxbury MA 02331 US
1f6f2290-5094-45af-9fdd-949f95435146,1963-09-30,,999-85-4174,S99995717,false,Mrs.,Elroy291,Maggio705,,Mante943,M,white,irish,F,Newton MA US,8315 Altenwerth Squares Suite 498 Duxbury MA 02331 US
65cba24d-bb4d-4013-a398-ea705da9239f,1996-01-04,,999-55-2170,S99997568,false,Ms.,Paula380,Heathcote725,,,,white,italian,F,Andover MA US,538 Schuppe Terrace Quincy MA 02269 US
423f07c3-38f6-4f67-8300-79d95b29117e,1953-09-11,,999-36-3065,S99962746,false,Mr.,Khalil176,Cronin520,,,M,white,polish,M,Boston MA US,762 Colleen Trafficway Quincy MA 02269 US
3177954e-1e27-4194-9c51-3da07887ecfc,1973-08-28,,999-64-7272,S99988858,false,Ms.,Zander873,Wiegand160,,,S,white,english,F,Hopkinton MA US,477 Juston Streets Suite 762 Duxbury MA 02332 US
ef97cb76-3ab2-4b7b-967c-4607afbbf554,1993-05-13,,999-35-7169,S99939464,false,Mr.,Blake728,Pfannerstill41,,,,white,german,M,Boston MA US,51788 Francis Courts Halifax MA 02338 US
2b2dbcce-0404-4a15-8ef9-1bc54cd5956f,1955-10-13,,999-46-2489,S99971114,X98600476X,Mrs.,Carmine506,Bogisich844,,Beatty236,M,white,irish,F,Hampden MA US,9779 Uriah Forks Weymouth MA 02191 US
60c6045c-9170-4340-9189-a663b269b2d8,1988-04-29,,999-97-4629,S99970175,X78430775X,Ms.,Jimmie410,Kunze72,,,S,white,portuguese,F,Attleboro MA US,24923 Moriah Key Halifax MA 02338 US
96e651f5-e1c6-48bb-988c-e8aad690285e,1948-11-05,2013-01-11,999-54-8577,S99965639,X57985255X,Mrs.,Kirsten327,Kozey657,,Lueilwitz716,M,black,west_indian,F,Lowell MA US,6654 Jordane Glen Brockton MA 02304 US
6e2b4a43-a940-4cba-8203-e05637176b78,2015-11-23,,999-94-7343,,,,Elmer0,Hessel662,,,,white,english,F,North Attleborough MA US,710 Smitham Canyon Apt. 715 Brockton MA 02303 US
a13611a7-cc11-4392-af49-4641ac0fba55,1989-12-04,,999-41-7359,S99911002,false,Ms.,Nestor78,Satterfield158,,,S,white,german,F,Wilbraham MA US,812 Pouros Skyway Brockton MA 02303 US
757f7af9-6d0d-4c18-85ca-9009bf15b43e,1960-09-26,,999-50-2467,S99992705,X32807688X,Mrs.,Elmore855,McDermott490,,Farrell246,M,white,italian,F,Boston MA US,644 Auer Causeway Apt. 365 Hanover MA 02339 US
92bd956a-e759-44d8-8738-aec357271d82,1984-06-27,2008-02-27,999-18-2892,S99998355,X55853198X,Mr.,Dorothea190,Shields195,,,,black,african,M,Pittsfield MA US,839 Bayer Unions Weymouth MA 02190 US
a3780806-9d52-48ae-b2d8-2ac225a8fd05,2013-11-08,,999-16-8437,,,,Lucas666,Smitham705,,,,white,irish,F,Williamstown MA US,1867 Mabel Burgs Apt. 133 Quincy MA 02170 US
898b79c7-8aea-486a-abf9-981e2227c987,2001-12-20,,999-30-5623,,,,Carolyn677,Stokes935,,,,white,english,F,Marlborough MA US,918 Gleason Walks Quincy MA 02269 US
541cc6b3-72b1-4af7-83c5-74bc54580f00,1943-06-22,,999-62-5677,S99988899,X78133319X,Mr.,Dina143,Larson691,,,M,white,irish,M,Leominster MA US,9774 Auer Lakes Hanson MA 02341 US
a93f76e6-ec7f-478f-b1b9-d5ed0528c9c1,1947-01-21,,999-90-1682,S99993708,false,Ms.,Lizeth464,Feest50,,,S,white,italian,F,Fall River MA US,9986 Cooper Branch Hanson MA 02341 US
d2d71551-d53f-432d-83cc-df20d8a3d4c3,2004-12-28,,999-35-8577,,,,Vincenza121,Carroll658,,,,white,irish,M,Cambridge MA US,3575 Drew Coves Hanover MA 02340 US
d53e97d6-afac-426d-86dc-18e3ab14a277,1965-07-12,,999-69-4224,S99919844,false,Mrs.,Robbie466,Spinka682,,Dickinson336,M,white,italian,F,Rochester MA US,360 Braun Run Brockton MA 02304 US
8b2e07f0-8291-4ae5-bfa5-dbaece4dbc74,2004-05-10,,999-94-2612,,,,Elvis595,Tromp639,,,,white,english,F,Dartmouth MA US,2489 Porter Creek Quincy MA 02169 US
b58bdd05-783b-409c-b317-87c02c510c38,1953-01-05,,999-90-6480,S99954313,X88214285X,Mrs.,Nannie60,Kilback494,,Fritsch85,M,white,polish,F,Haverhill MA US,5585 Schaden Crossing Hull MA 02045 US
5f0dcb3f-8b56-4c0d-815f-62ba5214f75a,1999-12-21,,999-17-6462,S99943594,,,Isidro236,Rohan6,,,,white,german,F,Cambridge MA US,9472 Ledner Dam Lakeville MA 02347 US
bdf1125c-bf7d-465e-8221-8879a61328e7,2011-03-28,,999-53-1696,,,,Henry59,Oberbrunner974,,,,asian,chinese,M,Maynard MA US,75815 Harold Ville Apt. 687 Hingham MA 02018 US
19dadba4-19e6-4de4-9d26-197e428bf893,2015-05-29,,999-79-5824,,,,Jerrod581,Walter251,,,,white,english,F,Braintree Town MA US,631 Melisa Groves Hingham MA 02018 US
cca5bc64-ed94-424f-9f53-e9b9b3369d46,1968-09-03,,999-70-5332,S99956484,false,Mrs.,Clovis138,Wehner221,,Hermiston486,M,white,portuguese,F,Somerville MA US,6884 Crona Way Suite 788 Brockton MA 02303 US
08fa8c0c-9e3c-4078-9394-b24d771fba9e,1935-07-21,,999-61-3992,S99938798,X46785710X,Mrs.,Dayne488,Rau904,,Friesen949,M,black,west_indian,F,Shrewsbury MA US,188 Wintheiser Station Apt. 671 Lakeville MA 02347 US
824611cc-14d0-4a5a-9ecc-f84fa6116546,1998-08-14,,999-92-9943,S99940952,,Ms.,Noble35,Kuhic851,,,,asian,chinese,F,Westborough MA US,42626 Welch Plaza Apt. 157 Weymouth MA 02189 US
994feddd-b19d-4c29-b07c-6935314ef0b5,1958-06-13,,999-19-2787,S99922718,X91087732X,Mrs.,Jeramy190,Turcotte237,,Cruickshank782,M,white,irish,F,Peabody MA US,41193 Rodolfo Lodge Brockton MA 02305 US
6cab8a38-3657-4c6f-8873-7d8b9348e858,2007-12-29,,999-33-3714,,,,Arch356,Barrows37,,,,white,portuguese,M,Salem MA US,5685 Verla View Suite 323 Kingston MA 02364 US
8eb27ca5-2c60-46ef-99d9-4b448acbb534,1971-11-27,,999-44-2862,S99981313,false,Mr.,Jana363,Grant175,,,S,black,african,M,North Adams MA US,158 Carter Ramp Apt. 926 Marion MA 02738 US
3c07fc57-2b3d-4fe7-8421-de1b248922b0,1957-08-15,,999-55-7853,S99990631,X73179956X,Mr.,Tom891,Weimann43,,,M,white,italian,M,Boston MA US,9278 Hudson Stravenue Apt. 725 Hull MA 02045 US
ab817bbf-1e95-4ab9-823a-63c8f32e0196,1985-01-20,,999-25-3476,S99936400,false,Mr.,Quincy85,Okuneva503,,,M,white,portuguese,M,Lawrence MA US,3705 Haley Isle Suite 839 Hull MA 02045 US
027d42ba-efc6-4375-a2f6-028320864d2d,2011-11-29,,999-49-1932,,,,Maida876,Johnston958,,,,white,irish,M,Amherst MA US,615 Parisian Passage Suite 762 Middleborough MA 02346 US
d26d2318-411b-4107-af88-3cc3d57dbe5d,1998-04-27,,999-65-5410,S99927021,,Ms.,Liliane367,Windler822,,,,white,english,F,Springfield MA US,35614 Kelton Court Apt. 197 Brockton MA 02303 US
85349386-2810-4bbd-85b4-1abcf4445b26,1956-12-25,2009-10-20,999-57-1374,S99935549,X97960929X,Mr.,Madilyn109,Windler822,,,S,asian,chinese,M,Lynn MA US,5330 Waelchi Wall Suite 177 Pembroke MA 02359 US
76c0f699-e0c8-4c6a-9507-ff170ceb8977,1934-04-10,,999-44-9911,S99919131,X95215706X,Mr.,Jana363,O'Hara796,,,M,white,irish,M,Northborough MA US,71058 Turcotte Park Brockton MA 02304 US
7916f185-1948-4b92-8847-e385b8c8c30b,1934-01-18,,999-10-9712,S99976384,X54675248X,Mr.,Eloise689,Windler822,,,M,black,dominican,M,Somerville MA US,715 Guy Manor Mattapoisett MA 02739 US
1ccb8a63-506f-4c06-a3c5-795446519bd5,1943-10-23,,999-49-2150,S99939249,false,Mrs.,Kendrick532,Douglas750,,Abshire919,M,white,english,F,Danvers MA US,14378 Cummings Springs Middleborough MA 02344 US
078c8818-6367-4300-9ff9-fd58d0fa6844,1950-10-09,,999-74-1729,S99915402,X14804425X,Ms.,Mayra33,Ledner563,,,S,white,portuguese,F,Plymouth MA US,881 Deborah Freeway Apt. 219 Marshfield MA 02065 US
1a23607c-a152-4a7d-9e4e-226a50d3e8f0,1958-10-11,,999-18-3793,S99924837,false,Mrs.,Breanna554,Kilback494,,Smitham705,M,white,polish,F,Rutland MA US,5354 Kristoffer Circle Marshfield MA 02050 US
ff11bd72-9800-4ec8-ac1c-784333004ce3,1966-05-09,,999-90-1331,S99911041,X67932992X,Mr.,Cory207,Steuber168,,,M,white,french_canadian,M,New Bedford MA US,515 Eleonore Park Marshfield MA 02065 US
24ee0f78-467d-4cc2-9a34-bd7162f5955c,1960-11-02,,999-10-3567,S99954785,X23021454X,Mr.,Clara990,Nienow887,,,M,white,irish,M,Boston MA US,5012 Aglae Parkways Brockton MA 02304 US
e4d4bd8b-432f-45a1-8034-2b87504d03f7,1979-06-21,,999-39-9881,S99997724,false,Mr.,Milford469,Bashirian129,,,S,white,irish,M,Boston MA US,428 Kovacek Groves Plymouth MA 02362 US
3d23b8a9-b48a-4281-b9a9-20bc5ca43b87,1960-10-08,,999-91-8809,S99918993,X68343809X,Mr.,Stone623,Robel771,,,M,white,french,M,Worcester MA US,86320 Rosalind Meadows Suite 982 Middleborough MA 02348 US
5d5f92f4-4f6d-47e5-a6f4-e79dab74c133,1931-03-02,2013-07-15,999-42-5830,S99956173,X25219008X,Mrs.,Sydnie186,Hoeger84,,Rohan6,M,white,french,F,Newton MA US,2869 Gusikowski Course Middleborough MA 02349 US
49b3c0c4-e05a-43c1-bc32-e33a7b4ddd78,1947-09-13,2003-05-23,999-64-9771,S99958644,false,Mr.,Renee133,Lockman614,,,M,white,scottish,M,Newton MA US,2766 Hagenes Dale Pembroke MA 02359 US
6e92fd50-24cd-416c-a284-fc7b98bd0ebb,1927-11-14,,999-75-3475,S99951584,X75747812X,Ms.,Enoch474,Prosacco439,,,S,white,english,F,Lexington MA US,7614 Martin Courts Suite 393 Marshfield MA 02065 US
a3b112c5-a245-4638-9908-7f3df75cb72a,1990-09-26,,999-97-5514,S99969374,X62979833X,Mr.,Keenan542,DuBuque399,,,,white,english,M,Boston MA US,7211 Corwin Skyway Apt. 526 Pembroke MA 02359 US
dc119f71-5413-4dcf-b4b1-6b064da54782,2014-04-09,,999-36-3526,,,,Lori636,Lueilwitz716,,,,white,irish,M,Tewksbury MA US,7976 Grant Cliff Apt. 720 Scituate MA 02040 US
4816f8dd-996a-4031-a700-d1a3bed7f1cd,1960-08-26,,999-12-1846,S99950094,X87118470X,Mr.,Manuel934,Friesen949,,,M,white,french,M,Holden MA US,2171 Armstrong Hills Wareham MA 02571 US
95718a8b-1baf-488a-9abc-93125052947d,1981-06-27,,999-72-7837,S99993013,false,Mr.,Niko129,Schmeler79,,,M,white,polish,M,Fall River MA US,61905 White Station Rockland MA 02370 US
e7b53cd9-0de3-49c7-a9cb-31f100b380fe,1953-09-23,,999-95-6160,S99923286,false,Mrs.,Jonatan866,Schuster993,,Beahan56,M,white,irish,F,Chicopee MA US,407 Juwan Highway Rockland MA 02370 US
a481bf03-63f4-47c8-b722-2610756c4455,1961-08-23,,999-51-4346,S99936658,X28393183X,Mrs.,Roy595,Watsica156,,Wisozk385,M,white,italian,F,Boston MA US,66378 Thad Drive West Bridgewater MA 02379 US
c332c138-5233-434c-903f-1f9939d436df,1986-12-01,,999-70-1860,S99952047,false,Mr.,Norwood591,Stracke175,,,M,white,irish,M,Boston MA US,28339 Gustave Fort Scituate MA 02066 US
90a6c049-b394-4f08-ac9d-2d5537924be6,2013-08-20,,999-67-3852,,,,Evelyn460,Smitham705,,,,white,french_canadian,M,Lexington MA US,45512 Susanna Corners West Bridgewater MA 02379 US
ba5dd099-ec5b-4d5d-be71-0ba22a5b3e3a,1951-05-24,,999-80-7709,S99913095,X69242443X,Ms.,Kaia270,O'Reilly368,,,S,white,german,F,Avon MA US,47529 Nolan Key Suite 269 Plymouth MA 02361 US
ce375ee2-d256-4476-91d8-af3a26cf2181,1971-07-21,,999-90-6325,S99955981,false,Mr.,Syble104,Lebsack415,,,M,white,italian,M,Northampton MA US,608 Bryce Dale Suite 975 Whitman MA 02382 US
53f3ed8c-4733-48ad-a8ae-497f1be3e285,1997-10-08,,999-71-6149,S99994963,,Mr.,Karley55,Fisher354,,,,white,irish,M,Lawrence MA US,3079 Reilly Rapids Brockton MA 02301 US
d7e4730a-c1ac-48c4-92a8-5c690294b960,2001-01-13,2015-11-14,999-49-6652,,,,Sarah199,Keeling487,,,,white,polish,M,Lawrence MA US,965 Claudie Springs Apt. 622 Whitman MA 02382 US
972d1c62-e77c-4880-8a7e-ea40999e3694,1989-04-01,,999-85-7735,S99910555,false,Mr.,Gracie41,Corwin850,,,M,white,german,M,Barnstable Town MA US,98995 Schaefer Tunnel Suite 322 Plymouth MA 02360 US
d7751e16-03d2-4757-b7ec-87515702f573,1970-10-23,,999-78-2567,S99957038,X43134445X,Ms.,Nora619,Reilly602,,,S,white,polish,F,Norton MA US,3997 Sharon Corners Apt. 530 Wareham MA 02571 US
73d2b7db-53b3-4e57-8235-b6d812569b7a,1961-03-05,,999-81-9113,S99932841,X53453620X,Mr.,Alexis0,Towne582,,,M,black,african,M,Lawrence MA US,675 King Union Suite 841 Whitman MA 02382 US
cebd9ebe-dbe8-4507-8406-d61238043655,2012-09-12,,999-10-7359,,,,Mabel298,Sauer496,,,,white,english,M,Agawam Town MA US,94369 DuBuque Junctions Whitman MA 02382 US
debb75b6-8da2-4b4b-bf93-d30a936deae9,1984-09-15,,999-54-2282,S99958926,X38165183X,Mrs.,Rowan764,McKenzie863,,Collier562,M,white,irish,F,Lexington MA US,275 Bergstrom Passage Boston MA 02217 US
4e7881bc-4a6d-4824-9580-7885bf18644f,2004-04-20,,999-20-6656,,,,Manuela161,Yundt612,,,,black,west_indian,M,Bourne MA US,2260 Terry Camp Apt. 224 Chelsea MA 02150 US
a4b5a30c-88a4-4dd6-8530-6b4292cb84c3,2000-11-17,,999-57-4870,S99999199,,,Coleman364,O'Kon648,,,,white,irish,F,Methuen Town MA US,15923 Waters Land Whitman MA 02382 US
81454766-71f3-47fa-b8ba-e0a2fc80a18f,1951-02-02,,999-98-5682,S99924037,X78029288X,Mr.,Kaitlyn985,Dickinson336,,,M,black,dominican,M,Berkley MA US,885 Manley Spring Suite 635 Plymouth MA 02362 US
43a528ae-93fe-4525-b06b-df1c9597517d,1992-01-07,,999-86-4559,S99986224,false,Ms.,Elta482,Heaney703,,,,white,portuguese,F,Malden MA US,53505 Streich Parks Revere MA 02151 US
03689191-7466-40a0-bbff-ee0c73994e1b,1960-12-02,,999-16-5611,S99912722,X63132263X,Mr.,Bella514,Gaylord311,,,M,asian,chinese,M,Chicopee MA US,4766 Dare Route Chelsea MA 02150 US
bd64068c-6798-4503-9de9-a469381b9689,1966-06-06,,999-76-3533,S99914184,false,Mrs.,Yasmine418,Robel771,,Turcotte237,M,white,italian,F,Norton MA US,924 Carter Burg Suite 405 Chelsea MA 02150 US
3b278f70-6551-4896-a129-453c3182405d,1991-09-13,,999-61-1102,S99989105,false,Ms.,Janiya167,Schowalter565,,,,white,italian,F,Fitchburg MA US,871 Kiera Fields Winthrop MA 02152 US
1ebbb5dc-cc72-49be-aec6-2bc5db0b56a4,2014-03-09,,999-14-8086,,,,Emie329,Carroll658,,,,hispanic,puerto_rican,F,Topsfield MA US,782 D'Amore Turnpike Suite 204 Chelsea MA 02150 US
d7ce2038-24d3-4174-9048-59a5c5b16403,1988-01-13,,999-90-3359,S99952236,X93819580X,Mr.,Michel877,Grimes456,,,M,white,italian,M,Brockton MA US,229 Okey Mountain Suite 883 Winthrop MA 02152 US
9e309921-abb4-4a95-9744-e3d1964776ca,2009-11-22,,999-34-8307,,,,Loraine80,Harvey961,,,,white,french,F,Marblehead MA US,8082 McDermott Courts Apt. 719 Revere MA 02151 US
8a7506f8-d8d8-4d68-b562-6c6c8e6cdd1d,1982-11-24,,999-20-5793,S99911398,false,Mrs.,Rowland239,Towne582,,Gutkowski946,M,white,english,F,Gill MA US,9773 Beer Cliff Suite 582 Plymouth MA 02360 US
4b73091b-93a0-4b00-abaf-70ea9686b27f,2007-10-30,,999-82-9827,,,,Issac928,Nolan207,,,,white,english,F,Fall River MA US,60785 Reuben Drive Plymouth MA 02362 US
0843d631-bf3c-470b-9b07-4ee38b931b28,1990-08-27,,999-31-2814,S99947400,X83224486X,Ms.,Pietro589,Hoppe300,,,,asian,chinese,F,Oxford MA US,4003 Borer Lakes Boston MA 02222 US
2dcf48da-7a89-4bcc-b413-f1f5d4dc06df,1982-12-03,,999-98-6556,S99958904,X44839532X,Mrs.,Giovanna173,Botsford57,,Lowe886,M,hispanic,puerto_rican,F,Melrose MA US,30026 Lionel Ville Suite 400 Revere MA 02151 US
c4dd400e-ccae-4b24-ab36-1410213c6386,2001-05-25,,999-42-3807,S99971901,,,Lucius452,Hilpert863,,,,hispanic,puerto_rican,F,Hull MA US,28831 Dominique View Revere MA 02151 US
5a4ad947-f8fd-4f41-8843-7680f01b35a5,1996-02-17,,999-37-6713,S99973037,false,Ms.,Gay867,Ferry608,,,,black,dominican,F,Canton MA US,6832 Johns Ridges Auburn MA 01501 US
4057b2b4-2969-4876-93f5-79c981129fd0,2002-08-08,,999-77-6804,,,,Leanne832,Ritchie555,,,,hispanic,puerto_rican,F,Agawam Town MA US,734 Malvina Garden Suite 691 Revere MA 02151 US
5c03673a-61f2-470d-856f-fd6a38c2e574,1971-11-10,,999-97-4257,S99934348,false,Mr.,Prince849,Welch327,,,M,asian,chinese,M,Northampton MA US,636 Howe Junction Boston MA 02222 US
bda94928-54cd-453b-b8df-bc600e9ae769,1944-08-04,1979-05-11,999-73-3767,S99974532,false,Mr.,Martine864,Crooks128,,,S,black,dominican,M,Chelsea MA US,598 Nikko Common Suite 875 Revere MA 02151 US
0736690c-307e-4552-9c87-b2a8fcb7283a,1985-03-13,,999-49-3918,S99928995,false,Mr.,Caterina279,Schneider787,,,S,white,portuguese,M,Somerville MA US,4163 Simonis Turnpike Chelsea MA 02150 US
ccfe1c14-78fe-4ad8-a5dc-abf435c6ca7e,2006-09-13,,999-78-4812,,,,Pete345,Aufderhar983,,,,hispanic,puerto_rican,M,Haverhill MA US,6815 Strosin Parks Suite 695 Boston MA 02109 US
2429fbbe-09a5-482b-ba66-7cc8f902b13c,1972-01-03,,999-96-7689,S99938152,false,Mrs.,Alford226,Lakin763,,Schultz324,M,black,west_indian,F,Chicopee MA US,142 Pouros Place Auburn MA 01501 US
7704c13b-1966-4979-be1e-8e9c705afc11,2014-11-14,,999-14-3165,,,,Tyshawn953,Glover856,,,,hispanic,puerto_rican,M,Bourne MA US,668 Dooley Tunnel Suite 890 Revere MA 02151 US
6b57706c-9ef5-46a8-9324-add1ff5ea410,1969-03-09,2016-07-17,999-80-6556,S99929892,X26093889X,Mr.,Annetta529,Spinka682,,,M,asian,chinese,M,Everett MA US,58359 Scot Ford Suite 101 Revere MA 02151 US
2bb91be7-4cee-4865-a35f-d766495d02a8,2015-02-18,,999-76-5288,,,,Georgianna238,Abshire919,,,,white,american,M,Framingham MA US,79023 Parker Glen Apt. 625 Athol MA 01331 US
61098758-7b61-47b8-9922-259e79947fb9,1947-04-24,,999-11-2555,S99924554,false,Mrs.,Zion519,O'Keefe574,,Weissnat992,M,black,west_indian,F,Newton MA US,473 Marvin Spring Chelsea MA 02150 US
c1f3f918-e83c-44fc-a9e6-7891d5e50d68,2002-06-20,,999-38-6899,,,,Erin678,Ortiz21,,,,white,russian,F,Boston MA US,226 Cielo Well Apt. 229 Athol MA 01331 US
0b4616c4-86e3-41f6-90b2-c76cf63e449e,1964-11-03,,999-98-8516,S99925807,X38248189X,Mrs.,Carli97,Volkman639,,Feeney538,M,white,french,F,Southborough MA US,19286 Gottlieb Causeway Auburn MA 01501 US
026ba94c-4a16-4af0-b1d5-158a441ec28a,2007-04-21,,999-53-4837,,,,Victoria804,Heller630,,,,hispanic,puerto_rican,M,Westborough MA US,61192 Denesik Viaduct Apt. 924 Chelsea MA 02150 US
31ba71ce-88af-43ff-ab64-c6638bca89ca,1978-06-16,,999-70-4553,S99959698,X57853542X,Mr.,Isabella10,Green619,,,S,black,dominican,M,Norfolk MA US,6072 Heller Street Auburn MA 01501 US
1e17bf58-e3f1-4d59-81c2-a2dedda9d842,1935-04-02,1981-03-21,999-15-6551,S99934935,X79102914X,Mr.,Camron764,D'Amore653,,,S,hispanic,puerto_rican,M,Rowley MA US,93193 Ankunding Crest Apt. 234 Berlin MA 01503 US
48f6711b-e2ad-48a7-8344-a2edc2471dd1,2011-05-29,,999-18-2168,,,,Edd3,Jerde959,,,,hispanic,puerto_rican,M,Framingham MA US,23272 Ziemann Walk Barre MA 01005 US
5f6a4bf0-aa15-49ed-b50f-f45e115f4dac,1950-05-27,2017-01-07,999-19-8665,S99991881,X28858740X,Mr.,Alexandro792,Reichel503,,,M,white,french,M,Fitchburg MA US,6395 Olson Rapid Blackstone MA 01504 US
b6e13542-bcc7-45d0-b05d-528b74b9dbaf,1991-09-03,,999-39-3943,S99959013,X24082489X,Mr.,Ayana875,Bogan983,,,,white,english,M,Falmouth MA US,10483 Hegmann Manor Apt. 797 Boston MA 02136 US
81a6c54e-8b51-4ddc-9877-621064b6ee59,1995-03-05,,999-44-8602,S99946268,false,Mr.,Spencer391,Cartwright250,,,,white,portuguese,M,Berkley MA US,164 Buster Glen Brookfield MA 01506 US
b5dbe2c0-003d-457d-83a8-d194dd9fdedf,2012-04-23,,999-32-7549,,,,Jean758,Borer438,,,,white,german,M,Maynard MA US,739 Price Rapid Bolton MA 01740 US
6eec9a81-0a9e-4cc9-8727-fc6db6b7ff98,2012-12-23,,999-23-6952,,,,Domenic780,Hamill808,,,,white,american,M,Weston MA US,5012 Glen Park Apt. 284 Douglas MA 01516 US
6f7b7390-7455-4347-89db-e2b4df391079,1946-12-06,,999-44-7035,S99973825,false,Mr.,Lilliana449,Fisher354,,,S,white,french,M,Hopkinton MA US,74436 Gleason Passage Apt. 998 Charlton MA 01507 US
6cf5e557-b80e-4656-b873-e45510ee0e5c,1974-02-28,,999-80-7699,S99992242,X81462803X,Mr.,Estevan917,Prosacco439,,,S,white,portuguese,M,Framingham MA US,4756 Amber Falls Bolton MA 01740 US
6005536f-4a8f-4d7c-8e07-d6febba68b6a,1974-11-19,,999-48-5574,S99958156,false,Mr.,Aliya67,Borer438,,,M,white,american,M,Holyoke MA US,341 Hobart Fall Douglas MA 01516 US
80f90767-ac3d-4a7a-9319-c33ff22fb782,2009-04-11,,999-11-7666,,,,Garnet168,Wunsch254,,,,white,american,F,Georgetown MA US,511 Geovanni Ridge Suite 482 Boston MA 02111 US
7d72a118-2d18-4bf3-98e2-3eb0e28abea5,1976-07-02,,999-86-9314,S99967461,false,Ms.,Autumn241,D'Amore653,,,S,white,irish,F,Hingham MA US,11108 Rachelle Courts Suite 232 East Brookfield MA 01515 US
b24241ef-27b0-40ec-ae03-09c3521f3c00,1956-02-08,,999-95-9391,S99986162,false,Mr.,Diego171,Hilpert863,,,M,white,italian,M,Winchendon MA US,834 Collins Way Suite 523 Dudley MA 01571 US
c5ddcfe1-4be4-4a07-8f6b-f677410b5dae,2003-02-05,,999-17-1245,,,,Arvel709,Fritsch85,,,,white,polish,M,Boston MA US,65082 Hamill Ranch Suite 781 Fitchburg MA 01420 US
e9c2fccc-c3c1-4247-bf32-a639085e52f4,1951-07-04,,999-23-3074,S99918722,false,Mr.,Nikko378,Hettinger748,,,S,hispanic,puerto_rican,M,Norton MA US,358 Bernhard Wells Dudley MA 01571 US
b45f0b79-2123-4f4f-a93d-f1419be7fada,2001-02-10,,999-94-1883,S99994453,,,Bridget932,Rempel495,,,,white,scottish,F,Springfield MA US,29311 Emmerich Center Apt. 656 Douglas MA 01516 US
fd4770ca-aa23-4108-8fe5-b5100b1772ba,2016-10-13,,999-22-9341,,,,Mallory13,Roob929,,,,black,west_indian,F,Salem MA US,6048 Wanda Ridge Boston MA 02222 US
922443b7-53fe-4e19-8d25-327621436d7b,2001-12-03,,999-48-9959,,,,Cheyenne407,Wiza76,,,,white,scottish,F,Lowell MA US,70263 Nienow Village Apt. 738 Clinton MA 01510 US
8369a527-e434-45d7-b5dc-3ca46b89d43b,1991-07-13,,999-41-8955,S99913879,false,Ms.,Quinton563,Little419,,,,white,french,F,Barnstable Town MA US,66644 Lehner Valleys Suite 316 Grafton MA 01519 US
71e6a175-ff08-4204-87b2-23339883dd40,1948-04-12,,999-90-4950,S99913836,X30808481X,Mr.,Jacques700,Beahan56,,,M,white,irish,M,Milford MA US,8307 O'Keefe Field Clinton MA 01510 US
b68524d1-ed47-49ad-a893-f00d08fddbba,2015-05-11,,999-67-6526,,,,Ericka821,Renner675,,,,white,english,M,Duxbury MA US,1176 Goldner Bridge Dudley MA 01571 US
809713fc-9fa2-41e0-9db7-a4b2f83bfe70,1969-03-30,,999-99-2207,S99977309,X41030228X,Mr.,Carmelo523,Adams180,,,M,hispanic,central_american,M,Boston MA US,635 Goodwin Union Holden MA 01520 US
7b09c408-9be2-4362-8adf-433b3bfcf15e,1990-10-18,,999-66-8264,S99956183,X93301932X,Mr.,Glennie166,Stracke175,,,,hispanic,puerto_rican,M,New Bedford MA US,44385 Connelly Rapids Apt. 376 Boston MA 02205 US
43caf0aa-1579-45ee-8f25-16f2cbef1df7,1996-06-12,,999-74-8774,S99926221,X67406034X,Ms.,Norma90,Stark492,,,,white,english,F,Fall River MA US,463 Reilly Garden Boston MA 02201 US
62ec7bec-0a44-4253-baa7-90e3f5bf2f1c,2009-04-06,,999-68-9774,,,,Rhett150,Jacobs906,,,,white,english,M,Lowell MA US,8191 Lueilwitz Land Fitchburg MA 01420 US
6f5c3260-3c37-4527-8217-54959cc0293f,1968-12-06,,999-65-5900,S99927132,false,Mr.,Nathanael496,Strosin15,,,M,white,english,M,Burlington MA US,9603 Dare Street Suite 928 Gardner MA 01440 US
e0bc5fd2-1eab-4eed-8d66-fac07469e809,1965-08-23,,999-20-5376,S99926681,X21787328X,Mr.,Tracy510,Hansen74,,,M,white,irish,M,Northampton MA US,640 Rowe Ramp Suite 955 Grafton MA 01519 US
9647debf-6c3a-4435-bb5d-98230695db91,2011-09-17,,999-23-8886,,,,Jerel51,Bosco441,,,,white,irish,F,Natick MA US,2917 Kuhic Keys Suite 250 Boston MA 02203 US
b83ee62c-f60d-49b2-84a7-6b70117b7863,1998-10-29,,999-27-3196,S99911723,,Mr.,Trystan702,Kohler54,,,,white,italian,M,Brewster MA US,5734 Cronin Light Grafton MA 01519 US
8b78d05e-1f3c-4c5f-923d-3f3f00666912,1968-02-14,2013-12-18,999-70-9376,S99947251,false,Mr.,Kailee627,O'Keefe574,,,M,white,american,M,Hull MA US,20916 Maureen Corner Boston MA 02116 US
8c571510-44e1-49af-a617-37ce9701d273,1990-03-17,,999-24-5792,S99971465,X65663784X,Mrs.,Maxine401,Luettgen780,,Will523,M,asian,chinese,F,Warren MA US,567 Thiel Key Suite 600 Gardner MA 01440 US
4e868811-33c8-4f11-8e3b-e7a319312e3f,1958-10-15,,999-44-8308,S99966970,false,Ms.,Austyn991,Von395,,,S,white,english,F,New Bedford MA US,8617 Okuneva Mills Suite 737 Grafton MA 01519 US
dbc42bb5-2cbf-42e3-b49c-32d83038519c,1990-10-25,,999-12-2270,S99970241,X49194090X,Mr.,Kyleigh121,Bauch930,,,,white,irish,M,Springfield MA US,78091 Juana Road Lancaster MA 01523 US
c15dafee-0bcd-49fe-8f52-ec942762ff01,1981-04-30,,999-72-9120,S99996450,false,Mr.,Trycia511,Weimann43,,,M,white,portuguese,M,Groveland MA US,753 Jones Vista Apt. 134 Hubbardston MA 01452 US
a1427a3e-26a1-4e3c-a32c-83613b94a5d9,1968-03-06,,999-86-5390,S99952799,false,Mrs.,Estelle312,Daugherty866,,Boyer546,M,white,italian,F,Wayland MA US,7258 Luna Drives Leicester MA 01524 US
b86aa105-0fbd-4cfb-a1e8-0a2851717442,2012-03-01,,999-74-3286,,,,Dell853,Casper135,,,,white,irish,F,Revere MA US,18930 Lubowitz Trace Apt. 677 Boston MA 02110 US
9395ad39-f43c-4230-a110-37735ba3f13f,2014-12-09,,999-67-6802,,,,Alice665,Swaniawski131,,,,white,irish,M,Wareham MA US,7523 Herman Shoal Leicester MA 01524 US
9a39fc9a-6313-4182-b853-b7810136f7da,1968-03-16,,999-56-7227,S99979569,X61604222X,Mrs.,Velva370,Hilpert863,,Collins869,M,white,english,F,Cambridge MA US,29298 Sam Plaza Apt. 137 Leicester MA 01524 US
2de8ccee-3ceb-4b54-b536-7f772865f810,2011-02-16,,999-92-1014,,,,Allan744,Beahan56,,,,black,african,F,Everett MA US,771 Wilkinson Groves Apt. 307 Holden MA 01520 US
7d1aeae1-a307-4fa9-bea7-777753d34356,1974-01-28,,999-51-3570,S99983436,X92379851X,Mr.,Waino460,Schmeler79,,,M,white,italian,M,Worcester MA US,623 Kling Landing Lunenburg MA 01462 US
4304201b-bed7-4360-9843-a69b2303e757,1987-03-23,,999-64-4091,S99923228,false,Mr.,Julia433,Nitzsche806,,,M,hispanic,puerto_rican,M,Boston MA US,2702 Berge Summit Mendon MA 01756 US
208353ed-b6d3-4bd4-9f81-8925241699d3,1967-01-23,,999-16-6585,S99986941,X23461539X,Mr.,Nat970,Denesik641,,,M,white,polish,M,New Bedford MA US,4130 Grant Ridge Lunenburg MA 01462 US
cb29fa83-ab55-47ed-9c43-92a5b93c5af8,1966-02-16,,999-22-3685,S99916986,false,Mr.,Sabina384,Feeney538,,,S,white,irish,M,Boston MA US,4735 Cydney Fields Fitchburg MA 01420 US
4c7e99f2-da74-4ee6-af86-4838e33fd05e,1953-01-05,,999-68-7200,S99999450,X24116097X,Mrs.,Sylvan729,Kertzmann752,,Hettinger748,M,asian,chinese,F,Georgetown MA US,65647 Rodriguez Camp Mendon MA 01756 US
4c6ffa90-3919-4f29-9f2e-d62b50a1e6f0,1991-05-26,,999-49-1663,S99948020,false,Ms.,Elvis595,Bins978,,,,black,african,F,Taunton MA US,28785 Pearl Parkway Mendon MA 01756 US
5798dbb1-c624-4c75-961f-60eee7746149,1971-09-20,2013-11-11,999-64-2320,S99955317,false,Mr.,Ezequiel909,Streich664,,,M,white,scottish,M,Worcester MA US,96184 Reuben Union Apt. 169 Lunenburg MA 01462 US
40a17d22-49d8-4bd2-8843-1c2cba21a217,2000-10-27,,999-33-8456,S99975066,,,Nat970,Ebert604,,,,black,dominican,M,Hopkinton MA US,529 Jeffry Field Lunenburg MA 01462 US
ccea20cd-5764-48a0-97dd-42f24a6fd8b0,1940-04-01,2015-01-05,999-50-3545,S99927775,X42800099X,Mr.,Barton351,Dooley862,,,M,black,dominican,M,Athol MA US,343 Nicolas Island Millbury MA 01586 US
ebb8db5a-ed22-46aa-bdeb-46dad2e40940,1979-08-21,,999-15-1721,S99946901,false,Ms.,Fredy748,Koepp421,,,S,white,irish,F,Quincy MA US,3067 Neal Trail Apt. 256 Milford MA 01757 US
836f9e5a-40f8-4880-b250-2254ff3757ed,2004-05-16,,999-10-4018,,,,Darrin319,Beatty236,,,,asian,asian_indian,M,Boston MA US,501 Farrell Walks Suite 634 Boston MA 02199 US
3f6b2176-f2e4-4c21-8c69-514bb6e5845a,1988-11-26,,999-80-6435,S99956021,false,Mr.,Houston301,Stracke175,,,M,asian,asian_indian,M,Plymouth MA US,3451 MacGyver Way Milford MA 01757 US
a5f7bf02-e513-4886-a17a-6df13870a3e0,2004-04-19,,999-84-6538,,,,Daphney99,Stracke175,,,,black,african,M,Needham MA US,312 Roman Run Milford MA 01757 US
35dbb970-ef77-4168-aa20-507845bd434f,2002-08-06,,999-14-3451,,,,Carolanne393,Bayer843,,,,white,french,F,Longmeadow MA US,17987 Terrell Alley Milford MA 01757 US
f31e3043-b651-4f2d-8f27-39125a3033a5,1955-07-24,,999-45-4156,S99963070,false,Mrs.,Melody175,Will523,,Morissette909,M,white,portuguese,F,Brockton MA US,93133 Ashleigh Vista Milford MA 01757 US
9708520f-3fcd-4a29-be5f-dda69b3f3ed1,1969-08-10,,999-13-1284,S99966079,X65897392X,Mrs.,Caleigh483,Heaney703,,Abernathy746,M,white,irish,F,Hingham MA US,402 Amina Ferry Millbury MA 01586 US
6c687caf-3e7c-4ad7-92ad-71a3da01eeee,2013-08-07,,999-42-3670,,,,Haylee220,Terry768,,,,white,english,F,Wilmington MA US,7296 Mozelle Prairie Apt. 499 Milford MA 01757 US
df2ca631-f8f9-4f09-b9b3-bb2e38c29644,2009-05-13,,999-24-9437,,,,Elva206,Hamill808,,,,white,polish,F,Plymouth MA US,84734 Daisy Street Apt. 797 Leominster MA 01453 US
b06cc4a9-6545-4fb7-b5ee-4da58498e943,2014-03-22,,999-61-1280,,,,Gretchen740,Kris701,,,,white,irish,F,Mashpee MA US,44002 Jamie Rest Milford MA 01757 US
4d21ec3d-33dc-4f63-a8e8-71fd2ca95acb,1991-06-29,,999-88-4098,S99969208,X84929606X,Ms.,Florencio93,Bednar797,,,,white,polish,F,Barnstable Town MA US,396 Madonna Circle Suite 293 Millbury MA 01527 US
1b1e5861-760e-4674-bdd2-3d81c119249a,2005-07-23,,999-48-2716,,,,Brant17,McCullough226,,,,white,french,M,Natick MA US,585 Fritsch Dale Apt. 925 Milford MA 01757 US
e992b64b-30d1-4942-b29c-8970c0bdf9b6,1959-01-29,2015-05-21,999-22-2391,S99942450,false,Mr.,Burdette862,Mraz432,,,M,white,irish,M,Dedham MA US,29255 Telly Throughway Milford MA 01757 US
422bd403-4e25-44e1-b549-2ca66c1682d0,1973-06-05,,999-62-7287,S99999765,false,Mrs.,Yessenia73,Rempel495,,Huel366,M,white,english,F,Scituate MA US,59554 Gene Islands Fitchburg MA 01420 US
2223513b-5d1f-4702-a69f-df3cc710ac18,1985-10-02,,999-41-1685,S99923363,X63171182X,Mrs.,Enos147,Goldner843,,Lang840,M,white,irish,F,Methuen Town MA US,3193 Fanny Lodge Suite 340 Millville MA 01529 US
a331915a-d0e2-416c-9dd9-3877e51eb248,2000-03-23,,999-10-8727,S99954790,,,Allene312,Koss397,,,,white,italian,F,Salem MA US,8757 Kathleen Parkways Fitchburg MA 01420 US
9ff146ac-463b-401d-917a-8143b618c154,1953-12-05,2009-05-10,999-58-4571,S99958223,false,Mrs.,Jon32,Klein442,,Denesik641,M,hispanic,puerto_rican,F,New Bedford MA US,2008 Nitzsche Union Apt. 135 Boston MA 02126 US
9f186f7f-e474-4aa9-ae66-b9015f517e56,1981-04-23,,999-67-9999,S99924463,false,Mrs.,Carmel239,Adams180,,Mills225,M,white,irish,F,Saugus MA US,58763 Hermann Springs Suite 509 Northborough MA 01532 US
fe866177-ac1a-4252-be87-8bf662ba7f44,1970-11-08,,999-36-6979,S99968497,false,Ms.,Fannie360,Stark492,,,S,white,italian,F,Peabody MA US,477 Jayce Ports Apt. 240 Northbridge MA 01534 US
c8dd7d1a-12e2-401a-9d12-7b8f6c8e63e4,1963-05-28,,999-48-4169,S99917291,X52304818X,Mr.,Shaina912,Predovic168,,,M,white,english,M,Somerville MA US,633 Thea Canyon Apt. 336 Milford MA 01757 US
689a8a14-deff-413c-a570-86538efdbe05,1988-11-07,,999-76-8922,S99947797,X89458237X,Ms.,Morton0,Jaskolski977,,,S,hispanic,mexican,F,Ludlow MA US,8407 Nolan Well North Brookfield MA 01535 US
606b4847-5a71-4d5b-962d-6761694be31e,1988-06-05,,999-83-2239,S99962075,X28589395X,Mrs.,Willa97,Carroll658,,Bashirian129,M,white,italian,F,West Springfield Town MA US,36757 Ambrose Garden Suite 547 Northborough MA 01532 US
fde6328c-825a-479e-910c-0eaa5abb4dbc,2015-08-04,,999-10-6018,,,,Ettie51,Will523,,,,white,italian,M,Hingham MA US,75832 Dibbert Alley Leominster MA 01453 US
4484a680-2c52-43fe-a286-fd73db16685d,1973-04-18,,999-62-8891,S99929476,false,Mrs.,Chadrick851,Parker58,,Brakus830,M,white,swedish,F,Marblehead MA US,8601 Brigitte Junction Apt. 468 Oxford MA 01540 US
60a21e4e-ad2a-4397-9b47-abcfecb33f1a,1938-10-29,,999-48-1188,S99950073,false,Mr.,Ardith143,Wyman650,,,M,white,french,M,Rehoboth MA US,646 Martine Meadows Paxton MA 01612 US
efeaa5d2-2b0b-4b54-acc8-4a549195de05,1951-11-04,,999-76-5956,S99915328,X66668181X,Mrs.,Kaley858,O'Conner125,,Hackett678,M,white,german,F,Cambridge MA US,203 Gina Valleys Paxton MA 01612 US
e8d394f9-2aa0-48d3-9271-8e8cf31d78ba,1994-09-09,,999-19-4827,S99997641,false,Ms.,Okey769,Brakus830,,,,white,american,F,Worcester MA US,330 Schiller Landing Phillipston MA 01331 US
1b56fa84-5afc-4cfc-9639-e88b6e607659,1999-07-11,,999-61-7028,S99949447,,,Jed372,Zboncak48,,,,hispanic,mexican,F,Salem MA US,9308 Sonya Ridges Suite 602 Boston MA 02123 US
393f4a3a-488e-401a-a15e-12865cc135f1,1966-04-23,,999-44-6655,S99984339,X25537758X,Mr.,Casimir350,Ortiz21,,,S,white,american,M,Fall River MA US,5599 Christiansen Viaduct Apt. 219 Oxford MA 01540 US
fe716856-48ec-493a-9644-eb51e8e697d7,2013-07-07,,999-30-9496,,,,Audreanne496,Haley553,,,,white,english,F,Quincy MA US,9487 Bernhard Viaduct Boston MA 02122 US
9a74491a-0d87-453f-9783-fee9438df975,2014-01-13,,999-37-3755,,,,Matt500,Lind470,,,,white,french_canadian,F,Chelsea MA US,32939 Schuyler Villages Shrewsbury MA 01546 US
19358128-98ff-49b9-961f-810f151ca1c7,1940-06-12,,999-92-3701,S99930740,false,Mr.,Meggie949,Connelly0,,,M,white,irish,M,Freetown MA US,11689 Lucy Club Apt. 277 Shrewsbury MA 01545 US
61d2f690-bb23-42c6-b6e6-08563bcd7a33,1959-12-28,,999-48-7965,S99984358,X36243127X,Mr.,Billy100,Vandervort620,,,M,white,polish,M,Athol MA US,5859 Lindgren Ford Suite 574 Boston MA 02284 US
84dde770-6a09-4bc3-b82a-bdc63193638b,1965-06-12,,999-24-7678,S99983873,false,Mr.,Zoey323,Morar586,,,M,white,french,M,Westfield MA US,813 Ardella Heights Suite 214 Southbridge MA 01550 US
ef1b8248-6214-4a35-8c43-7e42fe015eab,1984-05-11,,999-92-5409,S99975608,false,Mrs.,Martine864,Barton351,,Stroman864,M,white,italian,F,Boston MA US,995 Lyric Avenue Southbridge MA 01550 US
d34b2a04-bb19-4dfc-aa24-c3555ef3f60f,1978-03-11,,999-58-3357,S99962821,X59606526X,Mr.,Lolita173,Leannon102,,,M,white,irish,M,Dartmouth MA US,58344 Purdy Stream Rutland MA 01543 US
acd3da50-e8a6-41bb-a846-392a6d36dbfd,1930-09-14,1985-10-30,999-32-8624,S99977591,false,Mrs.,Manuela161,Grimes456,,Cremin119,M,white,portuguese,F,Attleboro MA US,4640 Eliza Alley Apt. 581 Shrewsbury MA 01545 US
12a16e2e-cd5c-4a11-b8fe-9d91a544dcb3,1993-09-01,,999-13-3583,S99917245,X89095958X,Ms.,Albert620,Baumbach704,,,,white,irish,F,Dedham MA US,24623 Nicholas Avenue Suite 976 Spencer MA 01562 US
7f488c8c-4ee4-41d0-b436-66399a5bac0c,1982-11-10,,999-38-8225,S99970281,X57353625X,Mrs.,Melba451,Thompson901,,Waters709,M,white,english,F,Hanson MA US,33172 Zachariah Camp Apt. 994 Boston MA 02114 US
0a6baad2-a907-40dc-b521-f5aa5cba93d6,1965-06-01,,999-39-2616,S99910793,X42090578X,Mrs.,Marcellus428,Wilkinson801,,Quigley689,M,white,french,F,Manchester-by-the-Sea MA US,87785 Marie Flat Apt. 703 Sturbridge MA 01566 US
85973e23-8649-4b64-bb92-46c7bd9f388d,2016-05-04,,999-92-6237,,,,Owen13,Roob929,,,,white,french,M,Canton MA US,146 Ernestine Streets Sutton MA 01590 US
297f834c-7c81-4afc-a44f-dfc0440f49bf,1930-08-12,2016-10-25,999-55-8017,S99928830,false,Mr.,Deangelo41,Schoen119,,,M,black,african,M,Medford MA US,59563 Abigayle Freeway Sutton MA 01590 US
711ab3e1-ff94-400a-af83-fd014e8306dc,1988-05-16,,999-33-5800,S99947178,X77333280X,Mrs.,Demarco886,Skiles207,,Farrell246,M,asian,chinese,F,Boston MA US,94988 Kristofer Groves Boston MA 02217 US
7ea30575-c43f-4ea5-b7d6-5b816a1a23a5,1959-03-18,,999-84-5112,S99920228,false,Mrs.,Ernest499,Hegmann501,,Wiza76,M,hispanic,puerto_rican,F,Chicopee MA US,3571 Trenton View Suite 194 Sutton MA 01590 US
a17a06cb-6d29-4c50-a2b2-54d767a53d5a,1969-05-15,,999-86-7627,S99966616,false,Mr.,Abbie295,Kshlerin530,,,M,white,irish,M,Westfield MA US,47414 Wunsch Orchard Templeton MA 01468 US
92ae1189-eb7e-43e2-bbbd-6fe42919dde9,2005-06-21,,999-29-4011,,,,Lorna146,Cartwright250,,,,white,portuguese,F,New Bedford MA US,480 Kathlyn Branch Suite 662 Shrewsbury MA 01546 US
56b180d9-c23f-468a-9ff9-db770cf5e00e,1930-05-23,,999-11-7382,S99912922,false,Ms.,Kurt123,Konopelski113,,,S,white,french,F,Lowell MA US,7864 Camron Estates Templeton MA 01468 US
f147b38d-d3b1-4408-8a2b-c34d431113f4,1972-10-05,,999-97-7290,S99924269,false,Mrs.,Holden389,Windler822,,Friesen949,M,white,scottish,F,Winthrop Town MA US,9797 Keyshawn Lane Apt. 686 Sutton MA 01590 US
82b92066-f3ad-4b0b-801d-1ec05bf0b03f,1993-09-18,,999-12-1352,S99923282,false,Ms.,Felicity572,Heaney703,,,,black,african,F,Clinton MA US,151 Farrell Ports Apt. 965 Boston MA 02115 US
becf7472-c238-440f-a035-0e30465f9199,1985-09-08,,999-58-4936,S99917080,false,Mr.,Arno810,Rowe334,PhD,,S,white,italian,M,Newton MA US,344 Gulgowski Glens Boston MA 02163 US
ae9a3e0a-c732-41a9-9d41-2393516a00d9,2013-12-02,,999-24-8962,,,,Abelardo421,Gorczany993,,,,white,italian,F,Cambridge MA US,201 Farrell Junction Warren MA 01083 US
a5ac1e6e-5fc9-40a4-83a0-5ccd83b32716,2015-05-12,,999-43-9431,,,,Hayden552,Wilkinson801,,,,white,english,M,Brockton MA US,6196 Nedra Flat Apt. 823 Boston MA 02204 US
0d5ec12f-41a7-496c-9cbf-976515094c77,1951-02-15,,999-52-1143,S99970445,X35649937X,Mrs.,Tad868,Murphy757,,Bradtke68,M,black,african,F,Mashpee MA US,29741 Olin Crossroad Boston MA 02117 US
4f65ff9c-21bc-42d0-933e-28e640dc8aff,1989-10-10,,999-81-6012,S99964606,false,Mrs.,Kaylee361,Osinski65,,Schulist336,M,white,italian,F,Worcester MA US,8689 Bernice Green Warren MA 01083 US
c11a0be9-d6cd-4a16-a9c5-7a928b82536f,1987-07-13,,999-37-3979,S99923498,false,Ms.,Evans771,Rath957,,,S,hispanic,puerto_rican,F,Somerville MA US,88140 Dach Brooks Boston MA 02124 US
7e642b60-bea4-4623-bd95-e6e1273c965f,1952-08-14,,999-36-3952,S99984862,X12969404X,Mr.,Curt924,Grant175,,,M,white,irish,M,Leominster MA US,55529 Keeley Key Uxbridge MA 01569 US
15471fa0-39bd-4120-b5af-a08e6ad6978e,1962-03-16,,999-71-6078,S99993279,false,Mr.,Gene27,Mills225,,,M,white,german,M,Chatham MA US,446 Crona Fort Uxbridge MA 01569 US
0bdc7383-9336-4ea9-8cde-e6260273e25a,1947-04-18,,999-36-4721,S99921528,false,Mr.,Dayna605,Flatley743,,,M,hispanic,mexican,M,Boston MA US,27898 Pacocha Track Webster MA 01570 US
5c3c4671-46ab-4e1f-a21e-8d01203db171,1960-03-30,,999-45-1899,S99980590,false,Mr.,Ruby720,Kirlin77,,,M,black,dominican,M,Lakeville MA US,502 Frami Land Suite 301 West Boylston MA 01583 US
2e8eae86-38a9-47fd-948e-aa32e4787a08,1972-06-23,,999-25-3844,S99941988,false,Ms.,Eliseo203,Fadel237,,,S,white,french_canadian,F,Mashpee MA US,37446 Schoen Drive Apt. 783 Westborough MA 01581 US
0edd6e8c-336b-43e8-89d1-171a19edb69e,2013-06-12,,999-79-8601,,,,Shannon962,Stanton789,,,,white,irish,F,Taunton MA US,27805 Schoen Freeway Suite 713 West Brookfield MA 01585 US
039b2fab-5461-4405-9b0c-eb24b2be2ed7,1978-11-21,,999-98-1959,S99955168,false,Mrs.,Jeremie259,Stokes935,,Ziemann158,M,white,swedish,F,Belmont MA US,207 Moore Street Webster MA 01570 US
27df20fe-f61f-40ce-a595-d3519065c4b3,1989-06-07,,999-66-9601,S99975569,X15019617X,Ms.,Pearl56,Berge315,,,S,white,french_canadian,F,Hudson MA US,7111 Berta Falls Shrewsbury MA 01545 US
b3cfd1c6-94de-4e87-97d0-1f8a972bc39e,1993-10-26,,999-46-2028,S99969583,false,Mr.,Gideon513,Strosin15,,,,hispanic,puerto_rican,M,Lowell MA US,2194 Lonny Plain Westminster MA 01441 US
35460bb3-a277-4bee-bc45-7fd06adf7b8f,1981-03-06,,999-86-7002,S99953790,X65135186X,Mrs.,Kayden707,Stark492,,Homenick118,M,asian,asian_indian,F,Great Barrington MA US,764 Lesch Manors Webster MA 01570 US
101c96b2-e956-445e-9745-42a5897f43fb,1990-06-14,,999-11-9200,S99982425,false,Ms.,Torrey323,Wiegand160,,,,white,italian,F,Leominster MA US,3784 Abbott Rue Westminster MA 01473 US
a768a85c-770f-43cf-914b-531c27a661bc,1991-05-29,,999-32-5800,S99965966,false,Mr.,Kayleigh374,Abbott509,,,,white,french,M,Salem MA US,9404 Glennie Inlet Winchendon MA 01475 US
3999d532-9cfa-4b80-98f7-2c2fc0395224,2004-08-07,,999-33-1541,,,,Misael16,Kerluke829,,,,white,english,M,Lynn MA US,47548 Hessel Points Winchendon MA 01475 US
57490716-f412-474e-8aa0-fce7e18ec0ac,1951-04-01,,999-84-2319,S99913334,false,Mr.,Spencer391,Schiller21,,,M,white,french,M,Monson MA US,8934 Carlos Heights Boston MA 02108 US
390a8020-1fa6-4995-b4b7-cb4f75ee1cd9,1967-07-29,,999-54-5949,S99964893,false,Mrs.,Melvin117,Toy38,,Hickle792,M,asian,chinese,F,Ashland MA US,675 Frances Haven Suite 617 Boston MA 02118 US
63fb6a49-3944-4e4a-ade0-baed5b239dfa,1962-11-14,,999-44-7966,S99997534,X10555640X,Mrs.,Elisa218,O'Keefe574,,Dach132,M,asian,asian_indian,F,Monson MA US,25841 Darby Mountain Suite 487 Boston MA 02118 US
8aefe652-b468-4659-a23e-aeca2166c069,1940-05-12,,999-60-9062,S99950218,X14747229X,Mr.,Sabina384,Grimes456,,,M,white,irish,M,Boston MA US,1026 Dixie Falls Suite 850 Worcester MA 01606 US
0a8059f3-c6a6-4dad-9729-79add55e0e12,1987-11-28,,999-26-3919,S99987021,false,Mr.,Opal556,Schumm367,,,S,white,irish,M,Newbury MA US,1437 Lebsack Underpass Apt. 414 Boston MA 02215 US
b8706931-7ba0-4cd1-bb44-0e418c10d3fc,1961-11-26,1990-02-04,999-23-2921,S99948362,X91453356X,Mr.,London32,Gislason613,,,M,white,italian,M,Lowell MA US,286 Donnelly Alley Suite 736 Worcester MA 01613 US
deea636f-cd8a-4d0a-8653-f610bca97ada,1978-06-18,,999-23-4611,S99920410,false,Mr.,Lamar504,Quitzon392,,,S,white,polish,M,Spencer MA US,2830 Isabelle Motorway Worcester MA 01653 US
82b0c1b0-f41a-4271-ab1d-62f9bd44cf79,2001-12-20,,999-80-9393,,,,Leopoldo57,Macejkovic315,,,,white,irish,F,Lynn MA US,475 Cummerata Lake Suite 649 Boston MA 02112 US
68eca988-1025-40b4-8363-5d9d79764c3c,1935-12-03,,999-46-2056,S99989481,X76563120X,Mrs.,Tiana32,Dibbert529,,Kiehn654,M,white,irish,F,Amherst MA US,81814 Daugherty Station Worcester MA 01601 US
f3c01686-c1a8-454c-9892-142279b22f9f,1998-08-01,,999-34-8865,S99992168,,Mr.,Rhoda641,Ankunding471,,,,white,irish,M,Springfield MA US,3547 Gabe Locks Suite 267 Boston MA 02111 US
f3aff476-b695-48bd-a5c1-d1fb41cb0834,1984-06-11,,999-13-5515,S99931767,false,Mr.,Carli97,Bartoletti882,,,S,white,portuguese,M,Belchertown MA US,133 Harris Turnpike Boston MA 02110 US
bbe8f307-4876-48cf-96f9-005bcc5e7ed2,1990-06-29,,999-86-3403,S99986266,X61739645X,Ms.,Ebony976,Powlowski414,,,,white,english,F,Lenox MA US,27477 Brakus Plain Apt. 133 Worcester MA 01614 US
0d544fc3-ffe9-4ec0-bada-4bc2025af0a1,1983-01-12,,999-85-9229,S99937409,false,Mr.,Darrion969,Goodwin263,,,S,white,french_canadian,M,Andover MA US,53314 Wilber Forks Suite 838 Boston MA 02206 US
32283777-b0ab-49ee-87ff-8223633e9563,2011-01-30,,999-79-8459,,,,Erica712,Lueilwitz716,,,,white,french,M,Northampton MA US,80988 Josiah Villages Boston MA 02132 US
d0d8f0c3-7975-4e07-9014-0be942331ae3,1964-02-22,,999-85-8337,S99986370,false,Mr.,Robbie466,Muller64,,,M,asian,asian_indian,M,Chicopee MA US,90345 Bahringer Light Boston MA 02116 US
3402d43b-2e1c-4836-b5f2-2053e46f3c4f,1968-04-03,,999-74-2207,S99941893,X94721197X,Mr.,Alphonso770,Bosco441,,,S,white,french,M,Ipswich MA US,9167 Osinski Point Apt. 102 Boston MA 02196 US
8bd203e8-722d-4eae-9122-07299585fea5,1995-09-05,,999-15-7035,S99957613,false,Ms.,Orland239,Mueller682,,,,white,american,F,North Adams MA US,740 Gardner Ranch Worcester MA 01605 US
7ecbda42-2490-477d-8b23-f0e713200008,1996-07-04,,999-47-2965,S99918509,X58208443X,Ms.,Jovanny72,Farrell246,,,,hispanic,puerto_rican,F,Plymouth MA US,7913 Gorczany Locks Apt. 199 Boston MA 02163 US
d21dce54-ab4a-47e5-9e74-7c109e011c08,1997-07-27,,999-54-7608,S99933280,,Ms.,Nathen556,Leffler929,,,,white,russian,F,Sharon MA US,4201 O'Connell Shoals Boston MA 02124 US
f09a7f37-3288-4f50-b57f-7a0a2ee9a308,1980-06-17,,999-80-1148,S99991367,X93971411X,Mr.,Agustina426,Conroy165,,,M,white,german,M,Stoughton MA US,88498 Wilderman Spring Worcester MA 01605 US
5dbe1041-5543-4be5-a775-0a2f5fc61395,2007-09-10,,999-60-1303,,,,Rollin804,Rice809,,,,white,portuguese,M,Westwood MA US,6989 Leon Plaza Worcester MA 01606 US
3b17cf19-d6df-448c-bc46-846f862a62e1,1992-09-14,,999-73-5299,S99997351,false,Mr.,Kim332,Borer438,,,,black,dominican,M,Boston MA US,2043 Jazlyn Fords Boston MA 02134 US
6961a00a-c33f-41c5-a6cf-525336050ad2,1966-03-20,,999-79-6177,S99920189,X29732450X,Mr.,Reilly602,Halvorson187,,,M,white,italian,M,Boston MA US,4303 Hickle Freeway Boston MA 02298 US
9b966d45-af26-411c-8d09-e78f3b73eb3d,1943-03-31,,999-69-3170,S99987100,X13530279X,Mrs.,Chaz222,Waelchi310,,Okuneva503,M,hispanic,puerto_rican,F,Lowell MA US,527 Lehner Club Suite 353 Boston MA 02136 US
71f70c26-9a7b-4e45-81d9-51afcd4f3956,1993-12-03,,999-21-3348,S99934297,false,Ms.,Mariano451,Bogan983,,,,white,russian,F,Ashby MA US,7457 Hamill Park Suite 257 Boston MA 02212 US
b2571305-3918-46da-adfb-ab6452696542,1961-08-23,2000-11-22,999-26-3465,S99999377,false,Mrs.,Rubye757,Mann540,,Schoen119,M,white,irish,F,Chelmsford MA US,590 Electa Bypass Worcester MA 01606 US
e4f71010-2687-4bc0-95a6-59c4ca8ff532,1980-09-14,,999-92-8891,S99946299,false,Mrs.,Tristin51,Hansen74,,Predovic168,M,white,german,F,Northampton MA US,79571 Shaun Road Suite 882 Boston MA 02266 US
61837119-6bb2-43b9-b89d-e07e4f26b54d,1999-01-07,,999-88-6260,S99981481,,Ms.,Doug821,Crooks128,,,,white,english,F,Holyoke MA US,712 Karen Underpass Apt. 706 Boston MA 02137 US
d01edd10-9eab-488b-890e-8842a7f0fa3d,1964-08-12,,999-80-4719,S99975724,false,Mr.,Hunter588,Moen568,,,M,white,american,M,Springfield MA US,275 Greenfelder Pass Apt. 639 Worcester MA 01655 US
72186b4b-95f4-4039-8f4b-a146d73c1548,1967-02-08,,999-17-9894,S99981365,X31959653X,Mrs.,Brook423,Lebsack415,,Dibbert529,M,white,irish,F,Maynard MA US,640 Clyde Loop Boston MA 02293 US
f32110da-86b0-447d-9fff-e00d431088d1,2010-07-18,,999-88-3054,,,,Rachael174,Swift777,,,,white,polish,M,Cambridge MA US,90688 Iva Forks Boston MA 02120 US
2adecf80-91c4-4e72-91f5-a1eece314bf8,1990-10-17,,999-50-8793,S99923163,X73399760X,Ms.,Adam618,Koelpin39,,,,white,scottish,F,Foxborough MA US,48704 Klocko Turnpike Suite 144 Worcester MA 01605 US
a7b145d5-0161-4cfd-b567-934154f6a363,2005-01-21,,999-85-1743,,,,Karina620,Russel945,,,,white,english,F,Warren MA US,10114 Batz Fords Apt. 778 Worcester MA 01610 US
e4656f43-de0a-48a9-9a54-35def158ec2a,1984-05-30,,999-84-5735,S99986384,X15711235X,Mr.,Garfield809,Conroy165,,,M,white,german,M,Barnstable Town MA US,11532 Adrianna Brooks Apt. 214 Worcester MA 01654 US
5524741b-9c69-43ff-8ff2-27183c228c47,1984-03-13,,999-72-6881,S99980205,false,Mrs.,Saige914,Aufderhar983,,Schmeler79,M,white,english,F,Plymouth MA US,7646 Wilbert Mount Boston MA 02163 US
577cdebc-2a5e-472e-bdbf-7d4606a0f75a,1990-07-24,,999-79-9712,S99921562,X99395233X,Mr.,Hal533,Sipes819,,,,white,irish,M,Norwood MA US,140 Doyle Stravenue Apt. 597 Boston MA 02120 US
04a6e3db-73f9-4e02-93b6-6ded2f0e462f,1972-06-16,2005-02-25,999-82-8165,S99994032,false,Mr.,Retta298,Jones74,,,M,white,italian,M,Franklin Town MA US,983 Smitham Crossing Boston MA 02222 US
39db003f-6796-4967-9b9d-8ab8baed87ed,2013-09-03,,999-17-1937,,,,Jean758,Feeney538,,,,white,irish,M,Walpole MA US,428 Mohammad Springs Worcester MA 01602 US
43eab614-1fb5-4d90-a62e-fa9485f8543b,1945-03-23,,999-30-1755,S99931028,X12382575X,Mr.,Elton238,Pollich676,,,M,black,dominican,M,Fall River MA US,697 Durgan Dam Boston MA 02199 US
a5d5e65d-393e-4750-8d4b-6b19e70fe429,2010-12-03,,999-88-9101,,,,Golda131,Raynor678,,,,white,english,M,Lowell MA US,96515 Major Pines Suite 791 Worcester MA 01607 US
83655fb7-697f-4159-8400-0de433cbcf58,1984-10-21,,999-45-1927,S99920468,false,Mrs.,Zion519,Ward255,,Bins978,M,white,irish,F,Easton MA US,7584 Sauer Village Boston MA 02297 US
234f82b2-c9ca-4b7c-8e70-d8da7494f9cd,1939-05-01,,999-18-5515,S99992666,false,Mr.,Georgette892,Roob929,,,M,white,irish,M,Malden MA US,8092 Hermann Island Apt. 820 Boston MA 02134 US
84b743b2-bb91-46f9-974e-e1b2bcf99053,1939-02-12,1978-03-19,999-67-2330,S99917382,false,Mr.,Doug821,Wyman650,,,M,hispanic,puerto_rican,M,Millbury MA US,62326 Felipa Isle Apt. 991 Boston MA 02132 US
218f16c9-fdd6-4881-9d55-c31cd22c9279,2014-06-29,,999-79-8265,,,,Frieda590,Ullrich303,,,,white,irish,M,Bedford MA US,255 Brigitte Lights Boston MA 02118 US
e773cd37-5a1c-4fb4-a892-aa2f5b14a6fb,1974-04-21,,999-52-3706,S99947775,X15698857X,Mr.,Rickie967,Schiller21,,,M,white,irish,M,Brockton MA US,734 Melvin Camp Suite 600 Boston MA 02210 US
3bd69e6f-429e-4512-a401-031b73fc2756,1988-07-25,,999-59-4497,S99954540,false,Mrs.,Frederic111,Robel771,,Green619,M,hispanic,puerto_rican,F,Northfield MA US,885 Franecki Springs Boston MA 02116 US
e84d83a1-7f97-48dd-8368-4d8206e5506d,1990-07-01,,999-12-6807,S99989657,X49610504X,Ms.,Nicola457,Hessel662,,,,white,german,F,Boston MA US,67858 Hessel Haven Apt. 411 Worcester MA 01654 US
6659c96f-b3ec-499a-bffc-1bbad1366024,1939-07-12,,999-62-4056,S99980417,false,Mrs.,Tianna156,Pfannerstill41,,Hettinger748,M,white,irish,F,Boston MA US,3432 Jason Path Apt. 623 Boston MA 02116 US
c05a415d-132d-48ab-aad0-aca036d5c6bc,2013-01-29,,999-29-4968,,,,Leone895,Keeling487,,,,black,african,F,Attleboro MA US,74078 Dorcas Ports Worcester MA 01604 US
a1353fd8-4b53-43ff-ba53-479e39c1e2f5,1993-04-09,,999-93-9423,S99915128,false,Ms.,Ethan292,Cummerata780,,,,white,german,F,Beverly MA US,71532 Tierra Village Apt. 682 Boston MA 02122 US
9153412d-1497-4bd8-9343-c19a35ff6d67,1989-02-09,,999-48-6642,S99969699,false,Mr.,Una188,Koelpin39,,,M,white,italian,M,Woburn MA US,593 Crist Square Suite 508 Worcester MA 01604 US
196bb4d1-d4f8-42bb-b601-16befc66d0d5,1995-08-10,,999-79-3977,S99972201,X85488474X,Ms.,Judy879,Mann540,,,,white,english,F,Lawrence MA US,255 Homenick Cliff Suite 946 Worcester MA 01603 US
1a864c01-a7c6-42fa-ad07-df220e9639d8,1985-01-27,,999-26-2249,S99990094,false,Mr.,Omari928,Ankunding471,,,M,hispanic,puerto_rican,M,East Brookfield MA US,22801 Russell Meadow Suite 821 Boston MA 02121 US
c32d5867-5ec2-4870-8b24-71bdeab1f481,1994-12-24,,999-59-6600,S99975407,false,Ms.,Pearlie976,Walsh695,,,,hispanic,puerto_rican,F,Boxford MA US,94577 Benedict River Apt. 103 Boston MA 02120 US
b3bfbb8b-0387-45da-ac5a-6ff1aef2a972,2010-05-31,,999-95-2296,,,,Genesis681,Cummings800,,,,white,irish,F,North Andover MA US,4575 Hermiston Curve Suite 618 Boston MA 02130 US
d922984b-86ab-47e8-b7f0-a3a710cb6f7d,1984-11-08,,999-43-8705,S99980819,false,Mrs.,Adan559,Bernier680,,Schultz324,M,black,african,F,Peabody MA US,65697 Swaniawski Pines Apt. 256 Boston MA 02119 US
757550cf-f43a-4a95-9c10-c1e93984a5ac,1994-09-02,,999-64-8219,S99981027,false,Ms.,Stephania651,Stoltenberg487,,,,hispanic,central_american,F,Leominster MA US,3397 Leffler Meadow Suite 691 Boston MA 02125 US
b7bde6cd-c2cf-447e-a4cb-0548e0a8c44f,1997-06-15,,999-17-3002,S99928043,,Mr.,Nils974,Marquardt624,,,,hispanic,puerto_rican,M,Wilmington MA US,15361 Elmira Spur Suite 156 Boston MA 02123 US
2f32422f-082f-4b35-ab8b-42d77c0e1e25,1981-02-22,,999-86-8401,S99951704,false,Mr.,Bradly392,Ondricka564,,,M,white,german,M,Dartmouth MA US,50135 Jasmin Common Apt. 710 Worcester MA 01612 US
6c940b1e-6c69-4ed0-ad78-1ea177f9c2b8,1958-03-10,,999-46-2466,S99973265,false,Mrs.,Aliyah248,Murray364,,Jast766,M,white,irish,F,Norton MA US,43842 Margaretta Creek Boston MA 02241 US
e855e432-fffa-4d55-ac26-a8de12543ce3,1970-07-07,,999-41-7821,S99917192,X76311543X,Mr.,Nathanial646,Reynolds922,,,M,white,polish,M,Burlington MA US,165 Will Ford Suite 190 Worcester MA 01654 US
4c399e78-22ee-4b1a-a76e-52b7a0bf79a3,1978-05-16,,999-25-7473,S99939053,false,Mr.,Deondre230,Beer324,,,S,black,west_indian,M,Hanover MA US,721 O'Kon Knoll Apt. 506 Boston MA 02135 US
a3961d95-4cd0-4717-bc55-1c7a3ed1270d,1984-04-08,,999-58-5943,S99944760,false,Mr.,Mustafa969,Blick189,,,M,black,dominican,M,Burlington MA US,66579 Carmela Club Suite 743 Boston MA 02222 US
9ecd586b-8666-4d50-85bd-0606f4632bcc,1974-10-07,,999-86-2750,S99997433,false,Mr.,Trenton343,Conn229,,,M,white,polish,M,Dedham MA US,987 Alec Stream Worcester MA 01655 US
5d40f6af-df75-4269-96f6-57696397b6f5,1969-09-17,,999-69-6489,S99972189,X78483884X,Mrs.,Jessika451,DuBuque399,,Legros728,M,black,african,F,Holden MA US,1461 Jonathan Orchard Boston MA 02123 US
9a8926ec-39c7-419a-a848-0b82e93cb6d5,1996-02-16,,999-74-1834,S99919169,X28349508X,Ms.,Emmanuelle330,Lueilwitz716,,,,white,french,F,Lowell MA US,4126 Amelia Shoal Suite 108 Boston MA 02222 US
7e8ad866-82d0-446e-b0c8-4143bcc89b2a,1986-05-26,,999-25-9186,S99958114,false,Mr.,Buster797,Luettgen780,,,M,white,irish,M,Pittsfield MA US,51781 Arlie Pine Boston MA 02137 US
360653fc-73d0-4d62-97c9-280c1e4220ae,2004-08-25,,999-17-8421,,,,Wilmer967,Langworth348,,,,black,dominican,F,Fall River MA US,296 Name Underpass Boston MA 02108 US
4f791998-af9a-4d1b-8afa-b591dd0285ea,2000-07-05,,999-24-3765,S99993095,,,June527,Auer76,,,,white,portuguese,M,Cambridge MA US,31167 Stokes Brooks Apt. 976 Boston MA 02134 US
b928f22a-baa5-47f1-9953-3336032e08f9,1970-03-12,,999-51-7010,S99919679,false,Mrs.,Gregg285,Eichmann199,,Hagenes567,M,white,irish,F,Boston MA US,637 Yoshiko Expressway Boston MA 02222 US
87933b26-52f3-48d9-bb15-466fd5bcad37,1988-07-15,,999-78-6387,S99917363,X71417219X,Mrs.,Eleanora34,Blick189,,Stamm279,M,hispanic,mexican,F,Middleborough MA US,26075 Shanelle Manor Apt. 977 Boston MA 02110 US
cc257dc9-997e-4639-9222-ac0b9a2ee1b8,1994-07-04,,999-25-1340,S99939905,X53014653X,Ms.,Elva206,Feest50,,,,white,portuguese,F,Boston MA US,614 Howell Road Boston MA 02128 US
7c92d9ba-35ec-4a3b-ae05-c8ba64f315f6,1975-09-06,,999-95-2325,S99990657,X97065259X,Mrs.,Arne660,O'Conner125,,Smith847,M,white,scottish,F,Attleboro MA US,40454 Alysson Fords Boston MA 02125 US
33ad180a-285f-49fe-a3ba-2a578ec9d835,2013-02-12,,999-85-8785,,,,Bret906,Gerlach95,,,,white,english,M,Boston MA US,675 Everett Square Boston MA 02117 US
08ed310d-a04f-423f-a991-2692cb3b42c1,2014-08-14,,999-76-5552,,,,Oran476,Reichert456,,,,hispanic,puerto_rican,F,Braintree Town MA US,661 Bruen Station Suite 890 Boston MA 02201 US
7cbf5c09-8079-4c44-8393-4f20522df81e,1951-10-23,,999-18-9277,S99936326,false,Mrs.,Lula824,Lueilwitz716,,Schaden136,M,black,west_indian,F,Bridgewater MA US,412 Jimmie Creek Suite 432 Boston MA 02119 US
d6ee2bae-b0f6-4e6c-b7f9-6a800583e299,1976-06-17,,999-22-4943,S99919909,false,Mr.,Raegan479,McKenzie863,,,M,black,dominican,M,Medfield MA US,992 Brice Stravenue Apt. 875 Boston MA 02119 US
02ec3fef-2e24-4f68-9584-d5c4d2f01dec,1989-09-13,,999-79-7519,S99988355,false,Mr.,Earline370,Shields195,,,M,white,swedish,M,Springfield MA US,4404 Mohr Light Suite 706 Boston MA 02217 US
01dccd96-c9e0-4a5c-b5b1-5256d9f822e8,1987-03-08,,999-86-4991,S99956115,X51415144X,Mrs.,Kasandra798,McGlynn211,,Crist54,M,black,dominican,F,Lynn MA US,854 Reinger Orchard Suite 187 Boston MA 02114 US
edfe65f6-87c9-44cd-ab1a-9b65f50db0af,1999-09-24,,999-74-5074,S99937454,,,Ursula506,Schmeler79,,,,hispanic,puerto_rican,F,Boston MA US,186 Ernest Extensions Suite 189 Boston MA 02121 US
4e223d16-d67a-46ac-ba08-c033b9df82f4,1973-04-22,,999-44-9877,S99911000,X76621034X,Mr.,Earnest455,Eichmann199,,,M,asian,chinese,M,Braintree Town MA US,2582 Jazmyn Roads Suite 426 Boston MA 02126 US
0e310ee1-cfa2-40ed-b25c-635f68b8d6a4,1982-04-05,,999-54-6640,S99921135,X47245308X,Mr.,Ignatius636,Dicki714,,,M,black,african,M,Arlington MA US,322 Friesen Viaduct Boston MA 02196 US
e940896b-bc5e-44b4-947e-84b0cdb51a07,1967-02-26,,999-81-9430,S99975618,X22559627X,Mrs.,Edna490,Tillman389,,Tremblay288,M,white,italian,F,Chicopee MA US,545 Ernser Stream Suite 270 Boston MA 02217 US
0dc09b0f-3cc2-45ca-a34a-5d0b580258d9,1985-01-26,,999-28-3771,S99941856,X94395353X,Mr.,Keara117,Ondricka564,,,S,black,dominican,M,Brookline MA US,9951 VonRueden Isle Boston MA 02116 US
ffd00847-2978-4f5e-83cc-416d844027d5,1991-12-15,,999-73-5911,S99929439,X41625675X,Ms.,Maria170,Emard123,,,,white,italian,F,Boston MA US,8562 Reichel Drives Suite 240 Boston MA 02110 US
c704a2b2-2ef5-4e0d-9c71-aca85c6c15da,1995-10-03,,999-93-5812,S99913345,false,Mr.,Jettie170,Moen568,,,,hispanic,puerto_rican,M,Sterling MA US,276 Joy Road Boston MA 02137 US
1e66540c-5ac8-417d-aa48-df278933390b,1979-06-18,,999-69-4349,S99948810,X47327955X,Mrs.,Matt500,Mosciski495,,Kozey657,M,white,polish,F,Boston MA US,484 Witting Camp Boston MA 02128 US
6afe7116-c6db-46ce-8b21-d3fb35f4d275,1995-01-29,,999-44-5324,S99994216,X87097163X,Mr.,Patience222,Hilll641,,,,asian,asian_indian,M,Boston MA US,72221 Kulas Alley Boston MA 02266 US
57331f8f-c6b2-40fb-9e50-a890448e6c72,1970-05-01,,999-14-3840,S99956388,X10925048X,Mrs.,Larissa389,Rice809,,Legros728,M,white,german,F,Boston MA US,91720 Margarett Lane Boston MA 02284 US
ffecc04e-a359-4f0b-afde-84ac126ac7cc,1992-07-06,,999-87-9912,S99927376,X42951935X,Ms.,Berry351,Dibbert529,,,,hispanic,puerto_rican,F,Reading MA US,69339 Emilia Curve Boston MA 02298 US
5bc7b293-5f90-4681-8e68-0d584fbc8e32,1994-10-18,,999-80-1280,S99984473,X78783141X,Mr.,Olga967,Reynolds922,,,,white,english,M,Natick MA US,44260 Junior Court Boston MA 02131 US
