ID,BIRTHDATE,DEATHDATE,SSN,DRIVERS,PASSPORT,PREFIX,FIRST,LAST,SUFFIX,MAIDEN,MARITAL,RACE,ETHNICITY,GENDER,BIRTHPLACE,ADDRESS
dab7643e-a816-4c2c-87e4-7038d73a09bf,2013-10-19,,999-63-8998,,,,Kim332,Mraz432,,,,white,polish,M,Chicopee MA US,4151 Eleazar Park Barnstable MA 02630 US
22308e8a-b04d-49c0-ac7a-9e5010a37031,1931-09-25,1978-01-07,999-60-8420,S99937093,X61398151X,Mr.,Minnie872,Bergstrom813,,,M,hispanic,puerto_rican,M,Gloucester MA US,66597 Ferry Crossroad Brewster MA 02631 US
e7ca401c-3c34-46fc-9a34-f75029e8f843,1975-04-15,,999-31-2600,S99963015,X69306521X,Mrs.,Dana289,Mann540,,Hauck878,M,white,irish,F,Foxborough MA US,9107 Sipes Passage Bourne MA 02559 US
9bc983f0-f13b-4fef-84be-5542f68b1500,1966-07-20,,999-81-9465,S99940543,false,Mrs.,Gardner331,Wintheiser464,,Ondricka564,M,white,french,F,West Springfield Town MA US,981 Spinka Stream Suite 195 Barnstable MA 02630 US
e696264a-fda7-4741-8cd1-1181c4434982,1932-06-30,,999-88-7176,S99935108,X76024277X,Mr.,Rosario532,Stiedemann939,,,M,white,polish,M,Lincoln MA US,9955 Mozell Curve Brewster MA 02631 US
9efc70f8-844a-4376-b702-c09eb587ff4c,1981-11-05,,999-57-5818,S99952942,false,Mrs.,Santiago365,Cummings800,,Medhurst372,M,white,german,F,Springfield MA US,99037 Cortez Route Dennis MA 02638 US
ac72279e-b1ab-46e9-85a4-58d7dc612795,1950-08-31,2012-02-17,999-19-5170,S99937212,X76011912X,Mr.,Rebeca350,Kub782,,,M,white,irish,M,Easthampton Town MA US,68340 Stevie Tunnel Chatham MA 02633 US
ab011d4c-b894-45d3-b879-00cc2091dbe0,1980-02-08,,999-27-3160,S99960893,X56663128X,Ms.,Una188,Hermiston486,,,S,white,german,F,Marlborough MA US,11135 Darron Isle Falmouth MA 02541 US
17abdbb9-4c5a-4a7f-8963-c7e5601c4587,1991-10-06,,999-76-1182,S99980460,false,Mr.,Gregory298,Gislason613,,,,white,english,M,Westford MA US,37254 Hans Crossing Orleans MA 02653 US
ba789814-0a51-48db-bfb7-d1fd5bc750c3,1946-02-03,,999-42-1661,S99990267,X92262698X,Mr.,Wilford711,Feeney538,,,M,white,italian,M,Everett MA US,9688 Franz Loaf Suite 359 Bourne MA 02532 US
d1374e61-cdd9-4642-9352-7357bc121e0a,1965-12-14,,999-24-8344,S99951198,X92835952X,Mr.,Maci962,Ledner563,,,S,white,american,M,Fall River MA US,626 Reichel Parkways Orleans MA 02653 US
f25cb8d4-ed92-44d5-9a46-8f5dd466f585,1967-11-28,,999-42-5125,S99998338,false,Mr.,Natalia9,Crist54,,,M,white,french,M,Quincy MA US,50022 Donnelly Spring Harwich MA 02645 US
e28dbb2f-096b-4703-80a1-52032afb295a,1930-05-11,1977-05-30,999-61-1285,S99997078,false,Mr.,Maryse191,Thiel335,,,M,asian,chinese,M,Arlington MA US,3020 Collins Plains Apt. 312 Mashpee MA 02649 US
c2144e51-48d0-495c-bb0f-946dfc104e60,1940-10-29,,999-49-2679,S99977198,false,Mr.,Paula380,Nikolaus121,,,M,white,irish,M,Westport MA US,1764 Mueller Heights Dennis MA 02638 US
bd3263e0-01b3-4ee3-bbd1-a956cc161731,1957-04-24,,999-68-1115,S99955010,false,Mr.,Isabella10,Deckow187,,,M,white,italian,M,Dedham MA US,724 Garret Fields Harwich MA 02645 US
b7d3cbbb-71cc-44a4-a552-43a1d8820ce4,1954-03-16,1997-08-05,999-65-4350,S99999280,false,Mr.,Keegan344,Batz332,,,S,white,irish,M,Hingham MA US,3721 Konopelski Mountain Suite 542 Bourne MA 02532 US
2870caf2-615c-4b9e-a576-5e0629be63bc,1924-12-15,1988-08-15,999-73-5569,S99914618,false,Mrs.,Delilah65,Gorczany993,,Considine342,M,white,polish,F,Randolph MA US,4760 Waldo Gateway Barnstable MA 02630 US
68d8524a-a214-47fb-94ae-2d95f9c65a20,1952-03-03,2012-01-02,999-19-6313,S99931876,false,Mr.,Yvonne977,Spencer391,,,M,white,portuguese,M,Belchertown MA US,752 Bartell Estates Suite 313 Harwich MA 02645 US
6f7d7b2f-50a6-4299-a05f-0da2ba6d4735,1991-09-06,,999-58-9720,S99936880,X37671364X,Ms.,Easton2,Larson691,,,,white,italian,F,Fall River MA US,8541 Kuhn Terrace Apt. 619 Provincetown MA 02657 US
70772391-c035-48c9-9ab7-051bf430377c,1978-05-02,,999-58-7676,S99964498,X78330724X,Mrs.,Darrel837,Russel945,,Grimes456,M,white,irish,F,Falmouth MA US,40675 Myra Corner Suite 904 Falmouth MA 02540 US
420c680c-1d89-4240-9fc3-ae744a43e4f5,1949-10-06,,999-78-9056,S99999991,false,Mrs.,Glen694,Marvin851,,Emard123,M,hispanic,puerto_rican,F,Lexington MA US,437 Stiedemann Passage Suite 423 Mashpee MA 02649 US
a03d24b4-4801-40a0-b9ed-1a68c6c969e3,1933-09-17,1992-12-20,999-93-1494,S99952115,X40564098X,Mr.,Demarcus637,Jones74,,,S,white,french_canadian,M,Williamstown MA US,29340 Crona Flat Sandwich MA 02563 US
52b3d84d-7c36-4a22-93af-4728511eefbf,1941-03-22,,999-38-3381,S99969909,false,Mrs.,Hobart483,DuBuque399,,Kuhlman253,M,white,english,F,Winchester MA US,93191 Karli Branch Suite 662 Sandwich MA 02563 US
ae360426-e5ce-4580-bdca-5f7a70d1272a,1994-05-16,,999-56-6340,S99927222,false,Ms.,Leora522,Herzog43,,,,white,english,F,Wellesley MA US,622 Jonathon Harbors Harwich MA 02645 US
fcebe4ac-90ab-4608-a217-e3102400cc33,1983-11-26,,999-19-4053,S99923830,false,Mr.,Monte913,Stoltenberg487,,,M,white,polish,M,Billerica MA US,820 Paige Gateway Barnstable MA 02630 US
73564a13-6ab6-42ea-a1c4-dcb6f3f53c57,2000-08-10,,999-57-9228,S99979945,,,Rex618,Prosacco439,,,,white,german,F,Southampton MA US,1119 Nina Way Apt. 682 Mashpee MA 02649 US
0335d49a-00d4-4f9c-abc4-1331a0f839d8,2002-11-19,,999-57-7589,,,,Melba451,Tromp639,,,,white,english,M,Melrose MA US,4907 Cullen Path Suite 269 Adams MA 01220 US
6f49b58d-293d-4116-9411-8ac469254d59,1969-10-23,,999-25-3292,S99928156,X58931475X,Mr.,Roel757,DuBuque399,,,M,white,italian,M,Barnstable Town MA US,773 Schinner Rapid Falmouth MA 02541 US
4ed22321-f010-4a32-8453-c2d4f1660c68,1968-10-24,,999-64-1698,S99995568,false,Ms.,Carolina302,Greenholt188,,,S,white,german,F,Woburn MA US,46731 Destinee Ville Falmouth MA 02541 US
906bc8c7-5e2c-4cff-8ce3-9a133d656392,1945-12-31,,999-49-6642,S99932178,X63466862X,Ms.,Marc617,Gottlieb72,,,S,white,american,F,Woburn MA US,630 Marvin Mall Suite 718 Falmouth MA 02540 US
5b3c960b-ee1c-4eb6-983d-e6f00b22404c,1947-07-02,,999-97-7687,S99916809,X95888201X,Mrs.,Rogelio626,Monahan893,,Feest50,M,white,english,F,Westford MA US,13678 Ziemann Land Barnstable MA 02630 US
ddd781b8-d5b6-42ee-93ed-81ac851405fe,1950-10-06,,999-17-5883,S99960748,X11929591X,Mr.,Jonatan866,Bailey579,,,S,white,german,M,North Adams MA US,104 Rocio Land Suite 727 Becket MA 01223 US
1ba63b8c-cbf3-457a-aa13-a9b01c07fd09,1933-06-03,,999-30-9170,S99980753,X78607644X,Mrs.,Stephan897,Roberts86,,Vandervort620,M,white,irish,F,Gardner MA US,975 Joana Fields Yarmouth MA 02675 US
26774d12-a3f3-46e8-82f8-992d3b6d8ced,2011-10-11,,999-74-3152,,,,Heber106,Ratke467,,,,white,irish,F,Hawley MA US,6725 Daugherty Square Suite 164 Becket MA 01223 US
28d8e666-b1aa-42cc-9223-d8c73c7524fd,1962-07-15,,999-11-5728,S99959208,false,Mr.,Ramona167,Reichert456,,,S,white,american,M,Woburn MA US,561 Murphy Radial Yarmouth MA 02675 US
b62feee6-29c9-427b-9f7e-a091c9ef04fa,1909-06-15,1999-12-13,999-64-9604,S99989662,X25337894X,Ms.,Gerry627,Jenkins594,,,S,white,italian,F,Boston MA US,405 Nora Ports Apt. 232 Barnstable MA 02630 US
bef07b8a-e24e-48b1-bb88-fa478e01b6de,1950-04-29,,999-27-1191,S99910701,X46420576X,Mr.,Trevor924,O'Hara796,,,M,white,italian,M,Lowell MA US,5930 Bashirian Island Florida MA 01247 US
51e48e83-d414-4cda-83a0-3e3dfeb8efd9,1977-06-21,2014-03-25,999-39-7980,S99979801,false,Mr.,Demario223,Dickens899,,,S,white,american,M,Milton MA US,687 Dorthy Gateway Yarmouth MA 02675 US
5cd599eb-091d-4683-9220-199e528e29b5,1949-04-25,,999-12-8811,S99936299,false,Mrs.,Dax520,Gottlieb72,,Prosacco439,M,white,english,F,Sudbury MA US,4000 Bode Spur Suite 224 Sandwich MA 02563 US
2a62d86b-c164-402c-bc35-390bade0b16b,2010-02-25,,999-35-6332,,,,Bettye485,Vandervort620,,,,white,irish,M,Cambridge MA US,6658 Greenfelder Tunnel Dalton MA 01227 US
3f4db11f-9b8f-4793-9c54-3bfdeb91b631,1966-03-19,,999-16-3760,S99982955,X30665770X,Mrs.,Alyce198,Padberg25,,Blick189,M,white,polish,F,Westport MA US,9905 Erling Flats Apt. 506 Lanesborough MA 01237 US
ca2f74d6-d811-4c5b-bb27-199e7ef504e0,1960-01-22,,999-66-6260,S99989328,false,Mrs.,Andrew395,Heathcote725,,Cartwright250,M,white,italian,F,Hopkinton MA US,37042 Beaulah Canyon Apt. 402 Lanesborough MA 01237 US
78f0165a-7334-4b6d-9ad8-37c5aed9702c,2008-11-27,,999-60-7753,,,,Candace534,Morissette909,,,,white,french,M,Springfield MA US,13177 Prosacco Fords Yarmouth MA 02675 US
84598f5a-49d6-4f25-a9ff-26e3b547c86d,2010-07-05,,999-18-2131,,,,Derek966,Brown474,,,,white,irish,M,Watertown Town MA US,79744 Milford Skyway Yarmouth MA 02675 US
c75943c8-812e-490e-b052-2d5e8edb9dd6,1976-09-03,,999-11-2577,S99925157,false,Mr.,Lloyd589,King747,,,S,white,english,M,Holbrook MA US,84951 Kautzer Stream Barnstable MA 02630 US
ce357b56-f2e1-4e2f-8802-b18925e267da,1952-03-15,,999-13-5614,S99963686,X34528330X,Ms.,Dean806,Schaefer735,,,S,white,swedish,F,New Bedford MA US,2347 Orlo Harbor Yarmouth MA 02675 US
c2b2bef7-af1e-4ee5-8f54-6b5db38afb3c,1937-08-04,2012-02-02,999-64-6821,S99948748,X95227579X,Mr.,Osvaldo639,Macejkovic315,,,M,white,english,M,Randolph MA US,6319 Gerard Cove Yarmouth MA 02675 US
9708280e-b96a-418f-8d88-28ae9cd3d619,1947-09-07,1996-03-08,999-74-5590,S99944100,false,Mr.,Myah528,Conn229,,,M,white,american,M,Warren MA US,11016 Juliana Mountain Apt. 935 Sandisfield MA 01255 US
435760aa-967e-4f79-bc59-cfef399b7f95,1957-12-18,,999-86-1287,S99966408,false,Mrs.,Lera600,Bogan983,,Stark492,M,white,american,F,Medfield MA US,273 Constance Club North Adams MA 01247 US
040b2782-befe-445e-b3d1-36ee5557d040,1930-01-31,,999-28-4799,S99952630,false,Mr.,Filiberto902,Spinka682,,,M,white,scottish,M,Scituate MA US,41426 Nikolaus Key Suite 444 Pittsfield MA 01201 US
27e099bd-ae59-4458-9700-6d4b9ae6825f,2006-07-13,,999-60-9401,,,,Dana289,Spencer391,,,,white,irish,M,Quincy MA US,497 Esmeralda Forge Apt. 115 Lee MA 01264 US
9285cb39-210d-45a8-b980-9c711289af37,1935-08-04,1993-02-08,999-18-8145,S99912447,X59084630X,Mrs.,Morton0,Jacobi311,,Rice809,M,white,english,F,Swampscott MA US,7170 Kutch Square Sheffield MA 01257 US
ea7fa77a-fc1a-41ba-b936-ac72cbb518d8,1967-08-14,,999-83-8616,S99924647,false,Mr.,Arnold77,Weber322,,,M,white,polish,M,Quincy MA US,632 Ledner Cliff West Stockbridge MA 01266 US
7820075a-3005-4470-b9dc-28a0d9910c98,1998-02-11,,999-20-9704,S99922757,,Ms.,Jaden662,Fahey895,,,,black,dominican,F,Lancaster MA US,965 Sawayn Forest Williamstown MA 01267 US
d33b73ba-c099-440c-9f58-adebdaa131d9,1911-06-17,1968-09-22,999-17-1867,S99989133,false,Mr.,Cary515,Wilderman814,,,M,white,italian,M,Springfield MA US,430 Palma Turnpike Suite 665 Attleboro MA 02703 US
12f3e317-a3ae-44fd-8fe3-420dcb104f9c,1949-08-16,,999-18-3699,S99964635,false,Mr.,Abdiel490,Rice809,,,S,white,irish,M,Medway MA US,155 Gutkowski Hills Suite 735 North Adams MA 01247 US
70b47055-edeb-4d75-9aa0-95380df4b87a,1957-04-30,,999-72-3334,S99915734,false,Mr.,Ashly980,Herzog43,,,S,white,german,M,Quincy MA US,62267 Freeda Vista Suite 755 Acushnet MA 02743 US
7bbcd1fb-d900-4625-847c-99971f9c5618,1982-06-02,,999-43-8875,S99956128,false,Mrs.,Kennith153,Corkery325,,Wolf566,M,white,irish,F,Springfield MA US,51009 Herzog Vista Berkley MA 02779 US
7c7ca6bb-6b4b-4b5f-ae89-d36f90a444ee,1966-05-15,1979-04-29,999-16-6090,,,,Carolanne393,Spinka682,,,,white,english,M,Winchester MA US,9133 Kaci Points Suite 267 Acushnet MA 02745 US
f2898d40-7605-4a02-b15d-8ab303b458f4,1971-11-15,,999-36-2986,S99990941,false,Mr.,Marian154,Schumm367,,,M,white,english,M,Boston MA US,74319 Aufderhar Ramp Berkley MA 02779 US
04613388-8f67-4214-b398-540f4b91e38b,1929-11-23,1993-10-13,999-18-2792,S99947105,false,Mr.,Lonie212,Gusikowski964,,,M,white,irish,M,Clinton MA US,55944 Collin Fords Acushnet MA 02745 US
b51e6d14-a49d-4c5e-b8ad-471325bcd761,1936-07-25,2016-07-16,999-32-4030,S99998488,false,Mr.,Kelly458,O'Hara796,,,M,white,portuguese,M,Boston MA US,45156 Mills Canyon Apt. 442 Dighton MA 02715 US
7af85256-22c8-49ea-b549-d6353f467c47,1951-10-15,,999-77-2951,S99969061,false,Mrs.,Frida859,Kirlin77,,Auer76,M,white,french,F,Cambridge MA US,311 Johnson Overpass Suite 336 Acushnet MA 02745 US
fa0f0c4f-46c5-43f5-9e72-52f3a5e2e0f1,2014-11-22,,999-81-8107,,,,Missouri866,Oberbrunner974,,,,white,american,M,Hopkinton MA US,472 Kelvin Flat Apt. 991 Dartmouth MA 02714 US
550692cf-fd47-4a3a-9088-c2491c91ca50,2010-05-11,,999-95-3359,,,,Eladio733,Kerluke829,,,,white,italian,F,Berlin MA US,8562 Gene Walk Easton MA 02334 US
b9bb5cc9-7463-43af-b782-68c786164d25,1972-10-05,,999-58-8270,S99967979,false,Mr.,Elyssa852,Powlowski414,,,S,white,english,M,Salem MA US,8177 Donnelly Lodge Attleboro MA 02703 US
69f555bd-efdc-4d60-87d9-5f823139a9c0,1939-05-09,,999-13-7216,S99963362,false,Mrs.,Rachelle48,Lind470,,Stamm279,M,hispanic,puerto_rican,F,Boston MA US,419 Frieda Spurs Attleboro MA 02703 US
7394f925-ece9-4b6a-8cb9-5b1e912ed862,1970-05-09,,999-64-6450,S99941926,X53666262X,Mr.,Tatum924,Stark492,,,M,white,irish,M,Marshfield MA US,34908 Wiza Fort Apt. 675 Attleboro MA 02703 US
fca19718-f361-479e-9d91-186467a48fde,1966-03-27,,999-22-2296,S99959975,false,Mr.,Corene508,Runte265,,,M,white,polish,M,Dartmouth MA US,4033 Maggio Crossroad Fairhaven MA 02719 US
640017ef-7269-405c-8887-fa5a4b001dd9,1921-07-18,,999-32-3204,S99936190,false,Mr.,Edmond417,Howell391,,,M,white,italian,M,Dartmouth MA US,1714 Lennie Field Apt. 678 Fairhaven MA 02719 US
69cafa21-03b6-4838-b694-7cb594834b21,1977-07-22,,999-26-8266,S99933765,X97955881X,Mr.,Koby725,Robel771,,,M,asian,chinese,M,Walpole MA US,37740 Riley Gardens Suite 259 Easton MA 02334 US
929bccdd-1535-48c4-b56c-2e128e16973b,1980-07-20,,999-32-1221,S99931997,false,Mrs.,Megane438,Lubowitz329,,Auer76,M,asian,chinese,F,Winthrop Town MA US,3579 Collins Bridge Apt. 613 Attleboro MA 02703 US
f1baf6e0-4814-43c3-b478-ba4df0778d93,1957-01-30,,999-11-6800,S99995164,X49033870X,Mrs.,Antone462,Ziemann158,,Brakus830,M,white,polish,F,Boston MA US,129 Mustafa Squares Suite 171 Attleboro MA 02703 US
269cdf1c-8ba2-44c5-a896-f2847db4f3b3,1986-09-16,,999-82-3603,S99962298,X59183139X,Mr.,Bernadette716,Nicolas801,,,M,white,french,M,Braintree Town MA US,4493 Bednar Club Apt. 372 Easton MA 02334 US
86c49c24-2d35-48bf-848f-a57336321a2f,1946-06-19,,999-57-3010,S99959308,X14934843X,Mr.,Romaine273,Lockman614,,,M,white,irish,M,Dover MA US,3242 Block Extension Easton MA 02334 US
8a8178da-cc46-42ed-9384-32a714c01474,1940-12-26,,999-61-9606,S99990602,X40387510X,Mr.,Eula649,Roob929,,,S,white,irish,M,Woburn MA US,26226 Maggio Field Apt. 326 Easton MA 02334 US
4679ca4a-0b90-4456-a353-a7ba6062c560,1998-04-17,,999-49-2817,S99994483,,Mr.,Amber350,Hilll641,,,,white,french_canadian,M,Worcester MA US,1133 O'Hara Views Apt. 680 Easton MA 02334 US
ad1032ca-7340-4a9f-af11-f0e144e3fa50,1964-04-11,,999-90-8687,S99959015,false,Mrs.,Hollis414,Kuhn706,,D'Amore653,M,white,italian,F,Mattapoisett MA US,627 Pfeffer Corners Dartmouth MA 02747 US
418b4cff-1be8-492f-b2d9-e21ed33310d8,1982-10-03,,999-32-9808,S99949326,false,Mrs.,Zack202,Kautzer530,,Feil134,M,white,irish,F,Lynn MA US,3768 Lubowitz Ferry Apt. 258 Fall River MA 02721 US
fba54be5-c075-467c-b94e-05a8effaae57,1944-02-18,2006-03-31,999-65-1469,S99993852,false,Mr.,Dessie231,Towne582,,,M,white,italian,M,Lincoln MA US,274 Elton Trail Fall River MA 02721 US
733e3295-899e-4fab-90a2-737c601c886e,1955-02-19,,999-95-3536,S99958535,false,Mr.,Zoe83,Heller630,,,M,white,irish,M,Dedham MA US,445 Myah Radial Fall River MA 02722 US
a97c0e97-eb18-468a-8678-e14f51881119,2004-08-06,,999-19-5633,,,,Mikel620,Anderson350,,,,white,portuguese,M,Winthrop Town MA US,3413 Breanna Locks Suite 657 Freetown MA 02717 US
458040fa-e246-4b2e-9801-06da96148c8f,1963-03-17,,999-59-3489,S99979296,X33829296X,Mrs.,Darlene793,Kuhlman253,,D'Amore653,M,white,russian,F,Franklin Town MA US,842 Joshua Loaf Dartmouth MA 02714 US
789bab78-9b59-4dd0-b25b-02547b692879,1951-11-14,,999-71-1180,S99942702,X16632704X,Mr.,Marlin595,Koch570,,,M,white,italian,M,Newton MA US,58513 Kaylin Junction Apt. 850 Dartmouth MA 02714 US
67745fc3-4709-4f1c-a21b-f5534e2001af,1928-07-01,,999-53-1459,S99916876,false,Mrs.,Ansel425,Grant175,,Cummerata780,M,hispanic,puerto_rican,F,Nantucket MA US,482 Wyatt Lights Suite 217 Freetown MA 02717 US
0fcb3359-8b20-485b-961b-88482d6a358c,2006-02-15,,999-73-1169,,,,Millie575,Kovacek705,,,,white,irish,M,Cheshire MA US,64326 Ritchie Terrace Apt. 364 Freetown MA 02717 US
2aad2471-b36e-40bd-9a1d-39be3c175070,2012-06-22,,999-29-2978,,,,Betsy773,Daniel706,,,,hispanic,puerto_rican,M,Grafton MA US,175 Nienow Mission Fall River MA 02721 US
d80df747-fffc-4ef9-b708-74c852762fab,1996-11-13,,999-70-7449,S99986794,X84007853X,Ms.,Mariam649,Gusikowski964,,,,asian,chinese,F,Cambridge MA US,446 Zboncak Knoll Apt. 790 Mansfield MA 02048 US
09acd307-b1fb-49e1-88f8-09a76efb1f69,1973-09-08,,999-85-8941,S99952232,X11161907X,Mr.,Ena193,Marks493,,,M,white,irish,M,Lincoln MA US,247 Mills Glen Apt. 611 Dartmouth MA 02714 US
7a180e29-df0f-434e-add7-650d29162239,1963-05-15,,999-52-2973,S99951523,false,Ms.,Frederique714,Metz823,,,S,white,irish,F,Franklin Town MA US,9326 Monica Place Apt. 623 Fall River MA 02723 US
1a62e1d4-685e-4a22-89de-1e47e31b3a36,1934-08-05,,999-94-7724,S99966177,X55178310X,Ms.,Dovie975,MacGyver61,,,S,white,american,F,Wilbraham MA US,436 Andy Estate Freetown MA 02717 US
05528176-f0d7-463e-8b9e-38a32e020362,1928-07-26,2003-11-05,999-50-8265,S99973774,false,Mr.,Andre718,Nikolaus121,,,M,black,dominican,M,Athol MA US,3607 Fritz View Fall River MA 02721 US
2e726c67-25a5-48ee-9b7c-b5972f67a9b6,1995-04-10,,999-52-3247,S99922946,X42287045X,Ms.,Erica712,Padberg25,,,,white,german,F,Cambridge MA US,6781 Leonard Burgs New Bedford MA 02746 US
60204920-1c9a-42e5-8631-52cedacb1926,1974-11-08,,999-20-9683,S99939765,X54507940X,Mr.,Eusebio432,O'Connell35,,,M,white,german,M,Methuen Town MA US,8589 Kenny Court Suite 664 New Bedford MA 02742 US
e3085181-2dda-4c07-be28-df170a75142b,1939-08-04,,999-96-7099,S99944195,false,Ms.,Marjory661,D'Amore653,,,S,white,german,F,Stoneham MA US,2418 Daphney Plaza Dartmouth MA 02714 US
62ef69af-d1ae-4bc7-b433-3f9303606969,1993-11-02,,999-50-9796,S99977050,X20674629X,Mr.,Jaren140,Jacobi311,,,,white,irish,M,Shrewsbury MA US,7467 Erdman Locks New Bedford MA 02744 US
95a78727-d185-40c5-92fd-d59e9a04871c,1955-05-05,2008-02-06,999-81-5624,S99960742,X59157418X,Mrs.,Alejandra551,Harber282,JD,Kerluke829,M,hispanic,puerto_rican,F,Easthampton Town MA US,158 McGlynn Circles Apt. 162 Mansfield MA 02048 US
6a4480cf-0692-4f78-8855-0cc6e2d83d39,1942-12-21,,999-46-8621,S99994730,X29493213X,Mr.,Deangelo41,Doyle678,,,M,asian,asian_indian,M,Chelsea MA US,85149 Kiehn Orchard Dartmouth MA 02748 US
73536803-8cac-42da-943e-666afdc38f25,1941-05-17,,999-24-5483,S99952719,false,Mr.,Jonathan787,King747,,,M,white,polish,M,Brockton MA US,843 Maverick Lights Suite 199 Norton MA 02766 US
cc84e827-eb06-4760-8bf0-2a71ec82ab90,1995-11-20,,999-62-3678,S99991564,X86223331X,Ms.,Mateo419,Reichert456,,,,white,english,F,North Adams MA US,7810 Torphy Stream Norton MA 02766 US
b8343a17-0b68-48da-9b39-b2d37d2cc461,1991-05-12,,999-10-4107,S99943780,false,Mr.,Sarina118,Nitzsche806,,,,white,irish,M,Boston MA US,988 Litzy Loaf Apt. 305 Norton MA 02766 US
31af96a1-4fcd-413d-979a-ac8f03c84d01,1972-01-03,,999-54-8965,S99985856,false,Mrs.,Shirley833,Stehr203,,Ritchie555,M,white,irish,F,Sheffield MA US,588 Daniel Road Fall River MA 02722 US
b8789b3b-d106-4eed-bfd3-cbf2f8484360,2009-07-11,,999-78-2190,,,,Juliet290,Anderson350,,,,white,italian,M,Arlington MA US,1694 Elenor Spurs Suite 962 Mansfield MA 02048 US
c016420a-a2b5-48f9-9ec4-ee9ce9aa2a74,1932-04-01,,999-87-7951,S99946227,X22265870X,Mrs.,Simone357,Kovacek705,,Hudson688,M,white,italian,F,Natick MA US,8970 Amaya Ferry Norton MA 02766 US
5fc3b18f-6921-4a05-98dd-a225182d30d7,2009-07-25,,999-15-4446,,,,Odie53,Lebsack415,,,,white,french,F,Franklin Town MA US,543 Loma Vista Suite 573 Fall River MA 02721 US
f412b8d4-7424-43a7-9b60-c8e804e292f4,1983-05-04,,999-69-3922,S99949700,false,Mrs.,Alec686,Leannon102,,Runolfsdottir352,M,white,irish,F,Quincy MA US,141 Ritchie Knoll Suite 752 Fall River MA 02722 US
da9b37ce-f09c-4727-97d0-2408461b1a60,1971-03-01,,999-33-8786,S99937533,false,Mr.,Triston420,Lebsack415,,,M,white,irish,M,Swampscott MA US,312 Schaefer Falls Suite 756 Norton MA 02766 US
59f7781e-e4bc-4b0f-b29e-06b4fa641138,1993-06-21,,999-11-5534,S99949346,false,Ms.,Sammie267,Hills743,,,,white,irish,F,Stow MA US,5868 Providenci Union North Attleborough MA 02762 US
5c5d05ea-70aa-4d0e-b605-5a85d525d9e2,1953-07-22,2006-01-13,999-59-5652,S99918702,false,Mrs.,Carolyn677,Hessel662,,Schamberger177,M,white,italian,F,Boston MA US,41282 Ziemann Mission Apt. 715 Raynham MA 02767 US
540520e1-b4a6-4d50-81a0-d34bb0f5ccef,1999-05-25,,999-87-7981,S99959919,,Mr.,Jaime55,Cronin520,,,,white,english,M,Attleboro MA US,871 Hammes Circle Suite 319 Norton MA 02766 US
d9657623-77df-495f-82f0-fd75d31071aa,1988-08-04,,999-56-6883,S99990046,false,Mrs.,Odell193,Hodkiewicz209,,Corwin850,M,white,american,F,Worcester MA US,540 Daniel Walks Somerset MA 02725 US
611e61df-71e7-443c-8842-71ed156ee83b,1957-10-17,,999-96-6670,S99941764,false,Mrs.,Vella947,Quitzon392,,Kohler54,M,white,scottish,F,Scituate MA US,552 Shanelle River Norton MA 02766 US
1b0e82c8-bc1b-4990-8adc-987e5531f73e,1993-06-06,,999-66-3577,S99937714,false,Mr.,Lupe538,Hettinger748,,,,white,polish,M,Norfolk MA US,177 Faye Oval Apt. 988 Swansea MA 02777 US
ee1f8dc9-c2cc-463e-a9af-d22b51baa55c,1956-07-09,1992-08-12,999-93-2169,S99941057,X20271851X,Mr.,Hilbert654,Donnelly502,,,M,white,polish,M,Rowley MA US,462 Wilderman Crescent Apt. 300 Somerset MA 02725 US
22a1f299-11a8-4628-a617-f8e057d2f8b2,1950-11-25,2016-09-03,999-96-8560,S99987265,X58415042X,Mrs.,Asha701,Lind470,,Daniel706,M,white,italian,F,East Bridgewater MA US,137 Nicolas Corner Somerset MA 02726 US
6bd0c115-5240-419d-ab8b-36f8afb0114c,1992-01-07,,999-57-7621,S99948188,X25638426X,Mr.,Art107,Stiedemann939,,,,white,american,M,Lawrence MA US,8988 Crystal Spur Somerset MA 02725 US
66a9bc4b-99a2-4975-9df6-39116466178b,1968-03-31,,999-21-2507,S99967025,false,Mr.,Shirley833,Hackett678,,,M,white,french,M,Holden MA US,507 Huel Trail Swansea MA 02777 US
db3cc8ac-7fa9-450a-82f8-71818e0a7587,1983-11-21,,999-34-6526,S99937345,false,Mr.,Andrew395,Hauck878,,,S,white,irish,M,Belchertown MA US,164 Aliya Trafficway Suite 187 North Attleborough MA 02761 US
6f9f6d2f-b5b1-4028-83d1-cdf5f656004b,1953-08-04,2016-10-04,999-15-7298,S99928064,false,Mr.,Sean852,Reilly602,,,M,white,american,M,Lowell MA US,16174 Ryann Courts Apt. 257 Somerset MA 02726 US
c4d4a2b9-5e0c-4657-a8e0-bd71da41cf0a,1943-08-06,,999-97-4048,S99913373,X29118772X,Mrs.,Tyra621,Bins978,,Mosciski495,M,white,irish,F,Lawrence MA US,20061 Upton Crescent Seekonk MA 02771 US
9724f6f9-1449-49f0-8081-81f7dc3737fb,1988-11-06,,999-69-2825,S99960297,false,Mrs.,Alfredo500,Zulauf284,,Hettinger748,M,white,italian,F,Cambridge MA US,70814 Goldner Gateway Swansea MA 02777 US
c28824c5-7ce7-4f2f-bb4d-eae50a30f311,2005-08-08,,999-10-6162,,,,Buddy651,Dicki714,,,,white,english,M,Westfield MA US,47730 Caleb Shoals Seekonk MA 02771 US
1be3508a-041b-4e2a-8030-88298a0e8877,1953-10-22,,999-88-5806,S99971214,false,Mr.,Kenton690,Lemke797,,,M,white,english,M,Hopkinton MA US,4358 Nikita Turnpike Fall River MA 02724 US
dd84b1b0-7240-4753-991e-d37ef0e7c6e2,2011-03-07,,999-66-2943,,,,Chaz222,Crist54,,,,white,german,F,South Hadley MA US,69370 Rosenbaum Green Fall River MA 02722 US
6bb37388-d342-4de2-9e5c-d680f25c619b,1971-07-23,,999-28-5283,S99968993,false,Mrs.,Carlotta255,Shields195,,Bogan983,M,hispanic,central_american,F,Rowley MA US,8475 Satterfield Key Apt. 519 Fall River MA 02724 US
bfd5e76a-a935-4126-91e8-22eef2ed0504,1952-12-07,,999-99-3917,S99997445,false,Mr.,Hershel337,Purdy145,,,S,white,italian,M,Boston MA US,295 Wolff Estates Somerset MA 02726 US
5db7b38c-eda4-45d7-af6b-9c4f93453104,1944-07-07,,999-42-5718,S99967492,X57908969X,Ms.,Forest772,Simonis652,,,S,white,american,F,South Hadley MA US,8720 Emard Causeway Suite 850 Westport MA 02790 US
bbec69d6-a3bb-4ff9-8e33-d977e3206a06,1972-06-20,,999-88-6626,S99948819,X97874523X,Mr.,Reinhold294,Stehr203,,,S,white,irish,M,Boston MA US,51755 Paucek Shores Suite 905 Oak Bluffs MA 02557 US
dacb32f9-b050-47b0-933a-92d9dbdfd7d5,2013-03-30,,999-55-4895,,,,Elwin962,Stark492,,,,white,italian,F,Leicester MA US,22715 Nikolaus Plains Apt. 264 Westport MA 02790 US
8d03b570-129e-4a7d-a2c4-7c71b1c96728,2000-11-18,,999-45-5204,S99939361,,,Idell227,Schoen119,,,,white,german,M,Haverhill MA US,1441 Trantow Pines Suite 492 Westport MA 02790 US
72dbf993-9310-4000-adcb-8f1ef5b8cf37,1973-02-26,,999-63-9093,S99953515,X26698374X,Mr.,Loy295,Yost319,,,M,white,german,M,Scituate MA US,4835 Benedict Corner Apt. 102 Oak Bluffs MA 02557 US
f25996c9-42b6-40e1-ae41-62f79aff4100,1984-04-01,,999-63-3366,S99986200,X73088759X,Mrs.,Rodger24,Weber322,,Conroy165,M,white,russian,F,Springfield MA US,87136 Wade Circles Suite 618 Taunton MA 02780 US
fee8aaca-2955-42ee-a740-73323a3fc505,1978-09-20,,999-72-7420,S99986829,false,Mrs.,Layla324,Cummerata780,,Walter251,M,white,italian,F,Plymouth MA US,462 Faye Junctions Apt. 880 Oak Bluffs MA 02557 US
8c71c7ad-16b0-4fa6-a91f-2f8faf29eff9,1998-01-17,,999-46-8965,S99971138,,Ms.,Marcia225,Barton351,,,,white,swedish,F,Springfield MA US,148 Hessel Brook Apt. 870 New Bedford MA 02741 US
189f34c1-c1e2-44d3-87b7-2d27b3e1cba1,1963-11-01,,999-50-6555,S99959946,X40471181X,Mr.,Columbus180,Bayer843,,,S,white,french,M,Marlborough MA US,28624 Weber Knoll Suite 159 Taunton MA 02783 US
49592bf2-bc7b-4337-abe0-8f7003a68256,1983-04-19,,999-72-6305,S99993482,false,Mrs.,Monica839,Graham737,,Windler822,M,white,german,F,Waltham MA US,162 Katlynn Stream Apt. 112 New Bedford MA 02740 US
1b210384-4b8a-4bcd-9423-c6b8a64d0320,1949-06-24,,999-12-6788,S99910557,X15723004X,Mrs.,Lindsey227,Goyette587,,Hayes297,M,white,irish,F,Rockland MA US,2154 Ebert View Suite 648 Tisbury MA 02575 US
8367f13c-e8cc-43e5-9fbb-c9a260a08538,1958-07-02,,999-71-7645,S99945017,false,Mrs.,Marianna770,Sporer804,,Olson743,M,white,italian,F,West Springfield Town MA US,3140 Lauriane Fall Suite 660 New Bedford MA 02741 US
a5f1d10f-0002-4389-a82b-d3d6bd26fbc0,1952-06-12,2004-05-06,999-76-7059,S99973732,false,Mr.,Modesto82,Schowalter565,,,M,white,irish,M,Randolph MA US,97134 Josefina Port Suite 676 Westport MA 02790 US
52512026-02f5-4e62-9511-1b4fc677232a,1937-08-04,2015-09-23,999-87-4443,S99950316,false,Mr.,Orpha827,Hammes374,,,M,white,american,M,Needham MA US,837 Chyna Rue Andover MA 01899 US
15e99d34-9dfc-4230-aa10-c21721975622,2005-03-10,,999-61-2048,,,,Manuela161,Kautzer530,,,,black,dominican,M,Plymouth MA US,471 Rau Wall Apt. 122 New Bedford MA 02745 US
b34a3efb-43bf-45f6-b520-d357e8cbb72a,1967-03-09,,999-75-7603,S99937735,X38400880X,Mrs.,Orlo524,Graham737,,Rau904,M,white,italian,F,Brimfield MA US,3700 Clemens Prairie Amesbury MA 01913 US
9ae30164-4795-4f38-9430-5d57fb905432,1963-03-06,,999-99-5412,S99914849,false,Mrs.,Oswald508,Schulist336,,Cummings800,M,hispanic,puerto_rican,F,Carver MA US,4182 Predovic Prairie Suite 639 Amesbury MA 01913 US
e2e98a3e-1ae9-48b7-b7fb-f400545ef95d,2013-08-18,,999-18-4146,,,,Velda63,Lockman614,,,,white,irish,F,Dartmouth MA US,373 Shaun Lake Suite 708 New Bedford MA 02742 US
a5c67e77-a058-44d2-8fc9-ed4690a7234e,1940-07-01,,999-83-9269,S99985318,false,Mr.,Jett57,Heidenreich612,,,M,white,french_canadian,M,Lowell MA US,40751 Murazik Mews Suite 938 Boxford MA 01921 US
88927eca-5386-427d-b839-76c2caf8d6e3,2007-03-16,,999-67-1564,,,,Corrine859,Ryan407,,,,white,french_canadian,F,Boston MA US,3741 Beer Brooks Suite 775 New Bedford MA 02744 US
68bb1124-ea4c-4776-bfd7-4277515997e5,1996-04-01,,999-47-5082,S99997964,X51848326X,Mr.,Myles728,Mayert381,,,,white,portuguese,M,Foxborough MA US,504 Conn Grove Beverly MA 01915 US
e4311301-053e-4823-b9fe-993955c25f27,1963-11-01,,999-70-3936,S99917462,false,Ms.,Larissa389,Quitzon392,,,S,white,english,F,Sheffield MA US,2837 Rempel Plain Andover MA 01812 US
9cb46119-9946-4af8-9eb3-cffc472fad00,2014-02-26,,999-36-6196,,,,Adelbert877,Torp126,,,,white,american,F,Yarmouth MA US,5342 Jennifer Mission Andover MA 01812 US
675b2bb1-51a1-4a77-8e4f-839df877c6f6,2009-07-28,,999-70-8014,,,,Makenzie492,Marks493,,,,white,german,M,Bedford MA US,6829 Frida Turnpike Taunton MA 02780 US
43f622f3-374b-4a05-9619-90487e6ed4ad,2001-09-16,,999-68-3987,,,,Domenica667,Lueilwitz716,,,,hispanic,puerto_rican,M,Cambridge MA US,4632 Blanda Estates Suite 139 Taunton MA 02780 US
b5c88c70-0126-4096-9418-09657558efd9,2013-02-02,,999-99-8512,,,,Desmond890,Harris827,,,,white,english,M,Somerville MA US,9602 Turcotte Bypass Suite 481 Amesbury MA 01913 US
8f304104-e5ce-40e9-8fdc-e380ec4bc72a,1959-08-21,,999-34-1009,S99912388,X49831858X,Mr.,Dannie417,Mills225,,,M,white,english,M,Fall River MA US,607 Beaulah Alley New Bedford MA 02742 US
9d219753-c034-461d-8f7e-626f51545f45,1965-09-21,,999-24-4646,S99965721,false,Mr.,Brandi317,Vandervort620,,,M,hispanic,puerto_rican,M,Groton MA US,9499 Ubaldo Passage New Bedford MA 02744 US
6b18bdac-b349-4b0c-a72c-c7111ce0e91d,1957-06-30,,999-83-2104,S99937699,false,Mrs.,Tierra549,Ebert604,,Reichert456,M,white,irish,F,Pittsfield MA US,6616 Emmie Port Suite 532 New Bedford MA 02744 US
880369e5-7c96-48db-8750-48a8195e8fb2,1959-12-16,,999-60-7888,S99975640,X61070770X,Mr.,Trey681,Rath957,,,M,white,english,M,Yarmouth MA US,1715 Isaiah Streets Suite 741 Amesbury MA 01913 US
a556904f-d21f-4ad0-a441-12e0fb9b41c9,1967-12-04,,999-73-3748,S99995226,false,Mrs.,Wilfredo464,Gerhold521,,Boyer546,M,white,russian,F,Sturbridge MA US,2347 Bethany Underpass Apt. 482 Danvers MA 01923 US
5a3dca31-2e10-47f5-a134-b59d6b8732ff,1995-09-13,,999-65-4932,S99997412,X30938388X,Mr.,Arch356,Schuster993,,,,white,swedish,M,Dartmouth MA US,3072 Schamberger Ville Danvers MA 01923 US
29e0b8fa-024c-41d2-a576-dbb93c705e47,1932-04-09,,999-91-7897,S99947946,X82593703X,Mrs.,Delphia707,Ratke467,,Altenwerth673,M,hispanic,mexican,F,Seekonk MA US,12437 Sim Track Apt. 649 Essex MA 01929 US
de66cda7-4ec3-4d1a-a68d-8fbb98dcca3a,1968-11-12,,999-92-7507,S99974666,false,Mr.,Tina988,Gibson528,,,M,white,american,M,Salem MA US,6078 Rogers Centers Suite 109 Danvers MA 01923 US
4b336da4-1479-4682-b635-e368531a1606,1994-09-02,,999-48-6397,S99927608,X13440487X,Ms.,Deshawn40,Feest50,,,,white,italian,F,Nantucket MA US,97389 Swift Skyway Suite 105 Taunton MA 02783 US
25270c29-21eb-44ee-9f83-d7956beef178,1998-01-25,,999-83-8515,S99977050,,Mr.,Braulio134,Stiedemann939,,,,white,english,M,Springfield MA US,1723 Rolfson Avenue Andover MA 01899 US
131c3b54-a4ce-429a-aeda-58ef88695e8f,2016-07-17,,999-13-4010,,,,Yasmeen655,Casper135,,,,white,french,F,Gloucester MA US,227 D'Amore Prairie Andover MA 01899 US
7402dff2-321c-4f73-ad23-459f53febc4f,1983-07-09,,999-17-2064,S99999247,X31154003X,Mrs.,Branson750,Kunze72,,Jast766,M,white,irish,F,Savoy MA US,86354 Weimann Mountains Suite 593 Essex MA 01929 US
b190ff0b-4dc0-4a5f-9871-dc23e81d8c8a,1969-10-10,,999-63-6610,S99935276,false,Mr.,Daisy974,Robel771,,,S,hispanic,mexican,M,Dracut MA US,63932 Kris Common Danvers MA 01923 US
9570141b-5e92-44a7-85d8-e219367375ce,1965-06-11,,999-75-6446,S99930068,false,Mr.,Maybelle373,Abernathy746,PhD,,M,white,french,M,Chicopee MA US,7061 Brody Hills Beverly MA 01915 US
be3d9167-5ba3-499c-858c-ef6f3c45af38,1969-11-17,,999-99-8916,S99939682,false,Ms.,Kayley208,Miller112,,,S,white,irish,F,Wakefield MA US,402 Bode Summit Andover MA 05501 US
a186696b-6dab-46bb-802b-6fe040e5e5db,1962-04-01,2015-07-19,999-66-4292,S99935363,X85285311X,Mr.,Alysha219,Powlowski414,,,M,hispanic,puerto_rican,M,Springfield MA US,64371 Lolita Trail Suite 610 Danvers MA 01923 US
10b13c4c-7d6a-443f-9656-eda6a675bb3c,1952-11-26,2008-09-24,999-70-9481,S99922985,X95719581X,Mr.,Carleton826,Thiel335,,,S,white,italian,M,Lowell MA US,99511 Dena Walk Andover MA 05501 US
fd562640-a762-4a5e-91fc-9fd66c138f55,1958-05-25,,999-72-9887,S99912435,X49551659X,Mr.,Nat970,Keebler235,,,M,white,irish,M,Taunton MA US,59724 Nitzsche Parkways Suite 607 Andover MA 01899 US
2f766492-a917-4dfc-b21d-bf077de9220e,1953-07-05,,999-95-2048,S99961433,X75217855X,Mr.,Marcus266,Walker324,,,M,white,italian,M,Worcester MA US,378 McClure Ridge Apt. 587 Taunton MA 02783 US
77843068-b9fb-4f1e-bc47-99f0fe4ad6f8,2000-09-03,,999-73-5645,S99950054,,,Alison479,Cummings800,,,,white,portuguese,F,Williamstown MA US,9901 Denesik Freeway New Bedford MA 02745 US
85e9a7ed-858d-4acd-bd19-62b1155ce6d4,1946-04-26,,999-88-7687,S99947707,false,Mr.,Arielle645,Thiel335,,,M,white,german,M,Billerica MA US,66367 Bernier Flat Danvers MA 01923 US
14e0278c-1d48-44fa-9d35-678cbdb62923,1940-08-19,2015-10-12,999-72-7237,S99930061,false,Mr.,Darryl844,Ullrich303,,,M,hispanic,mexican,M,Halifax MA US,329 Joseph Light Suite 137 Danvers MA 01923 US
2db81a12-483e-46b3-88fb-e668ef9f50c1,1976-10-22,,999-93-6616,S99978460,false,Mr.,Daniela256,McLaughlin892,,,M,white,italian,M,Somerville MA US,2714 Cassin Mill New Bedford MA 02743 US
6932cca7-2d8a-40d8-81cf-9a24ceb8a67e,1978-04-01,,999-99-7351,S99912683,false,Mr.,Edmond417,Spinka682,,,M,white,italian,M,Somerville MA US,230 Devin Throughway Taunton MA 02780 US
bda8cb53-9463-4ffb-b2e5-dae745c64113,1987-10-25,,999-30-3547,S99956144,false,Mrs.,Amaya690,Jenkins594,,Lowe886,M,white,italian,F,Cambridge MA US,199 Kelsie Inlet Hamilton MA 01936 US
dc64de83-b757-4cba-b3d1-a23b208d22ab,1993-08-08,,999-12-8889,S99960785,false,Mr.,Garry249,Senger856,,,,hispanic,central_american,M,Bourne MA US,3128 Victor Road Hamilton MA 01936 US
a32d6efe-dbfd-489e-9937-e10640602755,1997-07-20,,999-12-8742,S99935465,,Ms.,Jaclyn633,Hilpert863,,,,white,french_canadian,F,Saugus MA US,6471 Medhurst Mall Apt. 933 Hamilton MA 01936 US
bae30071-2b55-48b0-b74d-2f9fb8529b8e,2000-04-05,,999-39-1471,S99974197,,,Rita567,Shanahan442,,,,asian,asian_indian,M,Fall River MA US,74285 Kunze Mountains Taunton MA 02780 US
b03ce159-0371-4bea-bd87-cf58e87523bc,1956-09-13,,999-88-4776,S99996559,X67963785X,Mrs.,Selmer543,Wolf566,,Schulist336,M,black,african,F,Harwich MA US,1156 Roscoe Dale Groveland MA 01834 US
b99f416d-c69a-486a-a6f4-880f0210a067,1976-12-11,,999-24-4303,S99970608,X34752483X,Mrs.,Letha930,Pagac831,,Barton351,M,black,dominican,F,Boston MA US,38993 Donnelly Place Groveland MA 01834 US
c787a416-08a2-4f8c-a6d4-a25094503485,1973-08-15,,999-79-4165,S99919268,false,Mr.,Ezekiel666,Satterfield158,,,M,white,irish,M,Arlington MA US,2914 Lacey Ridge Hamilton MA 01936 US
9e6e50a1-a201-43cb-af65-842b6af84c96,1922-01-27,1978-04-21,999-52-1001,S99947483,false,Mrs.,Ruthie262,Metz823,,Welch327,M,hispanic,puerto_rican,F,Woburn MA US,6005 Wyatt Ranch Gloucester MA 01931 US
556c554f-322f-4cb1-ac98-2f17a98d9510,1919-05-26,1982-09-17,999-53-8086,S99991357,X34240873X,Mrs.,Axel223,Swift777,,Volkman639,M,white,irish,F,Norwood MA US,92460 Larson Crest Ipswich MA 01938 US
529de9c4-1844-4d5a-8f27-4aad66037090,1964-09-13,,999-24-2085,S99975956,X27303435X,Mrs.,Kasey560,Koepp421,,Frami871,M,white,scottish,F,Newbury MA US,214 Monahan Lights Apt. 471 Gloucester MA 01931 US
64e53338-db55-4be8-8b01-dcdcfe5fd635,1997-07-14,,999-35-7319,S99972365,,Mr.,Lexi558,Denesik641,,,,white,french,M,Boston MA US,15482 Bill Union Apt. 731 Taunton MA 02780 US
65fb8bd9-1c9a-44c2-8b67-2e2a25117656,2009-08-26,,999-46-3337,,,,Jacinthe388,Satterfield158,,,,white,irish,F,Boston MA US,947 Kristin Walks Gloucester MA 01931 US
c18f1572-da4d-4ecb-abca-d411789de8b0,1940-09-21,1972-11-22,999-39-8950,S99942888,X55043230X,Mr.,Lonzo702,Zemlak802,,,S,white,french,M,Somerville MA US,2709 Kris Walk Ipswich MA 01938 US
907521a2-ff39-47d5-87c6-bfcbbf1675e1,2011-04-01,,999-74-2094,,,,Melyna974,Kreiger23,,,,hispanic,puerto_rican,F,Dudley MA US,3304 Chesley Light Apt. 374 Haverhill MA 01833 US
8a5df878-9c76-4af9-862c-458e58fd88ed,1973-06-11,,999-77-3592,S99987667,X47861938X,Mr.,Mathilde597,Larson691,,,S,white,portuguese,M,Winthrop Town MA US,835 Jerrod Loop Haverhill MA 01830 US
cdf930df-62a5-4ada-8967-9cf91aee1d9d,1956-01-23,,999-78-2876,S99988298,false,Mr.,Tate267,Aufderhar983,,,M,hispanic,puerto_rican,M,Everett MA US,13931 Sanford Via Lynn MA 01903 US
ebac9706-9ac4-4836-91b4-56a31c7ce45a,1974-04-27,,999-57-2130,S99953671,false,Mrs.,Alysha219,Gislason613,,Koss397,M,white,irish,F,Brookline MA US,686 Eugene Ferry Suite 428 Gloucester MA 01930 US
8725866a-5135-43ec-abba-ebcf3a96390d,1990-03-12,,999-12-5783,S99949107,X92978230X,Mrs.,Fatima994,Jast766,,Pfeffer477,M,white,scottish,F,Maynard MA US,9009 Heathcote Pass Gloucester MA 01930 US
b1085aed-d6b7-4ed8-bf88-8f214f87fae0,1963-12-06,,999-94-4486,S99996804,false,Mr.,Erin678,Gerhold521,MD,,M,white,french_canadian,M,Groton MA US,5050 Kerluke Branch Suite 586 Ipswich MA 01938 US
de78b5ab-e9b1-4253-9aa1-b7126696f290,1984-05-24,,999-35-5342,S99927393,X15493292X,Mrs.,Xander548,Schiller21,,Lubowitz329,M,white,english,F,Westport MA US,15324 Veum Club Suite 336 Gloucester MA 01931 US
2521028f-ae36-4916-9da8-33ab3145b056,1976-03-03,,999-63-9846,S99983965,false,Mr.,Libby906,Quitzon392,,,M,hispanic,puerto_rican,M,Springfield MA US,615 Mervin Neck Suite 363 Ipswich MA 01938 US
9c1812d6-3cd6-4249-b517-82b6d0414c53,1981-11-07,,999-77-6556,S99927356,X30221056X,Mr.,Zella874,Kuhic851,,,M,hispanic,puerto_rican,M,Boylston MA US,226 Hilpert Rapids Haverhill MA 01830 US
9f3e4020-3d8b-482d-808e-07ebef30c41d,1914-07-02,1983-04-21,999-73-3396,S99960600,false,Ms.,Vivienne759,Hoeger84,,,S,white,english,F,Stoughton MA US,209 Toy Viaduct Apt. 926 Gloucester MA 01930 US
af7b064e-ed14-4c5f-9946-6f30b71911d0,1912-01-28,1970-12-17,999-96-5037,S99929892,false,Mr.,Enid492,Kuhlman253,,,M,white,polish,M,Haverhill MA US,6014 Fahey Turnpike Manchester-by-the-Sea MA 01944 US
80caaac8-35a3-42e6-8644-c54ecac2cf20,1962-12-20,,999-92-8706,S99953055,X79892458X,Ms.,Walter251,Larson691,,,S,white,polish,F,Boston MA US,8824 Rodriguez Shoals Lynnfield MA 01940 US
a803b9cc-475d-475f-b889-262e9850a5a1,1984-09-04,,999-89-9409,S99970730,false,Mr.,Keegan344,Macejkovic315,,,S,white,irish,M,Lexington MA US,9657 Gusikowski Island Marblehead MA 01945 US
3a1237b2-8748-4058-99c4-c93d9c587a71,1994-12-07,,999-32-3787,S99991683,X72811490X,Ms.,Nathaniel62,Rau904,,,,white,irish,F,Millbury MA US,672 Block Islands Apt. 663 Marblehead MA 01945 US
4047b07f-3a43-42a3-8c9a-920ff214eb65,1989-02-03,,999-38-6127,S99951966,X67853579X,Mr.,Kayden707,Moore898,,,M,white,irish,M,Boston MA US,2006 Dawn Shore Apt. 651 Marblehead MA 01945 US
49e4f747-dc54-48ac-b0df-9bd250cabbe0,1995-07-07,,999-83-9411,S99964212,X48090400X,Ms.,Angel357,Will523,,,,white,english,F,Peabody MA US,213 McCullough Throughway Apt. 907 Lynn MA 01903 US
07a3e809-3459-48f4-932b-fb06d27054ad,1989-12-13,,999-46-4451,S99991287,false,Mrs.,Reid743,Hickle792,,Pacocha576,M,white,italian,F,Somerville MA US,93021 Monte Springs Apt. 188 Marblehead MA 01945 US
5312a360-734c-4171-a029-3de6f3d4a6ba,1964-07-29,,999-21-9771,S99915257,false,Mrs.,Veronica383,Hahn996,,Johns198,M,white,polish,F,Revere MA US,3027 Casimir Canyon Lawrence MA 01842 US
64f01fab-1a17-4145-989a-f9ac297afe80,1939-07-16,2000-12-17,999-97-3175,S99936328,X20666490X,Mr.,Enrique173,Hegmann501,,,M,white,polish,M,Chester MA US,235 Violette Shore Haverhill MA 01833 US
362ae956-b878-4776-bd00-d5d0165735f2,1962-02-13,1980-04-08,999-94-6436,S99951694,,Mr.,Margaretta386,Stoltenberg487,,,,white,italian,M,Easthampton Town MA US,49541 Hanna Locks Suite 513 Haverhill MA 01833 US
559c70d9-2ad3-4a5d-8961-9004bbb7b700,1949-01-27,,999-18-6130,S99984005,false,Mr.,Casper135,Muller64,,,M,white,english,M,Lynn MA US,3981 Stokes Via Suite 433 Methuen MA 01844 US
10f2426c-ee59-4279-a6bd-e4e5cf7e1aca,1980-06-02,,999-54-1715,S99964640,X80983770X,Mrs.,Harmony152,Ledner563,,Frami871,M,white,irish,F,Chicopee MA US,92212 Chaz Vista Suite 323 Methuen MA 01844 US
290b54cc-bfbc-4193-aa7b-ad888dbe2570,1939-03-28,1982-11-09,999-72-2680,S99943377,false,Mrs.,Jeanne250,Strosin15,,West921,M,white,italian,F,Lowell MA US,7599 Veum Causeway Lawrence MA 01840 US
27e0f02a-c885-44c3-bbc3-1c9242e462be,1987-02-13,,999-35-1237,S99913623,false,Mr.,Chaz222,Barrows37,,,S,white,swedish,M,Billerica MA US,876 Gerard Mills Suite 194 Lawrence MA 01841 US
f675ef9f-4fcb-4d89-8b5a-1abe53136267,1966-05-19,,999-16-8388,S99913008,false,Mr.,Hershel337,Abshire919,,,S,white,polish,M,Dedham MA US,22323 Mitchell Lodge Suite 606 Methuen MA 01844 US
57040705-b565-4996-ab5b-4169face19d1,1995-11-14,,999-11-8311,S99968608,false,Mr.,Jasen534,Emard123,,,,white,polish,M,Lexington MA US,950 VonRueden Route Apt. 970 Haverhill MA 01831 US
1d611e66-f30e-47de-95db-94fb845e4d35,1974-05-27,,999-65-4665,S99986539,X96465876X,Mr.,Mabelle861,Blick189,,,M,white,irish,M,Taunton MA US,78527 Ubaldo Turnpike Lynn MA 01903 US
9a7517a4-7a2a-444f-bcb9-3c00dfaa5a1c,1963-11-29,,999-89-5676,S99946930,false,Mrs.,Sheridan824,Bernhard843,,Herman911,M,white,french_canadian,F,East Longmeadow MA US,30973 Abbie Ferry Lynn MA 01901 US
ab6e250d-2d99-456b-bc20-3020e6dc6b10,1964-09-13,,999-83-6561,S99932235,false,Ms.,Victor385,Huel366,,,S,white,irish,F,Westwood MA US,19546 Sporer Expressway Lynn MA 01904 US
428dc79c-71a2-41b5-a9d0-1fea0fb2811f,2008-06-12,,999-52-5330,,,,Ali700,Bins978,,,,white,french,F,Needham MA US,11312 Kailey Burgs Suite 279 Methuen MA 01844 US
3afa18d4-90dd-4bb2-aa41-be9e7a4ea36e,1959-02-19,,999-89-1183,S99916941,false,Mrs.,Dudley127,Thiel335,,Deckow187,M,white,italian,F,Topsfield MA US,7647 Lucienne Spurs Apt. 945 Lynn MA 01902 US
0f208038-00bb-4242-8dfe-7610bbc317af,2011-12-20,,999-94-4401,,,,Gabrielle73,Lemke797,,,,hispanic,mexican,F,Worcester MA US,5188 Dulce Route Middleton MA 01949 US
35b45fcc-45ef-4152-afb2-f99afe258680,1955-08-17,,999-26-8096,S99980674,false,Mrs.,Guadalupe565,Collier562,,Langosh323,M,white,polish,F,Lynn MA US,320 Littel Lodge Apt. 809 Nahant MA 01908 US
e74ac68a-b702-417c-9361-b680f8bc56e2,1972-01-04,,999-42-4170,S99966454,X93319311X,Mrs.,Earnest455,Ortiz21,,Ortiz21,M,white,italian,F,Millis MA US,80010 Blanca Burg Suite 209 Lawrence MA 01840 US
35b66a91-5a83-47d7-ba7f-128227cc49b2,1918-01-30,1948-09-15,999-82-8244,S99924917,false,Ms.,Gennaro560,Wolff140,,,S,white,italian,F,Boston MA US,4413 Audra Tunnel Suite 887 Lawrence MA 01842 US
707b3a5b-fe42-4f39-a6f3-344b47f90826,2011-05-20,,999-25-6755,,,,Eden561,Buckridge255,,,,hispanic,central_american,M,Pittsfield MA US,642 Lacy River Methuen MA 01844 US
32a3500e-addf-4e51-bd98-72c492563790,1970-12-15,2016-11-15,999-94-9590,S99939638,false,Mr.,Chyna958,Daniel706,,,M,black,dominican,M,Ipswich MA US,8680 Cormier Port Haverhill MA 01835 US
d7d895f6-521d-4f85-b7d6-2047951412bf,1952-06-23,,999-10-5626,S99974852,X41350094X,Mrs.,Emanuel89,Kuvalis245,,Cassin602,M,white,english,F,Brookline MA US,486 Doyle Islands Lynn MA 01902 US
ef015fea-d313-4da7-8d73-87c0acc8a7fa,1961-04-17,,999-48-1851,S99972208,false,Mr.,Trevion946,Wehner221,,,M,white,american,M,Cambridge MA US,408 Gage Circle Suite 862 Methuen MA 01844 US
60864565-166c-491b-85c2-b7b8ccac6b76,1999-01-17,,999-43-3702,S99918574,,Mr.,Ursula506,Lehner444,,,,white,irish,M,Dartmouth MA US,748 Bethany Lights Apt. 822 Lawrence MA 01841 US
2192068b-9a1a-45ba-b45b-209034171694,1963-10-30,,999-55-6573,S99980043,X13646663X,Ms.,Rylan570,Streich664,,,S,hispanic,mexican,F,Fall River MA US,510 Pfannerstill Garden Lawrence MA 01843 US
16d98483-b2b9-4156-8705-a13aaf0f4cef,2015-11-17,,999-60-1332,,,,Joanne737,Boyle761,,,,white,french_canadian,F,Stoughton MA US,7485 Gibson Forks Apt. 519 North Andover MA 01845 US
574252c3-0625-4c62-93e8-a183ba8457b7,2007-02-16,,999-17-8103,,,,Damon389,Kunze72,,,,hispanic,central_american,M,Watertown Town MA US,236 Rice Lights Lawrence MA 01840 US
aec3c4b8-111f-44d4-8813-8cae926eaea6,2001-12-13,,999-75-7310,,,,Janae804,Anderson350,,,,black,dominican,F,Weymouth Town MA US,23915 Torphy Mill Apt. 822 North Andover MA 01845 US
8c66e28d-9e56-44a8-83c2-8d3bc59fd239,1994-12-02,,999-76-6032,S99922922,X80408894X,Mr.,Yolanda107,Watsica156,,,,black,dominican,M,Bourne MA US,304 Summer Island Apt. 895 North Andover MA 01845 US
380fc30e-03a6-47b5-95ce-5e889af43b8d,2013-09-21,,999-35-2277,,,,Peggie599,Cassin602,,,,white,irish,M,Worcester MA US,76351 Cristal Plains Methuen MA 01844 US
15799ab5-62e2-4a95-83e8-a3754b9fe550,1944-06-14,,999-27-9281,S99984880,X94122557X,Mr.,Maddison890,Orn984,,,M,white,italian,M,Brockton MA US,398 Walsh Point Apt. 249 North Andover MA 01845 US
ce5978f7-f372-4b20-b13e-f7dcae61e996,1982-05-22,,999-23-7974,S99937014,X81647373X,Mr.,Hattie524,Beahan56,,,S,white,english,M,Chelsea MA US,988 Hettie Pine North Andover MA 01845 US
6b18031e-2173-4651-a760-183876957af2,1994-07-10,,999-81-7041,S99923643,false,Mr.,Colt954,Beatty236,,,,white,portuguese,M,Norwood MA US,400 Borer Avenue Suite 426 Newburyport MA 01950 US
086d80e6-50a6-423a-b705-3486a75b3eb9,1974-08-04,,999-91-6369,S99925801,X27475065X,Mr.,Santos682,Quigley689,,,M,white,irish,M,Framingham MA US,505 Ankunding Keys Newburyport MA 01950 US
82c04534-438f-4ffe-baf2-068da0525ccb,1982-06-11,,999-17-5053,S99914847,X13014405X,Mr.,Vicenta921,Hackett678,,,M,white,french,M,Marblehead MA US,45102 Heathcote Summit Apt. 825 Peabody MA 01960 US
2c87c9a3-198b-4dbb-a44c-47ee5f9bd737,1936-04-06,2014-01-13,999-38-1617,S99926114,false,Mr.,Dale169,Fay910,,,M,white,german,M,Dedham MA US,80391 Erdman Ford Apt. 258 North Andover MA 01845 US
47daceca-e884-4708-af29-2de7b516b3aa,1924-02-14,1992-03-17,999-93-3212,S99952062,false,Mr.,Timmothy527,McCullough226,,,M,white,irish,M,Pembroke MA US,9329 Ethelyn Prairie Suite 130 Peabody MA 01961 US
9f420bc1-541a-44d1-8682-c564e5aaacda,2009-06-01,,999-99-4651,,,,Sigmund763,Hudson688,,,,white,swedish,F,Barnstable Town MA US,43116 Marcia Spur Lawrence MA 01841 US
1727cbef-001b-4b47-9d6d-4fb13e25f7ce,1960-04-16,2014-06-20,999-43-6654,S99991334,X60520500X,Mr.,Ned932,Witting337,,,M,asian,chinese,M,Sandwich MA US,69708 Felipa Walk Apt. 418 Rowley MA 01969 US
cf05edec-228e-4185-b33d-5eccad97754a,1930-12-26,1982-05-17,999-92-6761,S99985992,X12789039X,Mr.,Cielo187,Von395,,,M,white,italian,M,Boston MA US,914 Houston Stream Apt. 448 North Andover MA 01845 US
2b9a1d47-a9b1-4a54-81f9-179f04269b4e,2008-07-30,,999-51-1019,,,,Mozelle877,Rutherford110,,,,white,italian,M,Fall River MA US,6276 Jeffrey Trail Salem MA 01971 US
8f435879-1986-42bf-b9cf-852774502279,1968-10-18,,999-26-8324,S99990669,X99135819X,Mr.,Edna490,Swaniawski131,,,M,hispanic,puerto_rican,M,Georgetown MA US,4887 Lindgren Walk Lynn MA 01905 US
6a33f071-2e3c-49d6-ad5d-86001bbf2b18,1987-06-24,,999-69-7274,S99955019,false,Mrs.,Elsie962,Hilll641,,Armstrong275,M,white,english,F,Northampton MA US,9623 Kyla Centers Salisbury MA 01952 US
e19b82cb-26a2-4551-b020-93aa84d4acf6,1951-02-27,,999-32-2834,S99987491,X35617221X,Mrs.,Billie918,Sawayn872,,Cassin602,M,white,english,F,Beverly MA US,3476 Zoey Tunnel Peabody MA 01961 US
100008fe-4305-4292-823e-8b1eb7470be5,1985-01-03,,999-77-3601,S99978148,false,Mrs.,Tobin966,Fahey895,,Waelchi310,M,white,english,F,Arlington MA US,9629 Little Summit Salem MA 01970 US
f32311ff-dc19-4c0a-b5e4-f9be2ccb74e7,1952-10-14,2008-08-09,999-15-6231,S99994902,X28103189X,Mr.,Miller112,Conroy165,,,M,white,french_canadian,M,Seekonk MA US,105 Alexandro Springs Lynn MA 01902 US
9cefa000-8fb8-4fe9-b3be-1872906020a1,1966-10-05,,999-15-6367,S99998128,X10058596X,Mrs.,Beulah709,Dietrich207,MD,Koepp421,M,asian,asian_indian,F,North Attleborough MA US,4295 Lehner Forest Apt. 672 Salem MA 01971 US
a57909f9-5741-40e2-909a-606e5fbca876,2014-12-25,,999-30-5971,,,,Queenie18,Pollich676,,,,white,german,M,Worcester MA US,63855 Nels Inlet Saugus MA 01906 US
948dc375-8639-4173-9c1c-7a7a0901da0b,1965-05-21,,999-88-4319,S99991290,X31314721X,Mrs.,Francisco626,Lynch576,,Murray364,M,white,portuguese,F,Belmont MA US,3021 Von Turnpike Apt. 317 Salem MA 01970 US
e14c9534-732e-4aa3-a32c-06863cef9d2b,1944-08-29,,999-63-1951,S99944355,false,Mr.,Noe778,Nienow887,,,M,hispanic,puerto_rican,M,Sandwich MA US,60245 Raynor Shore Suite 923 Wenham MA 01984 US
68f013d2-6415-46a4-8c5b-7b2dafe9270f,2010-01-11,,999-66-2976,,,,Garret531,McKenzie863,,,,white,irish,F,Worcester MA US,921 Blick Street Suite 247 Wenham MA 01984 US
58b1d0cf-7af8-4c21-9e1e-3bbf752492f4,1971-11-17,,999-50-2374,S99937042,X17194959X,Mrs.,Bridgette783,Fadel237,,Feeney538,M,hispanic,puerto_rican,F,Chelmsford MA US,89252 Kailee Meadow Suite 789 Wenham MA 01984 US
2304b285-7768-40db-b41d-ccd3179a381c,1924-05-19,,999-56-1235,S99920390,X89322482X,Mrs.,Wilber386,Schroeder130,,Cummings800,M,white,italian,F,Somerville MA US,4779 Lila Highway Apt. 367 Saugus MA 01906 US
9092e069-6956-4c7f-bdbc-5a7c895877c6,1968-09-08,,999-84-4399,S99915700,false,Mrs.,Nickolas328,Turcotte237,,Hintz477,M,white,italian,F,Barnstable Town MA US,415 Alejandrin Junctions Topsfield MA 01983 US
adbf9411-7edd-43bd-9a28-3c705f097d14,1946-03-18,,999-87-9423,S99911851,X70296980X,Mr.,Dakota673,Altenwerth673,,,S,white,german,M,Rehoboth MA US,741 Fanny Forks Suite 484 Salem MA 01970 US
b2b783f7-e0d5-4ad5-b5d6-5e701fc965d5,1953-12-08,,999-18-8870,S99979908,X74079757X,Mr.,Jeffrey854,D'Amore653,,,M,black,dominican,M,Hingham MA US,818 Tyree Mill Suite 944 West Newbury MA 01985 US
cd89d5a6-9fba-47b1-ba75-71f3580d4bc4,1936-10-02,,999-19-5075,S99910400,false,Mr.,Kamren789,Halvorson187,,,M,white,german,M,North Adams MA US,765 Althea Ville Suite 840 Saugus MA 01906 US
4999e33d-b8a5-475e-b5b9-f607a329b4ac,1990-04-17,,999-51-9507,S99943854,X72919970X,Mrs.,Moshe343,Bernier680,,Kohler54,M,white,english,F,Norwood MA US,74634 Greenfelder Grove Suite 270 Saugus MA 01906 US
cbbfab4a-0ece-458f-b9d4-d5caf02b9258,2016-04-04,,999-16-2083,,,,Brandy286,Roob929,,,,white,american,M,Chelsea MA US,56366 Okuneva Circle Salem MA 01970 US
a175480e-1ccc-4e84-b136-596ad322d91e,1989-04-23,,999-69-2961,S99955182,X25642341X,Mrs.,Merritt909,Fay910,,Okuneva503,M,white,swedish,F,Pembroke MA US,3041 Heaney Run Peabody MA 01961 US
99da0a7d-369c-4205-ad73-19b5af581c8c,1992-02-27,,999-68-8261,S99943343,X31685216X,Mr.,River543,Brakus830,,,,white,italian,M,Everett MA US,6257 Moen Corners Erving MA 01344 US
783b0a9b-2ed8-47d7-a45a-d2b74bc345c9,1977-11-28,,999-75-5908,S99989366,X55794481X,Mr.,Natalia9,Hauck878,,,S,white,scottish,M,Hull MA US,9950 Jada Underpass Suite 241 Peabody MA 01961 US
0f3c3960-d95c-4507-8e8b-b36be4de44a6,1956-01-23,,999-82-3574,S99951901,false,Mr.,Caesar664,Adams180,,,M,white,italian,M,Hinsdale MA US,1613 Jamel Plain Peabody MA 01960 US
b4f6b54b-7253-4552-8210-7890a9e1c124,1946-11-27,,999-94-9755,S99934347,false,Ms.,Benton371,Gusikowski964,,,S,white,irish,F,Auburn MA US,5195 Eleanore Trail Greenfield MA 01301 US
a600c4ee-b452-4301-a50e-0faf3f6fe81f,2001-03-24,,999-31-7241,S99959201,,,Isabel608,Walker324,,,,white,portuguese,M,Brockton MA US,851 Rempel Parks Apt. 321 Northfield MA 01360 US
f674d5a5-49fd-4401-9b0b-57986bfb8331,1988-01-09,,999-56-2830,S99920051,X26858057X,Mrs.,Kenny930,Cartwright250,,Kovacek705,M,white,polish,F,Greenfield Town MA US,67356 Zaria Avenue Salem MA 01971 US
6b576051-fbe0-4bc4-9f16-ca73e853d03f,1961-02-14,,999-10-4563,S99968851,X46035617X,Mr.,Jon32,Schmitt349,,,M,hispanic,puerto_rican,M,Dedham MA US,69894 Harber Summit Apt. 135 Montague MA 01351 US
ccd20925-5cf2-4aa7-b6ea-aa8e06b15815,1940-01-27,,999-69-9994,S99971586,false,Mrs.,Vincent966,Homenick118,,Torp126,M,white,russian,F,Boston MA US,672 Charley Squares Greenfield MA 01302 US
d036d426-2891-435e-a0d8-2be7c4993414,1927-03-15,1980-09-27,999-27-4555,S99967518,false,Mr.,Keshawn545,Schmeler79,,,M,white,italian,M,Boston MA US,12044 Edison Roads Suite 896 Shelburne MA 01370 US
db0bdac9-f75e-40fc-950e-abda3dfe7706,1981-05-30,,999-87-1390,S99966649,false,Mrs.,Lola825,Swift777,,Schmidt882,M,white,french,F,Falmouth MA US,625 Luis Passage Apt. 681 Greenfield MA 01302 US
dadc6b08-6662-4125-982f-d91d806b25c6,1966-08-11,,999-17-8055,S99969515,X94105147X,Mr.,Abel714,Franecki287,,,M,black,african,M,Bedford MA US,55387 Schuster Lakes Apt. 279 Granville MA 01034 US
72233667-aaf0-4c02-a8ef-66c70ad501f9,1957-08-21,1996-09-26,999-48-3395,S99960893,X95462081X,Mr.,Lyla530,Ortiz21,,,M,white,italian,M,Framingham MA US,67517 Jazmyn Shores Agawam MA 01001 US
bf7b3751-1589-45de-9464-c8ea683e3cc0,2009-01-28,,999-41-2735,,,,Billy100,Cassin602,,,,white,russian,M,Brookline MA US,792 Jacobi Point Apt. 905 Agawam MA 01001 US
df20383f-37b1-4760-937d-2e0d44203b2d,1959-11-08,,999-36-1678,S99939941,false,Mrs.,Edwin134,Beatty236,,Ruecker265,M,white,italian,F,Middleborough MA US,90603 Aditya Spur Hampden MA 01036 US
21a55d06-56bb-4a80-bf4f-9ef3b67e27c6,1961-03-24,,999-10-5662,S99911420,X74422467X,Mr.,Luigi586,Raynor678,,,M,asian,chinese,M,Lynnfield MA US,403 Colton Neck Agawam MA 01001 US
3746c02f-9900-4106-914d-621f292a5ab2,1934-08-09,1997-08-18,999-61-2214,S99942737,X85633792X,Mr.,Chelsey931,Reichel503,,,M,black,west_indian,M,Springfield MA US,8363 Christelle Garden Holland MA 01521 US
9b70a59b-5fa8-4a93-aee8-b9a1d5dbbb0b,1953-06-16,,999-11-7354,S99965516,false,Mrs.,Kathryne622,Towne582,,Metz823,M,white,italian,F,Revere MA US,882 Kertzmann Harbor Apt. 405 Holyoke MA 01041 US
f434e267-6d6c-4911-a6d8-bfb3eb8af3c4,2010-11-24,,999-84-7231,,,,Clifton27,Huel366,,,,black,dominican,M,North Andover MA US,52564 Lind Ports Suite 941 East Longmeadow MA 01028 US
3104c7c0-c04f-4145-ade3-75b02c4dc6f3,1933-12-16,2012-07-06,999-74-8756,S99944357,X39472571X,Ms.,Kali471,Kohler54,,,S,white,portuguese,F,Tewksbury MA US,65867 Keebler Street Apt. 788 Chicopee MA 01014 US
981d191d-4363-4e80-93b4-adc597d1c0a0,1933-07-24,1997-11-24,999-10-1734,S99998432,false,Mrs.,Eleazar2,Ryan407,,Weimann43,M,white,portuguese,F,Brockton MA US,2745 Sporer Ridge Chicopee MA 01013 US
9bb341e4-cdfe-4229-b947-e97dfb9ec2bf,1985-07-31,,999-32-1470,S99934044,X22882382X,Mr.,Gavin32,Yundt612,,,M,white,irish,M,Peabody MA US,48213 Ivory Gateway Suite 966 Longmeadow MA 01106 US
09401e19-1a60-4e45-a86e-79835dcb8682,2012-09-03,,999-70-4632,,,,Abbey631,Schuppe795,,,,black,african,F,Wilbraham MA US,93762 Gideon Point Ludlow MA 01056 US
d1cd13a2-e41c-4508-8bc9-d308ad3905f1,2007-11-03,,999-89-6139,,,,Lula824,Mertz249,,,,white,irish,M,Concord MA US,6408 Ethyl Points Apt. 814 Ludlow MA 01056 US
87cea2a9-2f0e-410a-97b3-46617182d494,2009-09-14,,999-64-3812,,,,Napoleon626,Medhurst372,,,,white,french,F,North Attleborough MA US,8226 Rolfson Drive Apt. 237 Longmeadow MA 01116 US
b00586bc-5cb9-4ee0-9d8e-c88390d7dc54,1982-04-01,,999-67-6242,S99928716,false,Mr.,Liza349,Gerhold521,,,S,white,french_canadian,M,Stoneham MA US,907 Bogan Center Agawam MA 01001 US
574d8117-884b-4fda-b8bc-11d6f306c1e9,1991-04-24,,999-88-7259,S99994186,X78344265X,Mr.,Friedrich76,Rippin447,,,,white,swedish,M,Needham MA US,854 Nelda Mountains Suite 805 Agawam MA 01001 US
c6cbb01a-bf97-48ed-ba39-7dc2fa971212,1994-01-12,,999-67-1569,S99921066,X98471086X,Ms.,Eudora66,Lesch922,,,,white,irish,F,Wareham MA US,92042 Hoeger Fields Apt. 465 Ludlow MA 01056 US
a72b2f4a-99b1-447a-91d4-d7a111c2d2c9,1970-01-12,,999-59-4053,S99917053,false,Mr.,Mertie241,Reichert456,,,M,white,irish,M,Westport MA US,756 Marvin Island Monson MA 01057 US
5df6fed4-0b37-48a2-821d-54282571eed8,1935-11-20,1983-01-29,999-31-3897,S99933905,false,Mr.,Jerry826,Weber322,,,M,black,dominican,M,Boston MA US,7175 Cassandre Ferry Apt. 313 Agawam MA 01001 US
1e3d4c18-96fd-4a63-9dc6-8fef049e009c,1993-06-26,,999-57-9429,S99971990,false,Mr.,Mazie94,Maggio705,,,,white,polish,M,Uxbridge MA US,2009 Estrella Cliffs Ludlow MA 01056 US
c9da03a8-ad55-47f7-a093-713c4181ba1a,1960-07-03,,999-28-6415,S99970396,false,Mrs.,Garnet168,Stanton789,,Schaden136,M,hispanic,puerto_rican,F,Wareham MA US,8340 Adelbert Dale Suite 268 Palmer MA 01069 US
b26e96fe-e422-4aea-967c-1b79481ec411,2000-04-07,,999-65-1954,S99987892,,,Elvera361,Kutch479,,,,white,german,F,Newton MA US,21825 Giles Unions Longmeadow MA 01106 US
0239c658-60a8-46aa-b48d-d2e2b810ece8,1977-03-17,,999-64-7179,S99976592,false,Mr.,Tatum924,Rosenbaum848,,,M,white,irish,M,Pittsfield MA US,235 Kaci Grove Apt. 110 Palmer MA 01069 US
d9431e0f-5e8b-480a-a49e-873f2d72f1ed,1976-05-22,,999-41-6403,S99932714,X79195623X,Mr.,Audrey936,Schuster993,,,M,hispanic,puerto_rican,M,Boston MA US,6672 Bert Court Suite 336 Agawam MA 01001 US
a65061ac-24b6-45ba-a28b-c3c3d1d55983,1998-04-26,,999-43-3339,S99966710,,Mr.,Thelma803,Hirthe52,,,,white,french,M,Westfield MA US,4677 Wilburn Union Agawam MA 01001 US
74a40e2c-ce81-4533-91b3-de3e4d5401dc,1961-06-30,,999-66-6986,S99982693,false,Mrs.,Jevon556,Lang840,,Nikolaus121,M,white,french,F,Walpole MA US,3628 Hilpert Branch Holyoke MA 01040 US
4f3edd88-3fba-4865-84fd-8bb088214dc0,1974-03-09,,999-31-2007,S99960660,false,Mrs.,Annamae395,Ortiz21,,Kutch479,M,white,german,F,Westfield MA US,93888 Beer Harbors Suite 413 Springfield MA 01101 US
b4497c61-b447-4c56-bee2-eb9d8be16390,1997-08-06,,999-14-2947,S99917567,,Ms.,Alessandra522,Schaefer735,,,,white,polish,F,Hudson MA US,625 Quinten Cliffs Springfield MA 01111 US
39d68ae9-955a-48a0-87ac-0bab4d6a6000,1947-02-02,,999-59-7297,S99951819,false,Mrs.,Deondre230,Kunze72,,Green619,M,hispanic,puerto_rican,F,Boston MA US,8843 Alvena Ridges Wales MA 01081 US
380a4747-410a-4cf1-82cd-b1217a9a3249,1967-09-22,,999-96-8807,S99956060,X31154225X,Mrs.,Savion960,Leuschke227,,Walker324,M,white,irish,F,Marion MA US,82143 Orion Crescent Suite 838 Holyoke MA 01041 US
2da34cc8-de24-408b-8846-c33825838ee6,1952-09-10,,999-77-6885,S99987393,false,Mr.,Destin915,Buckridge255,,,M,white,english,M,Hanson MA US,789 Hermiston River Suite 177 Holyoke MA 01040 US
e07ed946-ee03-4e67-8bb6-33af59fa5707,2000-05-01,,999-43-1879,S99940332,,,Kendrick532,Sporer804,,,,hispanic,puerto_rican,M,Springfield MA US,99105 Maggio Rapid Springfield MA 01151 US
c14feabe-9814-4b39-88fa-4c9e04436bed,2007-08-04,,999-63-2367,,,,Vincenzo662,Heaney703,,,,white,irish,F,Boston MA US,9200 Marquardt Meadows Holyoke MA 01041 US
c84ec5f1-8bdc-4493-8afc-f63a443b4ece,2013-06-23,,999-27-8337,,,,Scot594,Jaskolski977,,,,white,portuguese,M,Framingham MA US,66699 Arvilla Forges Apt. 759 Wilbraham MA 01095 US
73a90592-0431-4305-b47b-b4d37cb073d8,1993-12-16,,999-35-8877,S99934266,X14648872X,Mr.,Camila723,Moen568,,,,white,irish,M,Westford MA US,12150 Senger Ville Holyoke MA 01041 US
3bce9c5e-43b5-4988-82a4-3ff07d7e7e37,1959-05-02,,999-85-8536,S99919389,X41974707X,Mrs.,Dave427,Ziemann158,,Bashirian129,M,white,english,F,Rutland MA US,411 Raina Fort Apt. 297 West Springfield MA 01089 US
ff1e71e1-923a-4e22-8070-1cffb3eb546d,1987-03-05,,999-96-6421,S99926543,X48596785X,Mrs.,Eloisa87,Gleichner481,,Predovic168,M,white,irish,F,Natick MA US,327 Dietrich Manor Westfield MA 01086 US
9447585c-f00f-4b13-bc0f-68b065fb4a9c,1948-05-20,2014-08-07,999-21-8256,S99974227,X21627853X,Mrs.,Nikolas350,Heaney703,,Gleichner481,M,white,french,F,Northampton MA US,3814 Noble Lane West Springfield MA 01090 US
f24fddbf-8f64-4a34-b77c-3747b94bddfc,1984-07-29,,999-62-3608,S99948522,X19669859X,Mr.,Oran476,Leannon102,,,M,white,french,M,Boston MA US,730 Coralie Stream West Springfield MA 01089 US
96857637-2b8f-4991-ba0f-04523f706daa,1956-01-26,,999-78-5519,S99960894,X32493093X,Mr.,Evalyn827,Dickinson336,,,M,white,irish,M,Weymouth Town MA US,962 Green Walks Apt. 580 Holyoke MA 01041 US
531bdcac-18b1-4926-bd33-aaff27d73a6e,1958-08-11,,999-10-8396,S99944080,X30285104X,Mr.,Keyon983,Thiel335,,,M,white,american,M,New Bedford MA US,2478 Graham Inlet Apt. 689 West Springfield MA 01089 US
a5aba9af-3925-40a5-a2ab-3a4a4ecdf75f,1931-04-25,2002-11-21,999-13-6710,S99995810,X18337815X,Mr.,Dee790,Sipes819,,,M,white,irish,M,Shrewsbury MA US,4167 Nya Neck West Springfield MA 01089 US
a6e8920c-0e24-483c-8deb-b1482a04311c,1966-07-21,,999-62-7460,S99923183,X32133610X,Ms.,Krista928,Hilll641,,,S,white,italian,F,Watertown Town MA US,616 Gillian Flats Chicopee MA 01021 US
a178315c-179e-44d7-8a5a-7dee7d7fd836,1967-12-24,,999-57-3349,S99915967,false,Mr.,Silas250,Hyatt507,,,M,white,swedish,M,North Andover MA US,75418 Kaley Parkways Westfield MA 01085 US
b113d1fc-4bd3-418f-a0ec-95d2c22a9c75,1963-02-17,,999-87-8116,S99966592,X26775281X,Ms.,Thurman123,Abshire919,,,S,hispanic,central_american,F,Boston MA US,526 Rath Dam Apt. 983 Westfield MA 01085 US
6925f920-90a5-44d9-bc01-13827e76f70f,1930-07-06,,999-48-8442,S99915866,X72215284X,Mr.,Jerome646,Padberg25,,,M,white,french,M,Shrewsbury MA US,26866 Anahi Camp Suite 748 Springfield MA 01104 US
e8be829b-d749-41a0-b99d-14af61007a6f,1983-06-23,,999-36-5699,S99992317,false,Mr.,Dan435,Waelchi310,,,M,white,italian,M,Marshfield MA US,690 Rory Neck West Springfield MA 01090 US
52d5b1f7-14e9-4744-91db-bb2fdf390c7c,1961-05-13,,999-35-6414,S99985662,X48390011X,Mr.,Pablo495,Senger856,,,M,white,irish,M,Boston MA US,5080 Metz Trafficway West Springfield MA 01090 US
6f0d6c98-e660-46fc-9a3b-735e2671c05d,2003-08-03,,999-85-3699,,,,Rahul969,Dickinson336,,,,white,english,F,Medford MA US,8437 Joaquin Walks Apt. 518 Westfield MA 01086 US
56d1b48e-b2bb-4842-a957-0875dc9e6459,1938-12-21,2016-12-07,999-57-5831,S99985448,X12239832X,Mrs.,German847,Wiza76,,Cole983,M,hispanic,puerto_rican,F,Haverhill MA US,871 Wilderman Street Apt. 273 Chicopee MA 01014 US
89c1d46a-51a0-4f0f-9c31-6e4718b9e62d,2006-11-17,,999-54-5865,,,,Ulices371,Berge315,,,,white,french,M,Boston MA US,4806 Nicole Forks Apt. 478 Springfield MA 01119 US
d3fe96a1-7de6-46bb-8bc5-27ea87bb124e,1985-07-31,,999-20-6908,S99934171,X63293624X,Mr.,Freddy111,Stracke175,,,M,white,french,M,North Reading MA US,71714 Heathcote Plaza Springfield MA 01144 US
cf8a3f88-2e81-466a-ae83-f96920e81eb3,1945-02-14,,999-92-5194,S99997644,X26820854X,Mrs.,Jeramy190,Reichel503,,Wisoky878,M,hispanic,puerto_rican,F,Fall River MA US,1602 Maddison Estate Chicopee MA 01014 US
c6d7d069-3049-45a9-8af3-c323e0f90340,1964-05-09,,999-76-7596,S99972055,false,Mrs.,Nicola457,Considine342,,Bahringer198,M,white,french,F,Leicester MA US,5615 Deborah Prairie Springfield MA 01103 US
86d66b70-c336-4c41-931d-ddb4200772ea,1984-09-22,,999-81-4072,S99920997,X82024329X,Mrs.,Julian716,Emmerich252,,Gaylord311,M,white,irish,F,Worcester MA US,5518 Grimes Shores Easthampton MA 01027 US
00fbf82a-22cc-4790-9ff3-7b9f882a8d89,2013-08-31,,999-63-1760,,,,Patrick522,Romaguera219,,,,hispanic,puerto_rican,M,Stoughton MA US,7844 Cooper Neck Apt. 890 Springfield MA 01107 US
9386086d-8d8d-4427-b7da-da1ace57ff13,1946-07-05,2010-09-18,999-94-7964,S99967120,false,Mr.,Harvey961,Keebler235,,,M,white,portuguese,M,Woburn MA US,17552 Hessel Fall Suite 717 Westfield MA 01085 US
a8ce660f-62c2-4d1e-bba0-0b22907437b1,1942-12-25,2009-11-10,999-27-1692,S99994970,false,Mr.,Carmel239,Hoeger84,,,M,white,russian,M,Boston MA US,91927 Glover Shoals Easthampton MA 01027 US
a6d5e3b9-5dea-44ae-8b46-8d8da791e436,1915-04-12,1983-05-02,999-30-8924,S99984722,X79318513X,Ms.,Tobin966,Simonis652,,,S,white,irish,F,North Andover MA US,97889 Martin Keys Suite 894 Belchertown MA 01007 US
7e2a041a-f2b2-41a6-b370-0e7e94a4d4cf,1955-05-11,2014-10-13,999-55-3986,S99935257,X15813773X,Mr.,Wellington808,VonRueden892,,,M,white,french,M,Greenfield Town MA US,620 Kreiger Fort Westfield MA 01086 US
c2380e57-4725-4f34-b909-0ebcbf6c3256,1954-08-17,2016-03-22,999-20-4210,S99961896,X97356953X,Mrs.,Sharon30,Barton351,,Deckow187,M,white,swedish,F,Boston MA US,506 Tabitha Key Granby MA 01033 US
5ec95bab-d070-4093-a6a1-a55b283ef1e5,1961-03-10,,999-90-2999,S99949771,X91442040X,Mrs.,Rodolfo6,Koss397,,Jones74,M,white,french_canadian,F,Boston MA US,702 Reyna Trace Easthampton MA 01027 US
e709db34-163e-4ea6-8792-79a85328a0aa,1987-06-12,,999-19-7227,S99973761,X47837875X,Mrs.,Silas250,Hickle792,,Boyer546,M,white,irish,F,Tewksbury MA US,4796 Deontae Ferry Suite 132 Belchertown MA 01007 US
e8fd5a42-0de2-4e26-aee5-c59d913b8fa3,2007-06-14,,999-81-2378,,,,Ken172,Von395,,,,black,west_indian,M,Springfield MA US,365 Wehner Path Apt. 166 Westfield MA 01086 US
3e990bf7-0420-4709-8664-55f69da06e02,1949-07-25,1986-11-17,999-99-6602,S99979851,false,Mr.,May406,Green619,,,M,asian,chinese,M,Lynn MA US,9681 Favian Drives Suite 387 Belchertown MA 01007 US
de1b63b7-6717-49f5-b680-b79a1f054601,1948-05-22,,999-54-2021,S99959294,false,Mrs.,Evelyn460,Rowe334,,Cruickshank782,M,white,american,F,Marlborough MA US,552 Coby Burg Belchertown MA 01007 US
c58f4732-d815-4f51-ad7e-ee8c6c264e75,2003-08-24,,999-73-9374,,,,Estrella726,Collier562,,,,hispanic,puerto_rican,M,Norwood MA US,5464 Osborne Spur Westfield MA 01085 US
d5b4e219-f094-48c1-91b7-5b2cf43cc02e,1994-03-23,,999-54-7420,S99930370,X51159628X,Ms.,Alden198,Dickens899,,,,white,irish,F,Boston MA US,4530 Cleora Rapid Suite 217 Amherst MA 01004 US
435647a8-6605-42c7-8139-2643d80573c6,1933-12-17,1997-09-07,999-21-4371,S99914216,X46415517X,Mr.,Kattie288,Stamm279,,,M,white,irish,M,Lowell MA US,300 Moore Vista Apt. 434 South Hadley MA 01075 US
61963f1d-1b97-4090-b4a8-7622e64b793d,2000-05-01,,999-28-8505,S99925573,,,Arlo12,Lind470,,,,white,french_canadian,M,Easthampton Town MA US,56156 Guadalupe Parkways Northampton MA 01062 US
97bcb5c3-1212-4c9d-96e9-4fd5ee2a76a4,1973-10-17,,999-10-2860,S99970412,false,Mr.,Mara896,McGlynn211,,,M,white,german,M,Chelmsford MA US,198 Olaf Fields Suite 224 Southampton MA 01073 US
68a1132e-bd8f-45e0-b4a9-994c4bf3d234,1994-07-06,,999-30-5260,S99996303,X95344646X,Ms.,Clemens43,Rau904,,,,hispanic,puerto_rican,F,Dudley MA US,97632 Lakin Drive Apt. 438 Northampton MA 01060 US
3102bcbb-f8d7-44d6-a9b5-e2f36564c5e4,1977-01-10,,999-73-4265,S99997612,false,Mrs.,Mitchell717,Franecki287,,Mann540,M,white,english,F,Medford MA US,1604 Bins Mission South Hadley MA 01075 US
82f03932-59d5-4b4e-85f8-209609d22c37,1998-06-19,,999-24-3105,S99983227,,Ms.,Meggie949,O'Conner125,,,,white,english,F,Greenfield Town MA US,5639 Heathcote Street Suite 719 Northampton MA 01062 US
a7c9bf3b-d7b9-4f64-8ad9-c32d3e9048db,1994-01-28,,999-57-5009,S99980410,X56512886X,Ms.,Breana841,Schmitt349,,,,black,dominican,F,Westborough MA US,56356 Corwin Cliff Ware MA 01082 US
2e9f3757-7267-4d9a-88cb-61a196d1255f,1941-02-03,2013-05-20,999-90-6488,S99977515,false,Mrs.,Ottilie922,Champlin352,,Bashirian129,M,white,french_canadian,F,East Bridgewater MA US,7693 Langworth Plain Springfield MA 01144 US
eadf9b0e-2187-447d-b884-d106a87a5cde,1979-12-27,,999-60-8726,S99969948,false,Mrs.,Lorenzo357,Hammes374,,DuBuque399,M,white,italian,F,New Bedford MA US,23311 Donny Fields Suite 821 Amherst MA 01003 US
b6534966-e6f1-4801-b9ed-fe801fa958b2,1962-11-26,,999-81-9638,S99965906,X63630983X,Mrs.,Ena193,Brekke994,,Barton351,M,white,swedish,F,Easthampton Town MA US,6274 Ondricka Summit Apt. 428 Amherst MA 01003 US
34d22c68-53cc-4238-963d-e99b96c0db49,1959-08-05,,999-54-6195,S99961875,false,Mr.,Guiseppe745,Collins869,,,M,black,dominican,M,Saugus MA US,99781 Oceane Cape Amherst MA 01003 US
ed3ae763-3232-4ec5-bb48-90fc2006fd91,1966-08-03,,999-81-6877,S99961874,false,Mr.,Pinkie661,Casper135,,,M,white,irish,M,Somerville MA US,95442 Garett Cliff Apt. 462 South Hadley MA 01075 US
36a0c694-d47d-4b2f-875e-00912213dffa,2014-07-14,,999-25-4909,,,,Jaclyn633,Halvorson187,,,,white,english,M,Grafton MA US,3574 Sydney Light Apt. 426 Arlington MA 02476 US
77115f82-184d-4615-b746-55869dff215a,2002-07-22,,999-74-2904,,,,Deshaun814,Walker324,,,,white,irish,M,Ludlow MA US,5633 Christy Meadow Ashby MA 01431 US
fedaddae-60a5-4ae3-bba1-b267edd31fc8,1958-01-15,,999-57-8255,S99954778,false,Mr.,Breanna554,Krajcik227,,,M,white,english,M,Wakefield MA US,8213 Mraz Loaf South Hadley MA 01075 US
ce134bfb-f7b2-4e2c-bf65-e3221accab13,1960-08-14,,999-91-9466,S99991512,false,Mrs.,Doyle678,Crona311,,Murazik235,M,hispanic,puerto_rican,F,Winchendon MA US,477 Rodger Junction Suite 912 Ashland MA 01721 US
bcd0a9f7-e86b-4126-b0ad-490e47723cf1,1997-02-12,,999-73-9135,S99974780,X18973212X,Ms.,Barney241,Price694,,,,white,italian,F,Topsfield MA US,5386 Lebsack Corner South Hadley MA 01075 US
570df461-3371-4aab-a373-b7cc9463331b,1969-05-29,,999-96-8210,S99997849,X27837308X,Mr.,Melba451,Bradtke68,,,M,white,french_canadian,M,Richmond MA US,589 Boehm Divide Ashland MA 01721 US
24db5885-5a6d-4781-85c1-8d73de473d4b,2012-05-09,,999-51-8442,,,,Fausto142,Koch570,,,,white,irish,F,Sharon MA US,54043 Marlin Fort Apt. 890 Ayer MA 01432 US
eee53db5-509c-4ba0-91f7-83c580d5c6eb,1975-02-15,,999-38-8135,S99985533,false,Mr.,Pink41,Mayert381,,,S,white,french,M,Boston MA US,584 Adrianna Loaf Acton MA 01718 US
4cb7d4ee-314b-4ce9-8f3b-359a75e1c4b6,1969-10-20,,999-12-9981,S99952501,X19143154X,Mrs.,Rogers573,Bartoletti882,,Boyer546,M,white,italian,F,East Brookfield MA US,67364 Dusty Square Arlington MA 02476 US
e48e5fe0-a186-4a2b-acab-ec1a91d6ba19,1941-09-30,,999-48-9338,S99998146,X22900961X,Ms.,Hector955,Littel446,,,S,asian,asian_indian,F,Weymouth Town MA US,6389 Marvin Cove Apt. 987 Arlington MA 02476 US
55b2bde0-916d-43ae-acb4-18e9af13e691,1955-08-14,,999-83-6977,S99985653,X94098391X,Mr.,Bette444,Trantow958,,,M,white,irish,M,North Andover MA US,1842 Schneider Light Arlington MA 02474 US
e3d4f654-d09f-457d-ab53-da9796d1efce,1960-09-24,,999-46-5714,S99923682,false,Mr.,Manuel934,Ratke467,,,S,asian,chinese,M,Revere MA US,62683 McClure Plains Apt. 648 Belmont MA 02479 US
37a24f2d-b8e2-4bb0-829c-50103d3cd19d,1960-01-19,,999-10-2207,S99991555,X31466096X,Mr.,Leonard212,Kozey657,,,M,white,american,M,Taunton MA US,623 Tobin Street Suite 867 Ashland MA 01721 US
afd00dd2-49ef-4cfb-a0c3-8470951f14cb,1971-01-29,,999-66-8112,S99915304,X24417458X,Mrs.,Milo231,Purdy145,,Schaefer735,M,white,italian,F,Wilbraham MA US,28002 Monique Union Suite 972 Arlington MA 02476 US
2b3d59df-64fc-4538-9ce2-b35444d6107a,1964-03-24,,999-53-1645,S99946882,false,Mr.,Jerrell361,Weissnat992,,,M,white,portuguese,M,Wilbraham MA US,22390 Jaycee Forges Apt. 455 Bedford MA 01731 US
eae44006-a496-45b7-8d62-a455e22d52c4,1998-01-05,,999-20-7657,S99944410,,Ms.,Janiya167,Windler822,,,,hispanic,puerto_rican,F,Worcester MA US,7918 Christiana Crossing Springfield MA 01109 US
36e1434f-49ac-4bb9-ac50-95d11bf55be7,1927-05-23,,999-89-2980,S99916661,X47010145X,Mrs.,Elenor232,Walsh695,,Langworth348,M,white,american,F,Chelmsford MA US,51232 Armstrong Glen Apt. 893 Belmont MA 02479 US
7c7c54df-2962-4614-9150-e23774f18f50,1938-10-27,1989-05-09,999-88-3148,S99998416,X96165047X,Mrs.,Tatum924,Cummings800,,Wehner221,M,white,irish,F,Fitchburg MA US,6889 Cassie Flat Apt. 171 Springfield MA 01103 US
e6028661-87c9-4623-81d1-3f02ddd214c9,1985-10-22,,999-47-8993,S99996862,X80054653X,Mrs.,Zena773,Berge315,,Schmeler79,M,white,english,F,Russell MA US,271 Richmond Union Arlington MA 02475 US
42e778b3-215f-44ec-a259-82911f947b54,1957-07-31,,999-45-1537,S99996150,X38873590X,Mrs.,Dina143,Shields195,,Hermiston486,M,asian,chinese,F,Athol MA US,19210 Bins Throughway Apt. 391 Billerica MA 01821 US
bb375256-4bf1-402d-8a64-aeb789880fcd,1982-12-09,,999-43-1611,S99935591,false,Mrs.,D'angelo631,Stiedemann939,,Doyle678,M,white,english,F,New Bedford MA US,74973 Scarlett Land Apt. 917 Billerica MA 01821 US
0a2f43a2-0a62-446e-ace9-62cb29a1e1bd,1952-03-17,,999-51-9362,S99986767,false,Ms.,Amy869,Jacobson284,,,S,hispanic,central_american,F,Peabody MA US,4793 Purdy Gardens Springfield MA 01101 US
751edff2-c6c4-4eb7-9b6e-50b0ae9aed6f,2013-06-21,,999-57-3582,,,,Tommie941,Green619,,,,black,dominican,F,Groton MA US,784 Quitzon Lock Apt. 940 Springfield MA 01115 US
476789d7-10c5-45fb-9b93-a65970d19c84,1974-03-27,,999-30-2416,S99926655,X54926315X,Mr.,Polly943,Emmerich252,,,M,white,italian,M,Springfield MA US,5889 Rene Isle Apt. 556 Springfield MA 01138 US
86335cea-9c9b-4e6e-b5d4-4a3624e9ecce,1961-09-16,1997-09-27,999-45-2464,S99965711,false,Mr.,Lionel18,Waelchi310,,,S,white,irish,M,Chelmsford MA US,79612 Alta Union Suite 942 Springfield MA 01199 US
6c4bf085-0b18-47d6-a411-c0d8c8867dae,2014-07-06,,999-86-7610,,,,Izabella155,Ratke467,,,,black,african,F,Medford MA US,4926 Della Trace Suite 361 Arlington MA 02475 US
1efec97a-fae7-4e7e-98c1-6f486829fb00,1989-08-06,,999-26-2534,S99962360,X23196828X,Mr.,Jonatan866,Farrell246,,,M,white,italian,M,Hudson MA US,374 VonRueden Springs Apt. 983 Arlington MA 02474 US
aa4aaa02-2705-4d63-8795-4d092e7d0e69,1952-12-30,,999-92-2232,S99945260,false,Mrs.,Reanna882,Stanton789,,Emmerich252,M,white,italian,F,Somerville MA US,852 Jeramy Turnpike Burlington MA 01805 US
31c96702-09f3-4cf9-bb29-3d6db1314477,2015-07-29,,999-92-5870,,,,Furman71,Kertzmann752,,,,white,swedish,M,Salem MA US,1485 Tianna Park Arlington MA 02474 US
0856aab5-1c5f-4699-8114-59e994505226,1938-08-28,,999-38-7444,S99990109,false,Mrs.,Julian716,Balistreri143,,Kuphal267,M,white,italian,F,Leominster MA US,172 Skiles Circles Suite 767 Arlington MA 02474 US
12fc8ced-3a78-4fc7-bd88-e6045c5fde45,2014-03-25,,999-58-1711,,,,Art107,Greenholt188,,,,white,polish,F,Holyoke MA US,696 Leonora Brooks Cambridge MA 02139 US
7f13dc35-41c7-4025-994a-0a90e29f20cb,1927-06-01,1972-08-04,999-63-6206,S99949124,X87843286X,Mrs.,Zita931,Jones74,,Kihn476,M,asian,asian_indian,F,Medford MA US,80034 Ursula Extensions Suite 243 Belmont MA 02479 US
c2d198d0-55e5-438e-ab73-6ade047f668d,1952-05-01,,999-10-2262,S99993299,X80065593X,Mr.,Sasha760,Leffler929,,,M,white,irish,M,Springfield MA US,62217 Kulas Curve Arlington MA 02476 US
410cd3df-d51d-437c-977a-834c318f3241,1958-11-17,2009-06-08,999-79-6563,S99972012,false,Mrs.,Milo231,Runolfsson61,,Jakubowski657,M,white,irish,F,Barnstable Town MA US,722 Corine Tunnel Springfield MA 01109 US
91ba740d-672e-4953-8bfc-11a6f898ca75,1946-05-01,,999-91-5021,S99947663,false,Mr.,Franz606,Rosenbaum848,,,S,white,italian,M,Southborough MA US,5404 Marcella Overpass Carlisle MA 01741 US
ca3a5b39-f771-4af6-940c-d61b32ee01c5,2001-09-09,,999-33-6581,,,,Mateo419,Bartoletti882,,,,white,english,F,Agawam Town MA US,747 Amelia Summit Suite 366 Burlington MA 01805 US
31e340a8-9066-4f9f-b9d8-3981c7f7ff6d,1985-04-24,,999-26-7819,S99963973,false,Mrs.,Louvenia817,Frami871,,Haag961,M,white,swedish,F,Mashpee MA US,48027 Anne Highway Billerica MA 01821 US
0239cbae-9a40-4333-b70c-2a395edeed5d,2004-06-19,,999-98-6222,,,,Easton2,Ledner563,,,,white,french_canadian,F,Boston MA US,22131 Johnathan Pine Apt. 772 Concord MA 01742 US
3713fe0d-61c5-4ec8-9487-223256686095,1931-04-28,,999-68-6892,S99995439,false,Mrs.,Orin307,Satterfield158,,Kuhic851,M,white,german,F,Springfield MA US,7356 Marlene Manors Suite 846 Dracut MA 01826 US
cac1858a-427b-4e4f-b870-646bea4b1243,2003-06-20,,999-94-1541,,,,Victoria804,Pouros815,,,,white,irish,F,Rockland MA US,47260 Audra Pass Springfield MA 01152 US
55a5d8ba-9933-4a95-9450-f032512ae269,1972-06-03,,999-40-4647,S99927466,X99745506X,Mr.,Karelle174,Konopelski113,,,S,white,scottish,M,Billerica MA US,20208 Laurine Greens Apt. 436 Concord MA 01742 US
aeb13b00-efc8-4f19-a8c3-45d699bfb54d,1966-01-03,,999-14-6358,S99968228,false,Mr.,Colby482,Windler822,,,S,white,irish,M,Rutland MA US,975 Gerhard Villages Dracut MA 01826 US
61455e5d-e023-4ec1-bb63-5fcf20d33805,1942-09-21,2011-01-17,999-49-3206,S99919947,false,Mr.,Kody616,Von395,,,M,white,scottish,M,Lowell MA US,50047 Runte Brook Cambridge MA 02238 US
2dd8c448-51da-49e2-9056-43641fe33569,1938-03-28,,999-68-6580,S99987802,X63947336X,Mr.,Claud225,Roberts86,,,M,white,italian,M,Watertown Town MA US,79397 Jacobi Skyway Dracut MA 01826 US
3eb8fd62-fb94-4ce5-afef-1ea9c300b25a,1951-11-25,,999-14-1358,S99911751,false,Mrs.,Granville359,Ratke467,,Spinka682,M,hispanic,mexican,F,Worcester MA US,23903 Keith Fall Springfield MA 01139 US
70ec2540-23db-4287-85aa-176cfdb05e39,1962-05-17,,999-63-5576,S99941940,false,Mr.,William302,Schulist336,,,M,asian,asian_indian,M,Hopkinton MA US,7115 Murray Rapids Suite 919 Concord MA 01742 US
45fa3135-8290-4169-b349-e506c1018c97,1949-10-04,,999-68-4967,S99988423,X54587843X,Mrs.,Maya651,Muller64,,Langosh323,M,white,russian,F,Winchester MA US,5123 Moore Common Apt. 550 Concord MA 01742 US
75046bca-1b12-4fe9-859c-8d01da158b3e,1942-11-19,1989-02-15,999-60-7488,S99959033,false,Mr.,Georgette892,Conn229,,,M,black,dominican,M,Beverly MA US,37491 Leila Estate Apt. 717 Dracut MA 01826 US
342efa19-01e8-4bfe-b8eb-c203212709bb,1968-06-29,,999-64-2772,S99970092,false,Mrs.,Wilburn577,Monahan893,,Rath957,M,asian,chinese,F,Medway MA US,23120 Conn Heights Dracut MA 01826 US
5e6455a8-5ff7-4cc3-acce-a08aa36b80d4,2005-04-13,,999-14-6164,,,,Ally301,Hodkiewicz209,,,,white,american,M,Hudson MA US,4543 Runolfsson Square Suite 429 Framingham MA 01705 US
30cdbce3-7f52-4811-b059-5c85b6691a8c,1960-06-15,,999-78-8231,S99922696,false,Mr.,Laurine541,Graham737,,,M,white,english,M,Dracut MA US,2597 Demetrius Mountain Chelmsford MA 01824 US
0c512c24-8ac0-452c-9411-b3a465baf81f,1977-03-29,,999-68-2760,S99993077,X37224476X,Ms.,Elbert743,Pfeffer477,,,S,white,german,F,Lowell MA US,6239 Becker Common Suite 665 Cambridge MA 02163 US
99e63859-8576-473b-a098-91ba5323e0d0,1988-01-02,,999-57-4626,S99950406,X96512513X,Mrs.,Jed372,Nader776,,Towne582,M,white,portuguese,F,Pittsfield MA US,269 Mohamed Village Apt. 992 Chelmsford MA 01824 US
7dff46a3-e22d-4dce-b3c2-4a27b0d8a3a0,1945-09-05,2015-07-25,999-99-3379,S99956754,false,Mrs.,Armand426,Abbott509,,Hilll641,M,white,portuguese,F,Charlton MA US,3197 Rogahn Camp Suite 965 Chelmsford MA 01824 US
bdfabed3-9271-4b67-8757-00bac949ae48,1982-03-04,,999-64-1239,S99980743,X80321825X,Mr.,Filomena749,Hayes297,,,M,white,german,M,Boston MA US,311 Reynolds Meadow Cambridge MA 02140 US
c2d349c9-a604-4f73-ae25-a960b9364f23,1941-08-20,2017-02-08,999-27-7570,S99964526,X37265487X,Mrs.,Ford817,Hyatt507,,Hilpert863,M,black,west_indian,F,North Andover MA US,633 Raynor Walk Framingham MA 01705 US
a4b75758-df88-4719-8a69-346f1b2a3675,1969-01-23,,999-30-5302,S99956171,false,Mr.,Domenica667,Ziemann158,,,M,black,african,M,Quincy MA US,80706 Mayert Lakes Apt. 529 Springfield MA 01129 US
339026bd-c793-4b10-b4b2-394c5641db28,2009-04-11,,999-52-5083,,,,Sigurd365,Boehm152,,,,white,french_canadian,M,Somerville MA US,79730 McKenzie Parkway Holliston MA 01746 US
78435232-7768-4a21-b07c-4a6e9564607e,1957-06-17,2015-12-21,999-11-3542,S99962576,X45111792X,Mr.,Sterling307,McCullough226,,,M,white,english,M,Bedford MA US,430 Harvey Stravenue Holliston MA 01746 US
7f976583-e68b-4eb9-a0d6-f0da2c787d99,1998-03-13,,999-95-9203,S99968147,,Ms.,Cooper989,Roob929,,,,white,irish,F,Cambridge MA US,296 Clementine Street Everett MA 02149 US
f55eb085-c175-42eb-b152-d5127c845398,1990-10-07,,999-11-9262,S99986117,false,Ms.,Annabel692,Gorczany993,,,,asian,chinese,F,Boston MA US,45771 Merritt Greens Suite 757 Everett MA 02149 US
e0a0c41d-96e8-4a0d-8f29-fa7ecb0be0cc,1945-05-02,2015-04-01,999-73-5128,S99968874,false,Ms.,Ford817,Von395,,,S,white,irish,F,Boston MA US,1497 Yost Gardens Holliston MA 01746 US
1cc21d5a-1122-4970-86f0-a2a5a6dab81e,1990-05-16,,999-63-8546,S99942393,false,Mr.,Rafaela997,Bahringer198,,,M,white,french,M,Ludlow MA US,86627 Karina Highway Everett MA 02149 US
c7dcad52-f6d1-421c-92eb-c9ef5daf863c,1981-01-04,,999-74-3574,S99999288,false,Mrs.,Marguerite301,Wilderman814,,Ernser526,M,white,french,F,Framingham MA US,7675 Beier Centers Suite 696 Hopkinton MA 01748 US
ac441179-2aa5-41d9-8a74-1287b9eb5b4e,1951-10-01,2009-03-29,999-92-1018,S99992213,false,Ms.,Jeremie259,Cartwright250,,,S,white,polish,F,Canton MA US,9327 Hermann Ville Cambridge MA 02138 US
f1c8ecd5-76cc-49d7-9b7d-0d6af686a2f1,2006-04-12,,999-66-3190,,,,Elna553,Green619,,,,white,irish,F,Concord MA US,3448 Jayme Loop Hudson MA 01749 US
7e525a57-f420-41c3-aec9-4b9ad71cd54a,1937-08-18,,999-31-2360,S99993159,X14984286X,Mrs.,Sydnee912,Paucek838,,Hansen74,M,white,german,F,East Bridgewater MA US,91304 Claudie Glens Hudson MA 01749 US
2c7cae2f-739f-44b2-8e9c-d93928a540e0,1939-04-22,1998-02-10,999-22-3457,S99998754,X71829574X,Mr.,Dawson829,Collins869,,,M,white,irish,M,Norwood MA US,6304 Cary Hills Hudson MA 01749 US
1ae696f4-b3cc-4905-8587-0cd39d3b31ca,2010-10-23,,999-56-3586,,,,Wilhelmine261,Goyette587,,,,white,english,F,Bridgewater MA US,57175 Birdie Mills Suite 900 Cambridge MA 02138 US
614d951e-1900-49bb-9dcc-36d2be3beeca,1966-08-27,,999-41-2150,S99924305,X20909342X,Mrs.,Soledad787,Schuppe795,,Schoen119,M,white,irish,F,Sutton MA US,11107 Neha Station Suite 799 Everett MA 02149 US
6ef2e160-a52f-40b5-b59a-a7afcccf2d3b,2011-06-13,,999-67-2268,,,,Anabel460,Kovacek705,,,,hispanic,puerto_rican,F,Southbridge Town MA US,9531 Zboncak Oval Hopkinton MA 01748 US
5e6bd33a-9074-40d5-8a4e-9cc661b5f1f7,1952-08-03,1984-12-13,999-53-9273,S99948824,false,Mrs.,Eunice120,Reilly602,,Kovacek705,M,black,west_indian,F,Boxford MA US,2521 Liza Ridge Hopkinton MA 01748 US
a2e13577-a376-4855-bc3a-5c6702635cfe,1992-12-19,1996-03-16,999-50-9238,,,,Sasha760,Gleason37,,,,white,english,M,Carlisle MA US,70985 Jayce Valley Apt. 188 Hopkinton MA 01748 US
4a38f220-20c4-4286-a20d-60ee1d4cef21,1973-03-11,,999-33-3565,S99987991,false,Mr.,Daija545,Wiza76,,,S,white,german,M,Upton MA US,695 Grant Forges Apt. 955 Lincoln MA 01773 US
10028bc6-1003-458c-b0a8-0e21da26ef6d,1984-09-30,,999-13-3770,S99992329,X55499593X,Mr.,Lisa900,Stanton789,,,M,asian,asian_indian,M,Leicester MA US,191 Sharon Manor Framingham MA 01705 US
ed7c3b89-7a29-49fd-b680-bcfab108be80,1988-12-29,,999-35-4533,S99964084,false,Mrs.,Rylee71,Bayer843,,Kutch479,M,white,irish,F,Newton MA US,900 Breitenberg Trafficway Suite 267 Everett MA 02149 US
a51ced14-6f6f-43ba-a73c-2e75261bc41a,2015-02-28,,999-16-8626,,,,Santos682,Boyle761,,,,white,italian,F,Brockton MA US,62539 Bobbie Summit Suite 306 Lexington MA 02420 US
9b4125d7-6ebc-4e89-9999-46f42679dbf1,2000-09-14,,999-82-3489,S99912932,,,Columbus180,Emmerich252,,,,asian,chinese,F,Springfield MA US,130 Fadel Terrace Apt. 820 Lexington MA 02420 US
50141455-cf22-43d6-9d27-d20c4b56cabc,1957-07-11,,999-72-3693,S99965671,X60738180X,Mr.,Green619,Beier837,,,S,white,irish,M,Lynn MA US,764 Friesen Neck Cambridge MA 02141 US
46c61145-264b-4628-8f28-8242d047ec04,1972-04-25,,999-87-8406,S99943719,false,Mrs.,Giuseppe322,Kiehn654,,Sanford945,M,asian,chinese,F,Leominster MA US,17388 Shaina Walks Lexington MA 02421 US
f481c83e-9e96-4f79-8fe7-5e9f303492bf,2010-08-03,,999-62-8949,,,,Katelyn15,Sanford945,,,,white,irish,M,Georgetown MA US,2567 Botsford Lights Everett MA 02149 US
2bcc3db1-9504-469c-b071-319627a2b833,1938-11-10,,999-65-1146,S99997949,X68159322X,Mr.,Lorenza947,Zboncak48,,,S,asian,asian_indian,M,Boston MA US,56739 Koch Courts Framingham MA 01703 US
01000df1-2b5e-45a0-9a3a-f2914c97a6e4,1952-07-25,2004-08-20,999-10-9184,S99954991,false,Mr.,Jordane656,D'Amore653,,,S,asian,chinese,M,Quincy MA US,949 Kendra Station Suite 369 Littleton MA 01460 US
e4412348-b470-4d89-9229-25acf0b4d2c3,1981-02-28,,999-89-8548,S99910340,false,Mr.,Newton655,Wehner221,,,M,white,irish,M,Lunenburg MA US,6905 Annalise Fords Littleton MA 01460 US
40551c7a-9c49-42cd-9dd3-d41837a1dbd5,1967-03-09,,999-96-4244,S99978794,X92790851X,Mrs.,Emmett605,Kuhlman253,,Donnelly502,M,hispanic,puerto_rican,F,Barnstable Town MA US,280 Manuela Path Littleton MA 01460 US
5339871a-590c-403e-b12c-9c231fb7baaf,1976-04-25,,999-22-2991,S99937097,false,Ms.,Daniela256,Breitenberg896,,,S,white,french,F,Tewksbury MA US,51230 Nya Via Cambridge MA 02238 US
25ba71f9-2109-4f68-b1dc-582ef26717e2,1952-06-15,,999-80-9875,S99983296,false,Mr.,Owen13,Bernhard843,,,S,white,french,M,Ashland MA US,8427 Dayne Drive Apt. 955 Malden MA 02148 US
06966f01-37f7-4bee-849f-243ffad93673,1960-06-18,,999-76-8329,S99965435,X79618148X,Mr.,Brooke639,Feeney538,,,M,white,english,M,Taunton MA US,515 Gregg Shoals Suite 192 Lowell MA 01851 US
5742e1cb-e27a-4f02-87b1-c4a0ffb97d04,1944-10-05,,999-94-4343,S99954904,X16967045X,Mrs.,Benton371,Gerlach95,,Veum951,M,white,french,F,Waltham MA US,8360 Nikolas Tunnel Lexington MA 02420 US
4764fdc3-9de1-4f52-ba86-09c0a5e3fd3a,2005-08-07,,999-61-1162,,,,Fabian383,Turner411,,,,white,scottish,F,Boston MA US,7775 Neha Curve Lexington MA 02421 US
c1758224-a45b-4bc1-bcf1-d30260c994dd,1941-03-08,,999-87-4559,S99969687,X49243699X,Ms.,Stuart430,Schaden136,,,S,hispanic,puerto_rican,F,Dartmouth MA US,455 Ryleigh Parkway Malden MA 02148 US
7daaab09-6962-4e63-ae7e-23e3a36e0ce5,1992-04-18,,999-27-5078,S99964315,false,Ms.,Lucius452,Metz823,,,,hispanic,puerto_rican,F,Arlington MA US,89707 Gia Walks Suite 706 Lexington MA 02420 US
5ecdbdf7-f2b2-4164-90e2-6712e9da7bd7,1962-08-19,,999-77-1019,S99926255,X32252241X,Ms.,Scot594,Borer438,,,S,white,english,F,Cambridge MA US,91034 Kristy Lodge Suite 934 Framingham MA 01705 US
45f3f446-eb82-4f92-a119-c5d756bb514a,2014-02-24,,999-31-1884,,,,Brain403,McGlynn211,,,,hispanic,mexican,M,Quincy MA US,328 Cole Estate Lexington MA 02420 US
e4ee4c06-2b4a-4460-9895-2e790d5636d8,1975-06-08,,999-27-4521,S99982088,X71853659X,Mrs.,Lelah602,Kessler674,,Prohaska228,M,white,german,F,Fitchburg MA US,2050 Hoppe Port Cambridge MA 02163 US
81ee7d5e-1450-4fa0-aa43-ac7b01ef4440,1950-12-21,2015-11-10,999-71-5374,S99967394,false,Ms.,Gerard20,Wiegand160,,,S,black,african,F,Stoneham MA US,1920 Cruz Roads Cambridge MA 02139 US
f9fba455-708e-41e6-8613-06185b196314,1954-02-14,,999-73-8959,S99988454,X54015777X,Ms.,Marcos666,Quigley689,,,S,hispanic,puerto_rican,F,Walpole MA US,72688 Quitzon Summit Apt. 184 Lexington MA 02420 US
8be332f1-03c6-4ffb-98f8-c7d1e7812b0f,1958-05-07,,999-50-8398,S99958634,false,Mr.,Clint195,Raynor678,,,M,white,irish,M,Boston MA US,71294 Albert Viaduct Marlborough MA 01752 US
0df013cc-6766-44bc-8e35-81dbbe7e36b8,1954-07-31,,999-38-5447,S99930732,false,Mrs.,Jarrell667,Kreiger23,,Schinner228,M,hispanic,mexican,F,Worcester MA US,7512 Cayla Mount Marlborough MA 01752 US
2e1a139e-3b58-4249-ba43-4a376ef7144a,1952-11-13,,999-64-9389,S99922559,X69761493X,Mr.,Hershel337,Sauer496,,,M,asian,chinese,M,Boston MA US,87430 Feil Neck Lexington MA 02420 US
4445e314-bac8-4ee7-b85e-a0c661f30e55,2007-01-14,,999-75-1979,,,,Lorenza947,Will523,,,,white,irish,M,Newton MA US,470 Elnora Hollow Suite 263 Maynard MA 01754 US
e38ee82b-4181-45ed-a61a-6241aeb92e28,1991-01-17,,999-32-4642,S99964211,false,Mr.,Viola555,Grady368,,,,white,english,M,Lowell MA US,54919 Price Run Apt. 825 Lexington MA 02421 US
029c5bf4-76cd-4526-b78d-8f56a55d649a,1968-08-04,1984-02-05,999-15-9156,,,,Chanelle833,Gusikowski964,,,,white,russian,M,Boston MA US,48502 Swaniawski Rapid Suite 814 Malden MA 02148 US
7d328ff6-8327-4d3f-a9ba-74bbbbed48b0,1962-01-20,,999-29-5851,S99975617,false,Mr.,Shawn327,Olson743,,,S,white,scottish,M,Medford MA US,81537 Kristofer Curve Apt. 839 Cambridge MA 02138 US
feb20e78-f6ea-4722-bb2b-027b31605f38,1979-04-30,,999-14-7650,S99989491,false,Mrs.,Shayna70,O'Keefe574,,Kemmer31,M,white,italian,F,Tyngsborough MA US,5855 McClure Park Suite 858 Malden MA 02148 US
d9c9e724-0ccc-4ef4-9501-c27d2c679954,1963-09-04,,999-33-5586,S99971462,false,Mrs.,Helena691,Schaden136,,Hilll641,M,white,italian,F,Sharon MA US,1925 McGlynn Springs Malden MA 02148 US
ba2ad3b6-f0d1-4a97-99c3-ea56be318121,2015-03-05,,999-32-2966,,,,Jo228,Johnston958,,,,white,swedish,M,Dartmouth MA US,9067 Neoma Lake Malden MA 02148 US
3f6441b7-ca8c-4846-ad45-865b2900fff0,1931-12-12,,999-77-2804,S99944774,X37350562X,Mr.,Adonis402,Hackett678,,,M,white,italian,M,Boston MA US,7907 Josiane Forges Apt. 171 Malden MA 02148 US
0712e7f9-c2bf-4dd7-bb1b-ff28953e6269,1932-09-22,,999-96-6277,S99973706,false,Mr.,Israel849,Lesch922,,,M,white,american,M,Stoughton MA US,94441 Boyle Squares Apt. 230 Lowell MA 01851 US
8c0dd6ca-2704-4d29-857d-d2aad70a4a13,2012-03-09,,999-21-5358,,,,Gabriella312,Fisher354,,,,asian,asian_indian,M,Pittsfield MA US,4208 Hannah Knoll Suite 347 Lowell MA 01854 US
39486293-48e9-41b1-aa6e-7d9fbb8d82bf,1984-06-13,,999-73-2983,S99982171,false,Mrs.,Lavon282,Klein442,,Howell391,M,white,italian,F,Bellingham MA US,230 Dayne Lock Malden MA 02148 US
1e55cdc9-72d8-410e-8019-d6b8c27ac139,1999-05-06,,999-89-7535,S99931376,,Mr.,Hunter588,Jenkins594,,,,black,african,M,Newburyport MA US,3757 Goyette Ways Suite 993 Lowell MA 01851 US
91fb920b-e014-4784-98f8-a18104664d49,1933-08-22,,999-46-1585,S99915600,X16037466X,Ms.,Kory58,Barrows37,,,S,asian,chinese,F,Lowell MA US,23639 Langosh Forest Melrose MA 02176 US
137186f8-3a4a-4d20-a80b-9972d3309b21,1936-12-11,,999-35-4390,S99936953,false,Ms.,Zack202,Raynor678,,,S,white,german,F,Taunton MA US,627 Eichmann Club Apt. 365 Medford MA 02155 US
cb83b6d3-75de-4fab-b9db-670356f7cb7f,1958-03-25,,999-83-3728,S99977691,X87062896X,Mr.,Art107,Beatty236,,,M,white,american,M,Boston MA US,91728 Runolfsson Land Medford MA 02155 US
402181aa-af5f-4213-9ba9-4742c71aff15,1909-07-14,1966-09-10,999-71-5352,S99968124,X91070498X,Mrs.,Pink41,Fay910,,Krajcik227,M,white,irish,F,Oxford MA US,95400 Little Vista Apt. 892 Cambridge MA 02238 US
5fc23ea4-d00d-45eb-b0cd-82b07e01422b,1986-04-18,,999-23-3358,S99937906,X78977880X,Mr.,Ellis412,Abbott509,,,M,asian,asian_indian,M,Boston MA US,1962 Janet Port Apt. 580 Medford MA 02153 US
150fb507-55cc-43bf-9de7-c72cc750e61a,2008-06-12,,999-73-2477,,,,Cristina457,Pacocha576,,,,asian,chinese,F,Dedham MA US,1245 DuBuque Vista Cambridge MA 02139 US
33deab32-1d43-48ff-949a-5d2ba452af0d,1977-06-18,,999-40-5066,S99964711,X95526960X,Mrs.,Travis764,Prosacco439,,Bins978,M,white,german,F,Salem MA US,849 Connelly Points Marlborough MA 01752 US
861aee83-c93a-44f9-808b-a57ec0a06171,1973-11-04,,999-13-8631,S99948749,false,Mr.,Alize314,Barton351,,,M,asian,asian_indian,M,Shrewsbury MA US,4651 West Streets Lowell MA 01852 US
82654b41-292f-4677-895c-3d6b1ecfd16c,2002-08-07,,999-52-7891,,,,Nikki522,Robel771,,,,white,french,F,Methuen Town MA US,17577 Hane Trail Natick MA 01760 US
7664e073-d938-4ec6-8626-b526a4d475fd,2008-02-17,,999-69-9542,,,,Elvie465,Torp126,,,,asian,chinese,M,Attleboro MA US,1447 Howard Heights Melrose MA 02176 US
5f5aee6a-c5ab-4a6a-85a8-56e0afc4f2ce,1941-05-05,,999-86-6921,S99972102,X21616544X,Mr.,Cordell839,Stark492,,,M,black,african,M,Longmeadow MA US,64404 Nader Rapids Suite 762 Natick MA 01760 US
be798d86-9c5c-4ca6-ae11-89ca877093f0,1978-11-08,,999-76-1395,S99986535,false,Ms.,Adolf10,Farrell246,,,S,asian,chinese,F,Bourne MA US,7922 Amiya Avenue Marlborough MA 01752 US
22161285-f17e-4832-8acc-eec9dc9e2a47,1983-10-05,,999-90-8703,S99929541,false,Mrs.,Ada607,Lemke797,,Pacocha576,M,white,italian,F,Billerica MA US,747 Timmy Hill Suite 260 Lowell MA 01851 US
b4f26e39-658e-4406-8c7d-e4212937422b,1955-05-13,,999-53-9157,S99955454,X67268433X,Ms.,Florida48,Aufderhar983,,,S,white,german,F,Dover MA US,330 Gusikowski Squares Suite 589 Natick MA 01760 US
df739d9b-2115-4646-8c11-fae790c37480,1958-01-02,,999-86-4861,S99931987,X32880610X,Mrs.,Giuseppe322,Runolfsson61,,Wilkinson801,M,white,irish,F,Harwich MA US,829 Gottlieb Isle Suite 810 Lowell MA 01854 US
3b30cf00-e19b-400a-a3a5-ae695320f46f,2015-08-22,,999-30-9671,,,,Alessia721,Hartmann887,,,,white,portuguese,M,Westborough MA US,5113 Cruz Stravenue Malden MA 02148 US
10ff4b8d-ef48-4774-92ad-18a15f1fa5e8,1960-10-20,,999-12-5355,S99956835,false,Mrs.,Idell227,Fay910,,Metz823,M,white,german,F,Chicopee MA US,174 Alicia Key Melrose MA 02176 US
54852ca7-b224-4490-b866-5b90bc969f4c,1999-09-03,,999-86-6485,S99920490,,,Anais271,Lueilwitz716,,,,white,english,F,Webster MA US,56455 Makayla Ville Lowell MA 01854 US
329923bf-4e56-4547-b278-ec35ff0137ac,2002-09-17,,999-70-7480,,,,Danial935,Zboncak48,,,,white,german,M,Boston MA US,144 Elbert Mills Malden MA 02148 US
50e0229c-ca66-437f-a70a-3c8aaeb57469,1967-05-07,,999-78-3488,S99950418,false,Ms.,John986,Casper135,,,S,white,german,F,Boston MA US,4245 Phyllis Throughway Apt. 174 Malden MA 02148 US
3b865c46-4d57-4623-88ac-6bea5520929d,1929-08-27,1982-02-11,999-72-9835,S99995065,false,Mr.,Elliot965,Veum951,,,M,white,irish,M,Boston MA US,30154 Kyla Glens Newton MA 02460 US
28b8a566-a70b-413b-a5df-c5515c26a19e,1995-08-18,,999-91-6184,S99946667,X84209543X,Ms.,Charlene904,Orn984,,,,white,italian,F,Norfolk MA US,3207 Volkman Curve Medford MA 02155 US
7977a0fa-3828-47d7-a2d7-c0d320bffc3e,1961-09-08,,999-58-6928,S99963306,X67582434X,Mr.,Michele599,Ratke467,,,M,hispanic,puerto_rican,M,Wareham MA US,711 Jacobs Ranch Medford MA 02156 US
216dc5f5-e33a-4ee6-bd96-f5e0e750734c,1969-08-04,,999-94-8092,S99994399,false,Mrs.,Queen331,Pagac831,,Padberg25,M,white,irish,F,Leominster MA US,732 Pfeffer Isle North Reading MA 01889 US
2082d280-fb70-4e9d-a0b0-131f4b410ee7,1987-06-17,,999-31-5272,S99962271,false,Mrs.,Destin915,Heidenreich612,,Yost319,M,white,english,F,Holyoke MA US,5733 Wilderman Avenue Lowell MA 01850 US
290651c4-eebe-46e2-9eca-80d429ccfb67,1980-02-01,,999-25-1646,S99912956,false,Mr.,Arnulfo168,Wehner221,,,M,white,italian,M,Kingston MA US,2271 Laverne Lakes Lowell MA 01854 US
60cb0d97-5c67-4cde-81cc-e62afb161642,1958-08-12,,999-70-6540,S99960782,X16718333X,Mr.,Chet635,Kiehn654,,,M,white,italian,M,Dartmouth MA US,6033 O'Kon Brook Newton MA 02462 US
275d82f1-bab2-42aa-8cca-3785387ceb66,1942-12-31,,999-87-4180,S99969883,X95597275X,Mr.,Alice665,Feest50,,,M,white,german,M,Westborough MA US,385 Lavern Fork Apt. 416 Malden MA 02148 US
07e772eb-ac95-4c0a-88ee-13a7f8cd1b0f,1948-04-18,,999-52-9494,S99946809,false,Ms.,Nickolas328,Kuhn706,,,S,hispanic,mexican,F,Shutesbury MA US,345 Ceasar Key North Reading MA 01864 US
51f06cf0-b5fc-4e77-9977-d7109d92cab0,1978-10-16,,999-65-3798,S99985870,X54560375X,Mr.,Pinkie661,Stroman864,,,M,asian,asian_indian,M,Boston MA US,728 Parker Causeway Malden MA 02148 US
7ab731e7-8566-46f5-94f0-520a6b456771,1942-06-02,1995-05-09,999-58-1818,S99913796,X28204351X,Mr.,Lacy715,Hudson688,,,M,white,english,M,Hanover MA US,126 Leif Parks Medford MA 02155 US
057021a6-8bb3-4913-8f07-35e3cb4fe2ef,1948-01-31,,999-16-3477,S99983815,false,Mrs.,Viola555,Keeling487,,Mitchell717,M,white,english,F,Upton MA US,4643 Mills Islands Suite 175 Natick MA 01760 US
3b117a29-6427-44be-8928-a3cb7c45afb1,1956-09-15,,999-18-1659,S99935093,false,Mrs.,Jarrell667,Hagenes567,,O'Kon648,M,asian,asian_indian,F,Boston MA US,33486 Jacobi Lock Suite 987 North Reading MA 01864 US
3a358990-d034-4d9a-bc30-81edba6c72ee,1953-03-22,1983-09-25,999-36-7312,S99921794,false,Mrs.,Neva351,Krajcik227,,Emard123,M,white,german,F,New Bedford MA US,8487 Kreiger Ville Apt. 264 Natick MA 01760 US
7e33dd96-42df-48b1-85ac-b6cc3b10a63c,1953-11-28,2015-10-31,999-99-9649,S99933098,false,Mrs.,Angelo251,Ziemann158,,Schaefer735,M,white,french,F,Dartmouth MA US,36507 Hansen Circle Suite 898 Medford MA 02155 US
9682e2a6-ae13-49be-ab5f-74ad51353f00,1975-05-19,,999-69-8895,S99953671,false,Mr.,Greta79,Schmitt349,,,M,white,german,M,Marlborough MA US,50646 Yundt Cliff Pepperell MA 01463 US
ca135354-7ba3-4e68-9109-7dedfd36720f,1940-08-03,2011-04-16,999-12-6061,S99936101,false,Mrs.,Katarina437,Leffler929,,Nikolaus121,M,white,irish,F,Westminster MA US,976 Lavada Coves Pepperell MA 01463 US
9b283252-d542-4023-9ec9-91817bb87fed,1969-01-05,,999-60-7478,S99980412,X55097807X,Mr.,Zora817,Cole983,,,M,white,polish,M,Harwich MA US,91114 Homenick Valley Medford MA 02155 US
6016deb5-04dc-4f2f-b4d6-dc38c050abd5,1972-02-01,,999-60-9463,S99915287,false,Mrs.,Tania632,Kreiger23,,Braun965,M,white,italian,F,Brookline MA US,8806 Jennifer Wells Apt. 922 Newton MA 02495 US
e4920d60-eb4f-49f5-8e09-6ca1532a4a6e,1982-05-22,,999-27-7021,S99974537,false,Mr.,Mary937,Roberts86,,,M,hispanic,puerto_rican,M,Medford MA US,6631 Marian Mountain North Reading MA 01864 US
994a6ab6-1793-4159-8558-c43ad4579c34,1979-11-12,,999-22-8561,S99911826,X22653369X,Mrs.,Ada607,Bernhard843,,Mraz432,M,white,american,F,Lowell MA US,811 Runolfsson Mews Suite 998 Newton MA 02464 US
d2654ca3-42b9-47ae-ab15-a0341a9b3283,2009-09-06,,999-35-9653,,,,Keaton542,Koss397,,,,white,american,F,Ipswich MA US,50904 Bradford Corner Suite 171 Pepperell MA 01463 US
59e6a964-bea7-4c54-a977-8d3ea3366b7c,1961-06-10,,999-90-2925,S99981493,X47008795X,Mr.,Rogers573,Gusikowski964,,,M,white,irish,M,Boston MA US,792 Schuppe Fork Medford MA 02156 US
25b85a01-0ce0-4269-aa3b-3e0ab2989545,1987-12-12,,999-25-8241,S99920970,false,Mrs.,Perry844,Heathcote725,,Huels628,M,white,scottish,F,Boston MA US,25850 Kunze Fork Apt. 146 Reading MA 01867 US
ed729bfe-2f15-466c-a54d-af67008ecf07,1961-02-03,,999-30-4222,S99920046,false,Mr.,Katrina49,Lemke797,,,M,white,polish,M,Pittsfield MA US,275 Mann Views Reading MA 01867 US
2710d824-c9a6-426d-8099-e005e7a87df5,1943-08-05,2008-04-23,999-45-6721,S99923706,false,Mrs.,Jennings258,Gerhold521,,Farrell246,M,white,french,F,Swansea MA US,632 Devonte Divide Sherborn MA 01770 US
a94cdf44-de20-4069-af54-bde8e0e01e2d,1955-12-08,,999-65-5695,S99951415,X42163161X,Mrs.,Dejon701,West921,,Hintz477,M,white,russian,F,Somerset MA US,4076 Abshire Ranch Medford MA 02155 US
8f01e996-48e1-4258-8bc4-53e3a0b477dc,1956-06-15,,999-90-6789,S99918914,X45684850X,Mrs.,Dianna400,Deckow187,,Ward255,M,white,portuguese,F,Medford MA US,23989 Hamill Common Newton MA 02465 US
35194cd6-cbfe-4e74-b243-a89818f61ed5,1966-11-13,,999-67-4509,S99994000,X31312069X,Mrs.,Jean758,Rosenbaum848,,Bartell415,M,black,african,F,Plymouth MA US,22044 Romaguera Fork Suite 601 Sherborn MA 01770 US
4906e990-44e1-40b5-8b70-8977fd0c810b,1995-12-19,,999-11-8773,S99982012,false,Ms.,Rubie769,Hudson688,,,,black,african,F,Worcester MA US,3697 Bartell Turnpike Somerville MA 02145 US
69b86321-16d1-431d-aa88-71660f1c06a2,1931-08-30,1991-03-24,999-85-8289,S99989686,false,Mr.,Liana461,Bauch930,,,M,hispanic,puerto_rican,M,Springfield MA US,49199 Hahn Valleys Apt. 820 Somerville MA 02143 US
4ea1bf67-0e5f-4d7b-a2ee-3f842d39bf75,2007-03-18,,999-96-3146,,,,Alfred903,Paucek838,,,,white,irish,F,Upton MA US,935 Kuhlman Path Lowell MA 01852 US
fef8011a-d2ec-49fd-aafa-6948bf508113,1970-03-20,,999-66-5330,S99986018,X93198100X,Ms.,Shad45,McDermott490,,,S,white,italian,F,Easton MA US,2917 Wiegand Mount Suite 177 Stow MA 01775 US
8f97ca52-69e0-4334-bbcd-0babe313659d,2005-03-09,,999-90-2028,,,,Myah528,Mills225,,,,white,irish,F,Chelsea MA US,920 Prosacco Tunnel Lowell MA 01854 US
3a43434c-8717-44f0-a6dc-b779540f047e,2006-07-24,,999-78-3970,,,,Lonzo702,Nienow887,,,,white,italian,M,Stow MA US,8887 Runolfsson Prairie Stoneham MA 02180 US
5f6dd85f-43b8-4d68-9116-c95be3c705e3,2000-02-03,,999-20-4676,S99919421,,,Makayla808,Tromp639,,,,white,italian,F,Bourne MA US,2989 Cortez Mount Reading MA 01867 US
5da02b95-cdfc-4295-baaa-b23c5371feeb,1980-02-22,,999-14-8442,S99928943,X52001303X,Mr.,Palma193,Hane728,,,M,hispanic,puerto_rican,M,Revere MA US,622 Rosenbaum Village Lowell MA 01852 US
a341c4f3-887b-417f-8b54-2172c5bb510f,1974-12-16,,999-40-6561,S99953672,X92687751X,Mr.,Berta790,Dooley862,,,M,white,english,M,Lincoln MA US,92082 Keshawn Oval Reading MA 01867 US
d60d8336-a8f4-4391-8f2e-0a04bf689926,1972-05-17,,999-67-5629,S99944118,X53357696X,Mrs.,Cameron286,Cassin602,,Auer76,M,asian,chinese,F,Boston MA US,21754 Mohamed Manors Apt. 245 Somerville MA 02143 US
0d84c10f-9010-4439-8171-733c6798e7cf,1959-02-25,,999-16-7621,S99933707,X33363048X,Mr.,Sven102,Langosh323,,,S,white,german,M,Rutland MA US,3828 Kutch Oval Reading MA 01867 US
512f9101-a290-43f9-b49a-9858f9e3a3c0,1946-02-26,2013-05-02,999-29-8091,S99913571,false,Mr.,Ida369,Goyette587,,,M,hispanic,puerto_rican,M,Chatham MA US,44940 Chaz Valleys Lowell MA 01854 US
d49ba471-28e7-4b88-b4f1-7fefb183d6f8,1984-10-14,,999-10-8368,S99910712,false,Mrs.,Destiney213,West921,,Monahan893,M,white,english,F,Marblehead MA US,6148 Gus Shores Apt. 549 Reading MA 01867 US
48476213-fd5d-4f1e-bb70-ecf0262054cf,1950-07-11,1992-07-19,999-30-1516,S99931927,X24366279X,Mr.,Cleveland164,Flatley743,,,M,white,russian,M,Boston MA US,54531 Schmitt View Stoneham MA 02180 US
6caea02e-7fa9-4138-9002-2fe3fa22496d,1915-12-17,1985-04-26,999-87-1062,S99942967,false,Mr.,Keshaun180,Bahringer198,,,S,hispanic,puerto_rican,M,Quincy MA US,79696 Hoppe Trafficway Apt. 535 Lowell MA 01852 US
c61278cc-ec63-44fa-960f-058b581f9a89,1955-02-14,,999-90-4212,S99932956,false,Mrs.,Garry249,Yundt612,,Collins869,M,asian,chinese,F,Everett MA US,7615 Lindgren Fork Suite 191 Newton MA 02456 US
cd09ae72-2cf9-4488-836f-a18123e3dd69,1956-07-06,2006-05-29,999-78-2193,S99983144,false,Mr.,Johan172,Tromp639,,,M,white,italian,M,Monson MA US,87097 Steuber Shores Stow MA 01775 US
cb566040-91b1-4bf2-87ba-4b9621ddaea1,1988-04-03,,999-26-2524,S99999337,false,Mr.,Royce288,Hansen74,,,M,asian,asian_indian,M,Danvers MA US,82704 Kilback Village Newton MA 02459 US
be6ba35f-2d6b-415f-81fc-42560c209d97,1972-06-30,,999-89-9508,S99931338,false,Mr.,Garland296,Braun965,,,S,white,polish,M,Framingham MA US,300 Ayana Shoals Suite 759 Lowell MA 01854 US
4c8a50bc-e2e7-4663-8697-3a3a247bfc95,1980-11-02,,999-87-2817,S99983736,false,Mrs.,Paxton781,Turcotte237,,Treutel576,M,asian,asian_indian,F,Haverhill MA US,4364 Hermann Dale Somerville MA 02144 US
e955c911-99cb-4d55-ab6e-8bb590be3f0e,1998-03-03,,999-31-5966,S99951682,,Ms.,Deanna863,Schoen119,,,,asian,chinese,F,Framingham MA US,734 Harley Forges Somerville MA 02143 US
343cb704-3567-4a6a-865b-bc8f70c01b6c,1992-05-18,,999-74-4381,S99968748,false,Mr.,Guiseppe745,Hayes297,,,,hispanic,puerto_rican,M,Acushnet MA US,5802 Kirlin Port Somerville MA 02145 US
deff8a80-d73d-4036-a161-02d2f6bdf353,1991-09-20,,999-24-5701,S99911703,X55794027X,Mr.,Ezekiel666,Champlin352,,,,white,irish,M,Wareham MA US,448 Janiya Stream Apt. 968 Newton MA 02456 US
f09ff3e8-4cbe-42f6-825a-e05aa2dc5120,1930-12-28,2012-06-02,999-83-3476,S99941810,X30257782X,Mr.,Florian851,Mitchell717,,,S,white,polish,M,Westborough MA US,19352 Crooks Villages Suite 839 Somerville MA 02144 US
4ef9173e-f670-4259-849a-1e78baaa61ad,1968-05-20,2014-04-06,999-18-5221,S99968607,false,Mr.,Josie277,Aufderhar983,,,M,white,irish,M,Salem MA US,54817 Dickinson Squares Tewksbury MA 01876 US
c6fcf073-441c-40a8-8fbe-d073676a484f,1953-12-15,,999-64-6348,S99959314,false,Mr.,Shyanne759,Effertz802,,,M,white,russian,M,Bridgewater MA US,803 Kilback Rapids Suite 646 Somerville MA 02145 US
5998a58a-1bf5-423b-a0fc-715fdf2bb52b,1957-10-03,2003-08-15,999-49-7243,S99960596,X86914300X,Mrs.,Kaylie117,Littel446,,Morar586,M,white,irish,F,Middleborough MA US,34958 Cole Track Newton MA 02462 US
bade1437-eb84-4fb5-85c6-58d94ee45bfd,2008-10-28,,999-57-4596,,,,Kareem836,Dach132,,,,white,french,F,Amherst MA US,78848 Lilian Fort Tewksbury MA 01876 US
dd66901c-8a8c-4746-be81-8c035c3875c6,2010-07-05,,999-54-4148,,,,Frida859,Turcotte237,,,,white,scottish,M,Shutesbury MA US,591 Elza Turnpike Suite 562 Somerville MA 02143 US
b185e810-65ca-4c1f-befc-51b5f79cb625,1968-04-30,,999-23-2104,S99958370,X30124476X,Mrs.,Justen902,Beer324,,Schaefer735,M,white,german,F,Easton MA US,7665 Maxie Island Suite 264 Newton MA 02468 US
4ef4fedc-ba67-4211-8e77-ecca202fdce3,1985-11-04,,999-86-6315,S99981547,X57246966X,Mr.,Stephany476,Russel945,,,M,black,dominican,M,Boston MA US,21549 Sidney Stravenue Suite 748 Tyngsborough MA 01879 US
833dc74e-b6ae-4c31-82d2-924ce7818744,1939-06-08,2016-10-06,999-28-1065,S99964739,false,Mr.,Adell734,Prohaska228,,,M,white,italian,M,Reading MA US,873 Theresa Course Suite 693 Tewksbury MA 01876 US
d5dd4244-ecdd-4b27-aabb-e3605c4e9903,1972-06-29,,999-70-8191,S99923240,X84626453X,Mrs.,Jazmyn554,Tromp639,,Moore898,M,white,french,F,North Andover MA US,91705 Koby Knolls Tyngsborough MA 01879 US
fb40ced6-ff98-45bb-9c07-59fce45f7e03,1948-09-22,1999-04-21,999-28-8306,S99950598,false,Mr.,Linwood484,Lubowitz329,,,M,white,italian,M,Sherborn MA US,7445 Greenholt Well Suite 112 Wakefield MA 01880 US
2a6ee215-a5c8-4af0-9c7d-213c0c8fc425,1986-06-02,,999-40-6384,S99917453,X92341431X,Mr.,Nellie142,Ernser526,,,M,white,italian,M,Stoneham MA US,200 Tess Rest Tyngsborough MA 01879 US
8f354f68-b6bd-4eed-be1f-864d3e48ead9,1998-11-30,,999-63-4563,S99968200,,Ms.,Dorothea190,Jakubowski657,,,,asian,chinese,F,Medfield MA US,38107 Wilderman Crossing Apt. 850 Wakefield MA 01880 US
53fc30d9-196d-4a87-81c3-aba4caffe8d9,2012-12-12,,999-35-9691,,,,Bud416,Vandervort620,,,,white,polish,F,Falmouth MA US,3865 Becker Mountains Suite 828 Waltham MA 02452 US
547d2010-9926-4046-ac48-bafa5f3c1d8b,1994-12-25,,999-26-5221,S99968188,X81260187X,Mr.,Montana297,Keebler235,,,,white,russian,M,New Bedford MA US,4451 Botsford Motorway Suite 285 Wakefield MA 01880 US
9d042a5c-7259-4cb7-be1c-c7f367336dce,1979-03-23,,999-51-3435,S99960483,X96253876X,Mrs.,Grayce255,Jacobson284,,Hermiston486,M,white,english,F,Norton MA US,4682 Frederik Via Somerville MA 02144 US
8a05bc77-a53d-4919-8171-33b3b670d4e8,1931-10-19,1980-03-27,999-68-6797,S99957947,false,Mr.,Isabella10,Yost319,,,S,white,irish,M,Holliston MA US,1820 Idell Courts Apt. 144 Tewksbury MA 01876 US
b08dfaa2-12c1-4a56-80a8-ad5baf8598e7,2003-12-12,,999-92-9012,,,,Deontae37,Spinka682,,,,white,french_canadian,F,Malden MA US,39595 West Pass Suite 176 Wakefield MA 01880 US
649ea9ac-a40d-4a4f-afaa-433c667ccac0,1998-08-08,,999-88-3550,S99985232,,Ms.,Jefferey515,Homenick118,,,,white,italian,F,Lawrence MA US,86852 Metz Spring Newton MA 02465 US
cbfed0d9-ea3e-4073-b595-c2ea17626136,1994-05-30,,999-97-1330,S99967498,X56508427X,Mr.,Josefa461,Berge315,,,,white,irish,M,Medfield MA US,187 Robb Row Newton MA 02468 US
2588ed97-0703-42e2-9761-47993a6bf467,1956-11-03,2004-04-22,999-61-9828,S99982979,X81180832X,Mrs.,Gilbert415,Bayer843,,Flatley743,M,white,irish,F,Dedham MA US,18004 Gleichner Estates Apt. 496 Tewksbury MA 01876 US
0d257b86-4e5a-4a45-81fd-f03f9f8e0315,1961-11-14,,999-31-1348,S99918975,X52193996X,Mrs.,Jennyfer180,Maggio705,,Beer324,M,asian,chinese,F,Boston MA US,45192 Tressa Squares Waltham MA 02454 US
ce02e281-a771-40f8-a342-6c79a342ff55,1989-01-15,,999-87-6899,S99923751,false,Mrs.,Otho934,Bernier680,,Howe75,M,white,german,F,Norwell MA US,68387 Furman Islands Suite 974 Tewksbury MA 01876 US
4047a311-5e33-48c6-a2cc-232fffc488a2,1977-04-22,,999-46-6357,S99996531,X44052603X,Mrs.,Kyra176,Gutmann811,,Wolf566,M,white,french,F,Lynn MA US,39663 Crooks Springs Apt. 888 Watertown MA 02477 US
b7e33c09-7b2b-4cfb-8000-2b9c5d138fa0,1985-12-08,,999-15-4908,S99961518,false,Mrs.,Verdie205,Hermann847,,Bogan983,M,white,italian,F,Yarmouth MA US,83024 Freddy Crest Watertown MA 02472 US
dce9d08e-9f65-4cfd-9c2e-cb16217dceed,1974-06-28,,999-75-6301,S99948491,false,Mr.,Lois365,Green619,,,M,white,polish,M,Blackstone MA US,52327 Shakira Prairie Suite 915 Wakefield MA 01880 US
b2f21214-bc4f-47b1-9b1d-c8462e0c9b44,1975-07-24,,999-68-5153,S99990437,X26831058X,Mr.,Charity72,D'Amore653,,,S,white,irish,M,Salem MA US,570 Turcotte Shoal Wakefield MA 01880 US
2fc5cae3-0d90-423c-8c5e-8102650ffc48,1999-03-19,,999-14-5998,S99977068,,Ms.,Dario138,Boehm152,,,,white,swedish,F,Canton MA US,39341 Amina Drive Watertown MA 02471 US
8a6f0a1f-6c88-45cf-a778-9c8aab0b86c8,1979-10-17,,999-30-5512,S99915495,false,Mrs.,Jany209,Tremblay288,,Rodriguez388,M,white,american,F,Upton MA US,10830 Spinka Roads Suite 888 Wakefield MA 01880 US
a9e7bdd3-6c79-4c61-a658-550240c2ae58,1962-01-01,,999-45-2627,S99989261,X72413769X,Ms.,Melissa487,Williamson583,,,S,white,german,F,Boston MA US,183 Considine Lights Apt. 684 Wakefield MA 01880 US
896189ea-aff7-4597-8aee-8ada7339f2ad,1952-12-15,,999-92-4422,S99949226,false,Mr.,Shane927,Tromp639,,,M,white,french,M,Shrewsbury MA US,84304 Ledner Roads Suite 158 Watertown MA 02472 US
5e1f4863-5337-4eb4-a014-cc82492a69bb,2007-07-21,,999-84-9735,,,,Magnolia75,Glover856,,,,white,italian,M,Plymouth MA US,43862 Feil Wells Suite 451 Wayland MA 01778 US
e8355707-4868-418a-94a3-dacd6ad1d256,1976-12-24,,999-64-7371,S99936096,false,Mr.,Leonor556,Tremblay288,,,M,white,french_canadian,M,Holden MA US,633 McKenzie Path Suite 422 Watertown MA 02471 US
51a07612-2bd2-470d-9a09-c3a8476add77,1958-02-04,,999-24-7253,S99938744,false,Mr.,Jedediah775,Kuphal267,,,M,hispanic,puerto_rican,M,Somerville MA US,65789 Minerva Knolls Suite 488 Westford MA 01886 US
e2a97e23-4229-4ba5-85b8-dbb3ed830994,1952-07-12,,999-98-3395,S99969815,false,Mr.,Magdalena967,Green619,,,M,white,english,M,Lowell MA US,71860 Schiller Knolls Westford MA 01886 US
676766da-dd0b-4574-941b-4f00b33a7e9f,1950-03-01,,999-24-1589,S99977866,X57324310X,Mr.,Candida743,Block261,,,S,white,italian,M,Boston MA US,1598 Major Corner Apt. 610 Westford MA 01886 US
a9f143c9-cf68-405b-a0bd-45de05e30987,1963-02-03,,999-14-2331,S99964942,X74006085X,Ms.,Edmond417,Turcotte237,,,S,white,english,F,Haverhill MA US,86488 Klein Key Wilmington MA 01887 US
946e8af3-d123-43cb-915a-ae7cf51af12f,1962-10-04,,999-47-5309,S99994697,false,Mr.,Citlalli570,O'Keefe574,,,M,white,irish,M,Rowley MA US,67350 Price Trail Weston MA 02493 US
608095cd-8dd9-4f97-b64e-1e1baaf9fa90,2010-02-17,,999-64-8774,,,,Audreanne496,Fahey895,,,,asian,chinese,M,Boston MA US,26189 Wisoky Knoll Watertown MA 02477 US
37708889-7eac-40fa-b4d1-9b9d29c55a46,1946-10-05,2002-10-05,999-10-2642,S99928961,X65136565X,Mr.,Kurtis718,Farrell246,,,M,hispanic,puerto_rican,M,Burlington MA US,12370 Kuhlman Park Apt. 422 Somerville MA 02144 US
d16c3505-c1d6-42b1-b565-bf4f264fd3b1,1941-11-19,,999-12-3057,S99987237,false,Mrs.,Jarred661,Auer76,,Feil134,M,white,italian,F,Boston MA US,473 Corkery Roads Wilmington MA 01887 US
14c8fe02-e7af-425f-b897-81078ac4f8da,1967-01-03,,999-66-2863,S99995194,false,Mr.,Gillian28,Kunde709,,,M,white,italian,M,Bellingham MA US,3446 Enos Corners Apt. 528 Somerville MA 02145 US
3b3ecddf-1b97-4890-9766-877c979339ab,1942-06-17,,999-97-3952,S99955949,X63688211X,Mr.,Hudson688,King747,,,S,white,irish,M,Winthrop Town MA US,851 Flavio Plains Wilmington MA 01887 US
9a8c8253-d833-4c3e-9c49-7e318590518a,1930-12-06,1980-08-13,999-19-6402,S99954125,false,Mr.,Sid772,Connelly0,,,M,white,french,M,Revere MA US,563 Pouros Estates Suite 160 Somerville MA 02144 US
faab23e5-772f-4991-8830-f21c42de2b2f,1939-09-20,,999-17-2134,S99954285,X57027496X,Ms.,Frederic111,Hilpert863,,,S,white,french,F,Fitchburg MA US,8578 Hauck Vista Suite 274 Winchester MA 01890 US
d617bc7e-c39c-4bae-b3b3-d313219958f0,1932-09-20,1988-01-07,999-76-6403,S99911673,false,Ms.,Amos977,Gibson528,,,S,white,irish,F,Barnstable Town MA US,762 Bartoletti Highway Suite 766 Nantucket MA 02554 US
bae2d07d-a740-4bff-94c1-c6ea1c54d212,1986-09-13,,999-88-1966,S99939283,X20225415X,Ms.,Mallie953,D'Amore653,,,S,hispanic,puerto_rican,F,Malden MA US,543 Scot Green Suite 932 Nantucket MA 02564 US
cb229f9b-7b28-4757-9c90-51e75a8762fb,1969-01-17,,999-99-4739,S99948575,false,Mr.,Alyce198,Braun965,,,M,white,italian,M,Yarmouth MA US,8635 Hudson Point Woburn MA 01813 US
995e5a27-11ee-427f-8c65-84284ba1aece,1984-05-04,,999-28-7489,S99917928,false,Mrs.,Kirstin300,Rau904,,Nader776,M,white,irish,F,Beverly MA US,9237 Farrell Drive Waltham MA 02453 US
5ebbc5ec-5832-4f71-8b31-9dd27af7fb9d,1977-06-18,,999-99-7525,S99919789,X20021065X,Ms.,Autumn241,Weber322,,,S,white,irish,F,Fall River MA US,139 Bergnaum Knolls Apt. 292 Waltham MA 02452 US
8b5d1ee2-69cd-422a-b997-0dda8027746c,1971-05-08,,999-18-9737,S99977161,false,Ms.,Katlyn922,Hilpert863,,,S,white,english,F,Needham MA US,9253 Powlowski Lodge Waltham MA 02455 US
83c21b2d-a537-445f-84d0-7ecaae2928be,1951-12-14,2012-03-30,999-12-1375,S99940726,false,Mr.,Gunner334,Streich664,,,M,white,irish,M,Marlborough MA US,60314 Isobel Streets Wilmington MA 01887 US
6f7c6326-7a23-4915-a653-0105ea0ef247,2012-02-03,,999-56-9113,,,,Orland239,Rodriguez388,,,,white,italian,M,Maynard MA US,71449 Guadalupe Gateway Braintree MA 02184 US
3b2eb8bc-c643-438e-94d1-97c05be5067f,1988-07-19,,999-10-2876,S99990461,X24121025X,Mrs.,Raegan479,Schinner228,,Mosciski495,M,white,italian,F,Barre MA US,9284 Schmeler Groves Braintree MA 02184 US
6d13835c-21f9-4b48-8ba2-d65eaf1e7952,1971-02-15,,999-82-2067,S99957212,X73895910X,Mr.,Jayme772,Douglas750,,,S,white,american,M,Braintree Town MA US,8196 Schuppe Squares Bellingham MA 02019 US
fcdb3d6c-0889-4d84-a115-b09faf7a63f9,1982-04-19,,999-60-9085,S99957320,false,Mr.,Kelly458,Kemmer31,,,M,white,english,M,Yarmouth MA US,1588 Jodie Camp Suite 178 Braintree MA 02185 US
8d0985b9-d40d-4a01-9e57-1980b029b714,1972-02-09,,999-76-5835,S99963138,false,Mrs.,Lawrence727,Sanford945,,Ruecker265,M,white,french,F,Norton MA US,198 Cremin Track Waltham MA 02452 US
0adcf566-1169-4f73-9711-d73a54d78503,1971-02-16,,999-76-3650,S99938238,X86223298X,Mrs.,Jaime55,Lockman614,,Balistreri143,M,white,american,F,Middleborough MA US,4828 Declan Squares Waltham MA 02455 US
123a5f8d-13a8-4d59-94d4-38de72008747,1966-05-01,,999-99-7640,S99992708,false,Mrs.,Mariano451,MacGyver61,,Howe75,M,white,italian,F,Worcester MA US,508 Rodriguez Manor Apt. 995 Bellingham MA 02019 US
2295c007-26a3-45b3-9eb2-a5da80e05ab7,1959-02-27,,999-61-4438,S99930287,false,Mrs.,Chester732,Paucek838,,Gorczany993,M,white,portuguese,F,Cohasset MA US,53855 O'Keefe Court Waltham MA 02454 US
52e8e81c-8cce-4156-b9bd-ae187836d700,1985-01-07,,999-68-2518,S99978019,false,Mr.,Stewart467,Prosacco439,,,S,white,polish,M,Chelmsford MA US,71326 Clair Mountain Suite 240 Woburn MA 01813 US
f588fa76-006b-4a87-899e-62b5986b7455,2011-06-10,,999-71-5892,,,,Arlo12,Pouros815,,,,white,french,F,Harvard MA US,29994 Jenkins Heights Bellingham MA 02019 US
bb689ef1-90cd-4bcb-bad4-715e73d9934d,1954-12-15,,999-26-7584,S99951760,false,Mr.,Stanley797,Johnston958,,,S,white,irish,M,Millis MA US,24761 Russel Flats Woburn MA 01813 US
2011c3d4-9577-4d91-ba9a-1a6c40adb90c,1969-10-31,,999-92-4273,S99992377,X48081816X,Mrs.,Kameron955,Champlin352,,Schuster993,M,white,french,F,Hadley MA US,67451 Winfield Shores Waltham MA 02455 US
a0719421-2e3d-43ca-9d79-fc74cb2d000b,1943-06-21,,999-48-2150,S99996579,false,Mrs.,Savanna376,Beer324,,Ward255,M,white,american,F,Haverhill MA US,2438 Melyssa Creek Canton MA 02021 US
a26a2c7a-5891-4d7c-aa00-92c51fe8f323,1987-01-21,,999-99-6029,S99916970,X94011730X,Mrs.,Jessyca765,Toy38,,Mayert381,M,white,american,F,Revere MA US,7986 Kelly Cliff Apt. 429 Cohasset MA 02025 US
e4924d4b-8873-408f-9328-0f5be1a70ad9,1959-04-16,,999-88-7902,S99913449,X69332620X,Mr.,Delaney454,Kreiger23,,,M,black,dominican,M,Revere MA US,378 Bergstrom Rest Cohasset MA 02025 US
94e46ff7-d4b7-426c-b399-eeccadc8618e,2000-05-01,,999-49-8496,S99914878,,,Pasquale978,Ryan407,,,,white,irish,M,Malden MA US,7215 Garett Branch Woburn MA 01801 US
e0fc1f62-9136-4194-8dd3-27aeb31e309a,1968-07-04,,999-45-6520,S99919941,X10687139X,Mr.,Garrick891,Conroy165,,,M,white,italian,M,Plymouth MA US,16749 Russel Courts Dedham MA 02026 US
53a3fc31-37cf-4b0f-bdb3-0dcc8323e603,1948-05-15,2013-06-29,999-16-8436,S99939284,X40104037X,Mrs.,Beryl221,Mayer574,,Kertzmann752,M,white,english,F,Melrose MA US,21206 Elisha Ville Canton MA 02021 US
dc808e41-2962-4c44-8231-42e673138ced,1959-07-24,2014-01-23,999-49-7152,S99979678,X57877742X,Mr.,Dillon475,Wehner221,,,M,white,italian,M,Quincy MA US,90279 Kessler Rue Apt. 753 Dedham MA 02027 US
6bba479d-f08f-4364-9c0a-17a5e835d1ff,1992-02-25,,999-94-2403,S99974949,false,Ms.,Arielle645,Hartmann887,,,,hispanic,puerto_rican,F,New Bedford MA US,543 Destiney Union Apt. 315 Woburn MA 01813 US
4e13aa30-1ac9-4959-b950-0d7499a78a40,1967-04-17,,999-93-8948,S99920767,X87263683X,Mr.,Lyric668,Rempel495,,,M,white,portuguese,M,Chelsea MA US,365 Boris Spring Apt. 125 Brookline MA 02447 US
2fa54b58-343c-4cc4-a679-dea96d6743a1,2001-03-21,,999-82-1547,S99966159,,,Tomas139,Bartoletti882,,,,white,irish,F,North Attleborough MA US,51564 Carmen Brook Dover MA 02030 US
37982fe6-0704-4bc5-b439-b5d251427fad,1933-04-26,,999-73-5467,S99924560,X96606440X,Mrs.,Willie673,Nikolaus121,,Doyle678,M,white,french_canadian,F,Lawrence MA US,25826 Keebler Village Dover MA 02030 US
5a33d116-14b4-4079-a687-f31cc8dab1df,1950-06-12,,999-46-4551,S99995175,false,Mrs.,Peter969,Fisher354,,Mills225,M,asian,chinese,F,Springfield MA US,20752 Arturo Courts Brookline MA 02446 US
8c024f7d-3ac2-4d4c-be42-65f73d0351dc,1928-01-28,2013-02-16,999-43-9188,S99933496,X18133680X,Mrs.,Delta702,Friesen949,,Runte265,M,white,portuguese,F,Medford MA US,58628 Gregoria Rue Apt. 633 Brookline MA 02447 US
39fd3f57-fc87-47fd-afeb-2c795064e146,1953-11-19,2015-03-26,999-38-5040,S99986417,false,Mrs.,Giovanni978,Spinka682,,Medhurst372,M,white,irish,F,Boston MA US,79630 Myrna Throughway Apt. 517 Brookline MA 02445 US
1c580998-5320-4c7c-91e4-d3a75e62e6c4,1967-09-30,,999-75-9930,S99981424,X73431749X,Ms.,Johann996,Schroeder130,,,S,white,french,F,Reading MA US,5892 Schaefer Field Suite 964 Canton MA 02021 US
a5a4ac44-a8bf-4a9c-a3bb-0cdc301e3019,2013-06-17,,999-83-2772,,,,Terrance672,Schulist336,,,,white,french,F,Georgetown MA US,454 Blick Walks Suite 552 Brookline MA 02446 US
9b563c3a-0e02-4ebd-9dfc-e4b1c02a4243,1936-02-29,2012-03-25,999-79-2145,S99925754,X37518856X,Mrs.,Maxime969,Windler822,,Price694,M,white,english,F,Taunton MA US,2916 Rusty Square Braintree MA 02185 US
7e1ff4e4-96e2-4ce5-a25d-c1a453344783,1999-01-18,,999-48-1081,S99915171,,Ms.,Durward370,Abbott509,,,,white,polish,F,Quincy MA US,247 Myrtice Heights Dedham MA 02026 US
f4131d41-d2f5-49fa-a34b-7b72a79f6dec,2003-02-04,,999-92-6935,,,,Regan515,Kertzmann752,,,,asian,chinese,F,Worcester MA US,19228 Wisoky Trace Apt. 432 Holbrook MA 02343 US
069e0660-8727-4667-a2c1-fab6325c57ed,1987-10-09,,999-81-5147,S99977441,false,Mrs.,Uriah430,King747,,Blanda20,M,black,dominican,F,Dover MA US,2192 Misty Orchard Foxborough MA 02035 US
1b3750bd-8437-4f9b-974b-0088c74de557,2010-08-31,,999-23-5577,,,,River543,D'Amore653,,,,white,english,F,Wayland MA US,91505 Ethyl Courts Suite 711 Dedham MA 02026 US
747cf83f-a818-4be0-891e-00aed7056f67,1975-12-10,,999-87-6433,S99926337,false,Mr.,Tatyana261,Nicolas801,,,M,white,portuguese,M,Danvers MA US,495 Elizabeth Road Apt. 977 Franklin MA 02038 US
f5e9e8a6-ba3b-4764-9f5a-60192dd4eea3,1940-07-07,1990-02-04,999-45-9529,S99989062,false,Mrs.,Darrin319,Goodwin263,,Douglas750,M,white,english,F,Sterling MA US,8410 Gianni Cliff Suite 371 Millis MA 02054 US
cda4cc8d-6f52-4356-bc7f-4a0ac1e51fd2,1929-01-03,2010-02-15,999-57-4001,S99993076,X55976609X,Mrs.,Mathilde597,Wisozk385,,Glover856,M,white,irish,F,Wayland MA US,5595 Marcelino Summit Millis MA 02054 US
065430e1-93c3-4e22-be20-646b4d019258,1957-10-31,,999-93-5869,S99959433,false,Mrs.,Jennifer29,Connelly0,,Stark492,M,white,english,F,Becket MA US,90542 Hester Spurs Brookline MA 02445 US
b873753a-0e76-43e4-a7a3-efb0a7550ccc,1949-08-28,,999-99-3174,S99977713,false,Mrs.,Caterina279,Pfannerstill41,,Olson743,M,white,german,F,Attleboro MA US,64751 Farrell Stravenue Brookline MA 02446 US
961bb434-091e-4373-8739-462aeaead70f,1958-10-09,,999-61-9852,S99977558,X66335503X,Mr.,Gertrude313,Quigley689,,,M,black,dominican,M,Dracut MA US,2113 Luis Camp Apt. 749 Medway MA 02053 US
fabd2f5e-8e6c-4195-a74e-9c25691ad362,2011-12-28,,999-64-4660,,,,Dante98,Koelpin39,,,,white,english,M,Boston MA US,685 Thiel Court Franklin MA 02038 US
d15a4def-ad45-4cbb-a638-a33572bcb43b,1953-03-25,2016-01-21,999-83-4481,S99939494,false,Mr.,Bailey579,Goodwin263,,,M,white,french,M,Oak Bluffs MA US,28908 Deshaun Mills Suite 402 Brookline MA 02447 US
1ccbad6f-81b6-4b62-a617-79b8933dd5ab,2013-03-21,,999-17-9628,,,,Gene27,Zemlak802,,,,black,african,F,Worcester MA US,9226 Hansen Manor Needham MA 02494 US
ab924383-db48-41d9-93e7-e827f9724935,2000-09-01,,999-90-1727,S99921545,,,Horace846,Tromp639,,,,white,irish,F,Fitchburg MA US,48491 Coy Throughway Apt. 411 Norfolk MA 02056 US
b7f76551-c308-44ad-9bbd-15ab2a9ab156,1958-09-09,,999-55-2091,S99984814,X49382611X,Ms.,Heloise663,Hammes374,,,S,white,irish,F,Ludlow MA US,8324 O'Kon Forges Apt. 284 Medway MA 02053 US
7efa812b-3714-4f6d-9eb3-505d9b3ce593,1948-08-05,,999-69-1323,S99962862,X75804968X,Mr.,Eda659,Ziemann158,,,S,white,portuguese,M,Andover MA US,690 Mose Meadows Needham MA 02492 US
7e8eb816-ea31-46d1-909c-830ff2bc5e4f,1969-09-20,,999-22-4516,S99952888,X99583775X,Mr.,Chet635,Purdy145,,,M,white,irish,M,Holyoke MA US,746 Gulgowski Isle Medway MA 02053 US
1e3ca44b-6ab1-4072-af0b-d9c21999e2a3,1986-05-28,,999-39-4911,S99986504,false,Mrs.,Laurel124,Dibbert529,,Morar586,M,white,italian,F,New Bedford MA US,163 Melvin Canyon Apt. 399 Norfolk MA 02056 US
e792218c-de28-42ea-9ff5-f0b4139dcb80,2002-01-05,,999-91-4670,,,,Demetrius912,Bailey579,,,,white,irish,F,Northampton MA US,26352 Mayert Course Needham MA 02494 US
fce55fc6-478c-4485-9169-0b203dee55ec,1925-01-30,2006-08-26,999-44-6305,S99945852,X90902223X,Mr.,Iva589,Prohaska228,,,M,white,french_canadian,M,Westford MA US,279 Kirk Lock Apt. 569 Medway MA 02053 US
a3d76e2d-c5a7-4ded-b505-d8f7f6f0097c,1944-05-19,,999-22-2356,S99973985,X17945156X,Mr.,Ernest499,Greenholt188,,,S,white,american,M,Holland MA US,5392 Schmitt Court Milton MA 02186 US
9be88749-6c33-49ce-80fb-d89519d5689d,1994-12-20,,999-48-3537,S99990345,X19376016X,Mr.,Rossie136,Waelchi310,,,,white,italian,M,Bedford MA US,11005 Mosciski Grove Apt. 374 Norfolk MA 02056 US
52a4fbf8-3d7e-44c0-9a3d-e103d465ee32,1938-12-25,2010-09-19,999-48-1765,S99969778,X60484140X,Mrs.,Darius189,Johnson303,,Hilll641,M,white,french,F,Acton MA US,751 Jenkins Estates Apt. 711 Franklin MA 02038 US
f9b22611-2b18-4ce1-8ad6-fc77e07087dc,1975-07-02,,999-63-2577,S99925752,X93340745X,Mr.,Elton238,Barrows37,,,S,hispanic,puerto_rican,M,Milford MA US,397 Koch Run Milton MA 02186 US
4f888f94-0ab9-4b05-98ec-95b0f93a8499,1945-05-15,,999-55-5615,S99945049,false,Mr.,Virgie883,Monahan893,,,M,black,west_indian,M,Rockport MA US,6840 Ines Lock Franklin MA 02038 US
f4a81d59-9f85-4cf1-b934-4a788a59e358,1984-08-18,,999-22-9394,S99945455,false,Mrs.,Taurean33,Berge315,,Conroy165,M,black,west_indian,F,Westfield MA US,1614 Abbott Street Needham MA 02492 US
d80e5afd-8127-4a1c-baa2-e290eadb334b,1966-10-04,,999-80-9984,S99942231,X55539921X,Mr.,Larue562,Kuhn706,,,M,white,irish,M,Somerset MA US,9051 Grimes Plains Apt. 884 Quincy MA 02170 US
ed192660-4c71-49ad-bf4c-6b3abf962e3a,2015-06-21,,999-72-3053,,,,Emmett605,Beier837,,,,black,dominican,F,Weston MA US,50862 Leffler Trafficway Suite 488 Quincy MA 02171 US
7ce215cd-e9a8-4821-ab74-01c1164365f4,1992-04-17,,999-69-4423,S99957770,false,Ms.,Dariana27,Graham737,,,,white,french_canadian,F,Freetown MA US,819 Gottlieb Union Apt. 689 Milton MA 02186 US
70d56d93-e5b6-4c63-995d-eada257e9037,2005-04-09,,999-55-3875,,,,Jamison20,McLaughlin892,,,,white,irish,F,Newton MA US,785 Felix Circle Quincy MA 02169 US
79fb4452-c7c3-4529-b0c1-2ab9a7552130,1999-07-10,,999-87-7946,S99925258,,,Zaria185,Kirlin77,,,,white,irish,M,Boston MA US,7193 Corwin Inlet Suite 712 Randolph MA 02368 US
9b700f89-1b6c-4665-8818-fdbf5d0a9b37,1933-10-09,,999-35-8712,S99966458,false,Mr.,Alvis16,Gorczany993,,,M,asian,chinese,M,Boston MA US,4369 Gerda Grove Apt. 641 Randolph MA 02368 US
a2770186-3b1a-4615-b1ff-f158848d3db7,1954-06-16,,999-16-1926,S99958427,X22345862X,Mr.,Dexter905,Brown474,,,M,white,italian,M,Brimfield MA US,1954 Lenna Summit Norwood MA 02062 US
93ec8c0f-6b18-4564-aceb-4a32483a7041,1949-10-19,,999-76-8488,S99926975,false,Mr.,Donato266,Beatty236,,,M,asian,chinese,M,Franklin Town MA US,4428 Rosenbaum Oval Suite 392 Milton MA 02186 US
adaeb591-9d0a-4296-88dd-133e06ff9d3a,2014-10-18,,999-51-5561,,,,Hosea353,Rodriguez388,,,,white,scottish,F,Chelmsford MA US,584 Bauch Prairie Needham MA 02494 US
4e195323-d8ae-4717-84b8-ae44b3930267,1938-03-18,2012-09-14,999-45-1510,S99974335,X87659032X,Ms.,Gust625,Metz823,,,S,white,french,F,Newton MA US,5477 Monte Dam Needham MA 02494 US
fa21aede-ea89-4f0a-a4bc-d7f58ed8999a,1992-12-31,,999-34-3054,S99960179,X15883216X,Ms.,Cortez0,Fisher354,,,,white,polish,F,Melrose MA US,9627 Buster Pike Randolph MA 02368 US
885290b0-b69b-4a7a-be03-b2f5f524dae7,2008-07-02,,999-30-1165,,,,Javon655,Corwin850,,,,black,african,M,Winchester MA US,230 Tanya Run Sharon MA 02067 US
b7911bca-9a42-49b8-a765-20cf78c7e6f6,1995-12-23,,999-19-1157,S99960417,X59629383X,Ms.,Keon278,Parisian795,,,,white,french,F,Ludlow MA US,3413 Cordelia Lights Apt. 605 Wellesley MA 02457 US
970d79ea-a802-4afe-96f3-2ceb5fc28e12,1963-02-24,,999-79-9137,S99913715,false,Mr.,Arnulfo168,Beahan56,,,M,white,irish,M,Holyoke MA US,2699 Piper Summit Suite 202 Quincy MA 02170 US
7f2f0992-9129-4da0-b754-5efe6f4edcf4,1989-06-20,,999-90-8998,S99911666,X46347619X,Mr.,Jacquelyn184,Kuhn706,,,S,white,polish,M,Lynn MA US,543 Stracke Landing Apt. 103 Randolph MA 02368 US
e175c10e-4ce8-4675-b42b-a0f01bede3e2,1974-11-03,,999-98-5121,S99944220,X68798261X,Mr.,Ottis453,Kirlin77,,,S,white,american,M,Blandford MA US,582 Jones Pike Randolph MA 02368 US
b634f81b-f051-4bef-a363-f9407a5ec470,1962-08-16,,999-36-2326,S99969181,X17307806X,Mrs.,Berry351,Hickle792,,Hodkiewicz209,M,black,west_indian,F,Leominster MA US,931 Emmerich Turnpike Suite 533 Randolph MA 02368 US
4b0c6117-4d5f-4a55-a286-bc8dbf88030c,1949-10-16,,999-69-8418,S99977610,X13278626X,Mrs.,Leslie916,Mueller682,,Bernhard843,M,white,irish,F,Boston MA US,5460 Irwin Land Suite 327 Wellesley MA 02482 US
3ad55fd1-823b-4f8e-9875-0fb12a8bdc5f,1969-05-09,,999-93-8502,S99995913,X25245311X,Mr.,Chanel764,Kozey657,,,M,asian,chinese,M,Chicopee MA US,1271 Thompson Village Westwood MA 02090 US
bf5dc75c-eb8e-441e-81c4-ccc2dafadf96,2012-01-28,,999-14-2700,,,,Emil825,Wehner221,,,,white,italian,M,Boston MA US,752 Becker Walks Suite 464 Westwood MA 02090 US
73506b16-43e6-4a34-9575-608f3620e95a,1938-07-01,1996-11-22,999-99-9924,S99994967,X16231642X,Mr.,Edwina614,Hoppe300,,,M,white,italian,M,Attleboro MA US,8605 Turcotte Glens Walpole MA 02081 US
0e5eba64-f1c8-4d73-aa5a-991cd3629c6b,1935-09-18,,999-72-3232,S99964134,false,Mr.,Leanna980,Larkin602,,,S,black,dominican,M,Hingham MA US,4088 Roob Route Suite 148 Walpole MA 02081 US
933f53e6-1b24-4742-ada9-1e321cd16d87,2000-04-25,,999-65-2636,S99997798,,,Akeem905,Lemke797,,,,white,german,M,Chatham MA US,794 Conroy Underpass Westwood MA 02090 US
67b7350f-2527-4efe-a073-e05b85248e78,1963-11-12,2013-02-26,999-24-4831,S99978630,X18182372X,Mr.,Kiara975,Little419,,,M,white,french,M,Waltham MA US,622 Nicolette Center Suite 957 Stoughton MA 02072 US
3a6b0cf6-b17b-4543-b007-5df5a034c5bf,1974-06-22,,999-60-3873,S99979291,false,Mrs.,Nora619,Gislason613,,Hammes374,M,white,irish,F,Worcester MA US,4446 Bode Groves Wellesley MA 02481 US
9d26ea4d-d91d-4375-8db6-abb0286b129f,1937-06-05,2017-02-08,999-23-5515,S99936803,false,Mrs.,Margot480,Flatley743,,Muller64,M,asian,asian_indian,F,Boylston MA US,31225 Tremaine Lane Wellesley MA 02482 US
f8f0ae08-a28f-46da-aa52-38d851464aeb,1949-05-05,,999-59-4746,S99971534,false,Mrs.,Keely584,Nolan207,,Tremblay288,M,white,italian,F,Boston MA US,36865 Leannon Vista Wellesley MA 02457 US
a5a99a94-2788-4e1f-98e8-55c1d7464b81,2008-01-27,,999-99-3228,,,,Samson735,Bartell415,,,,white,portuguese,M,Peabody MA US,242 Chase Ways Westwood MA 02090 US
09b57a92-d1e3-469d-b7c9-92e4620ebae0,1973-12-17,1990-09-17,999-22-2229,S99980413,,,Johnathon159,Hettinger748,,,,black,african,M,Newton MA US,12297 Cronin Hills Walpole MA 02081 US
7c525791-4dba-41de-8a94-9e4299e60f6c,1927-07-11,2013-09-02,999-72-5670,S99976825,X18218309X,Mrs.,Callie760,Hane728,,Johns198,M,white,italian,F,Lowell MA US,43897 Lindgren View Wellesley MA 02482 US
2cf7994f-34c2-46ea-b6e5-4a922b110924,2006-07-16,,999-51-7056,,,,Gage105,Schuster993,,,,white,english,M,Fall River MA US,86903 Ilene Pine Suite 900 Wellesley MA 02457 US
db6fd0cf-1e8a-45e1-a3ff-3dddb2b38538,1994-10-25,,999-61-9683,S99930207,false,Ms.,Taryn278,Keeling487,,,,white,russian,F,Salem MA US,1207 Ruecker Glen Apt. 611 Wrentham MA 02093 US
f5ca913d-b285-4ed7-9839-67bd63750a06,1965-01-10,,999-13-8000,S99978303,false,Mrs.,Isadore609,Robel771,,Smith847,M,hispanic,mexican,F,Dartmouth MA US,4992 Weber Port Suite 413 Wrentham MA 02093 US
83a3d611-8abf-44e9-819f-183b99526dde,1957-05-10,,999-76-3306,S99987812,false,Mr.,Michael496,Kshlerin530,,,M,asian,asian_indian,M,Lowell MA US,5154 Tillman Bridge Suite 643 Wellesley MA 02482 US
6ec0074e-881f-4967-b310-556b7f043f1d,1975-06-11,,999-51-5863,S99960143,false,Mrs.,Johnathan27,Rempel495,,Bins978,M,black,west_indian,F,Fall River MA US,927 Shyann Way Apt. 991 Wellesley MA 02482 US
3707f788-7f99-4659-be79-96a8fdc2823b,1982-07-28,,999-48-4395,S99936711,false,Mrs.,Oran476,Mills225,,Towne582,M,white,italian,F,Westford MA US,532 Georgiana Branch Weymouth MA 02189 US
925c0b85-5131-4420-ae6e-0929d3efb843,1969-07-15,,999-59-2677,S99985801,false,Mrs.,Garrison434,Vandervort620,,Lesch922,M,black,west_indian,F,Upton MA US,17323 Breanne Rest Wrentham MA 02093 US
07cc035c-9836-416b-b69e-9e2324acf7e9,1934-08-20,,999-46-2073,S99940604,false,Mr.,Immanuel634,Wilkinson801,,,M,white,portuguese,M,Westfield MA US,1818 Anna Stream Apt. 639 Stoughton MA 02072 US
cf54510b-038d-47be-a246-091bf98b2bfa,1952-07-02,,999-13-4314,S99965470,X22168448X,Mrs.,Adela811,Dibbert529,,Kertzmann752,M,white,french,F,Canton MA US,841 Herzog Brooks Wrentham MA 02093 US
4f3cbbcf-52bc-4b7e-b0af-655510ad7cb9,1950-08-04,,999-48-5252,S99952979,false,Mrs.,Moses852,Collier562,,Moore898,M,white,scottish,F,Boston MA US,9936 Green Mall Suite 392 Weymouth MA 02189 US
900c8c59-9c50-4d4e-ad58-4224a1e9000e,1994-08-30,,999-37-8587,S99980566,false,Ms.,Myra1,Daniel706,,,,white,american,F,Watertown Town MA US,2756 Waelchi Mountains Apt. 187 Brockton MA 02301 US
725f5b67-9bc1-4b1f-be4a-57f09af7b50a,1992-03-02,,999-68-3000,S99937786,X33283088X,Ms.,Cindy301,West921,,,,white,irish,F,Wellesley MA US,690 Kariane Island Bridgewater MA 02325 US
a0635b8f-b443-448e-8768-bbb20160ef6c,1949-02-04,,999-37-1490,S99970907,false,Mr.,Patricia441,Wisoky878,,,M,white,english,M,Amesbury Town MA US,21256 Carter Pines Abington MA 02351 US
57bc545c-9139-40c1-97c8-df0a3ce4f3ae,1968-03-11,,999-34-7938,S99945956,false,Mr.,Dexter905,Rolfson110,,,M,white,italian,M,Northborough MA US,217 Karson Flats Brockton MA 02303 US
17f88492-34a9-4c9d-8cbf-77c40e97b86a,1952-07-15,,999-82-5185,S99940937,false,Mr.,Arden459,Kozey657,,,M,white,irish,M,Framingham MA US,2950 Wyatt Throughway Suite 224 Abington MA 02351 US
a3c8bdd5-2cf3-438a-b1a2-86ae3e4fc879,1954-03-16,,999-31-1157,S99958613,false,Mrs.,Ansel425,Grady368,,Koepp421,M,white,english,F,Concord MA US,743 Leffler Corners Apt. 197 Brockton MA 02303 US
712e6958-a3ab-4c03-b32d-3a461da04bee,1997-09-18,,999-21-5509,S99989369,,Ms.,Pat205,Bruen922,,,,white,italian,F,Cambridge MA US,140 Veum Port Suite 266 Brockton MA 02303 US
9b6eabff-067c-4ee4-abde-55c1a7f769a1,1975-06-05,,999-22-8124,S99979787,false,Mrs.,Donald565,Abbott509,,Shields195,M,white,polish,F,Fall River MA US,81048 Beaulah Circle Quincy MA 02170 US
18821956-5b25-48c3-b08c-5c7bb947de2c,1945-03-05,,999-77-7258,S99967588,X48310957X,Mrs.,Felix575,Pagac831,,Willms697,M,white,american,F,Southborough MA US,1719 Elva Crossing Suite 785 Bridgewater MA 02325 US
6a65e3b9-26a8-4283-8b1a-f57013bce3eb,2015-05-06,,999-55-1929,,,,Giuseppe322,Braun965,,,,white,italian,F,Natick MA US,26451 Casper Spring Apt. 324 Bridgewater MA 02325 US
980c954f-4141-41e9-9c85-9e51373c2af9,2015-12-27,,999-10-3118,,,,Jamal320,O'Kon648,,,,white,english,F,Groton MA US,957 Agustina Stravenue Suite 418 Bridgewater MA 02325 US
460ff7de-dcaf-4e4a-ba23-8e7276fc75c2,1996-08-18,,999-48-5195,S99982047,X78749794X,Ms.,Jaren140,Pfannerstill41,,,,white,french_canadian,F,Westfield MA US,82594 Glover Fields Carver MA 02330 US
36fa618e-fe84-4790-8ace-331a9039cc44,1959-04-15,2001-09-05,999-12-5674,S99933579,X92780229X,Mr.,Theron575,Schamberger177,,,M,white,portuguese,M,Dedham MA US,305 Reece Wall Abington MA 02351 US
17d5c3b1-7507-4f66-afdd-49430d8d6917,1957-05-08,,999-10-9837,S99971011,X50445813X,Mr.,Diamond471,Baumbach704,,,M,white,irish,M,Holliston MA US,2882 Johnathon Curve Brockton MA 02305 US
68c7dc67-ff2e-43fd-b712-bea67d85d1c5,1994-10-02,,999-40-3078,S99958482,false,Ms.,Laurie858,Luettgen780,,,,white,french,F,Boston MA US,979 Reanna Oval Bridgewater MA 02324 US
ecdac9db-342f-43fa-8c38-2197d642d6f4,1927-10-13,2015-11-12,999-16-4780,S99951907,X27128231X,Mr.,Tressa796,Walker324,,,M,white,irish,M,Amherst MA US,25195 Kreiger Orchard Suite 137 Duxbury MA 02332 US
9ba9c281-c25b-4d59-a9ff-62b31562e636,2010-01-04,,999-85-4196,,,,Virgie883,Bergstrom813,,,,asian,chinese,M,Wales MA US,992 Jodie Haven Suite 683 Weymouth MA 02190 US
5a473311-4fe2-4e73-90a0-4b49097bfbcf,1977-09-23,,999-63-1076,S99929035,X99339205X,Mrs.,Orie644,Kassulke631,,Pouros815,M,white,irish,F,Dennis MA US,10223 Morissette Camp Suite 621 Bridgewater MA 02324 US
66b09d80-3aa0-43e4-bfa4-96a35a517905,1939-02-02,2016-11-10,999-97-8952,S99911594,X87805891X,Mr.,Alison479,Prohaska228,,,S,white,french_canadian,M,Southwick MA US,91113 Jasen Island East Bridgewater MA 02333 US
e3d61b42-0326-4046-8a28-456280290223,1993-12-21,,999-36-4963,S99926397,false,Mr.,Crawford200,Mante943,,,,black,african,M,Peabody MA US,8016 Maybell Dale Suite 709 East Bridgewater MA 02333 US
6da62797-6b73-43e0-8cd4-d4239b91e507,1946-08-20,,999-42-2345,S99995932,false,Mrs.,Stewart467,Wuckert293,,King747,M,white,german,F,Athol MA US,66613 Arjun Crossing Suite 564 Brockton MA 02303 US
2207ad19-f17f-4a22-bcd0-7f1ae422a8ea,1986-07-20,,999-88-5287,S99990466,X20263912X,Mrs.,Beulah709,Schuster993,,Pagac831,M,white,irish,F,Kingston MA US,61556 Tiara Estate Duxbury MA 02332 US
a4b2ce05-700a-454d-8fb6-d50d856f3753,1989-01-19,,999-68-3618,S99921362,false,Mr.,Kristopher706,Kling953,,,M,white,irish,M,Boston MA US,4580 Deckow Isle Bridgewater MA 02325 US
823a2191-501f-43f3-9ed3-371ca0697ec3,1959-09-28,,999-83-6545,S99965329,false,Mrs.,Giovani207,Gerlach95,,Yundt612,M,white,american,F,Dudley MA US,2225 Clyde Summit Brockton MA 02304 US
3b6e520d-231e-4855-a520-75a47a8fef17,2006-04-19,,999-19-5126,,,,Deborah304,Reinger879,,,,white,irish,M,Waltham MA US,6820 Leonard Pike Suite 904 Quincy MA 02269 US
bd7e9a1e-2e9c-4b6c-9ac6-2a1163aa7b51,1997-11-28,,999-90-5999,S99970220,,Mr.,Virginia384,Stamm279,,,,white,american,M,Lowell MA US,984 Sporer Estate Apt. 735 Halifax MA 02338 US
f80b3438-8bea-4e90-bd81-da7efde41306,1987-01-06,,999-19-6395,S99987447,X56346084X,Mr.,Kaylin955,Schmeler79,,,S,white,russian,M,Boston MA US,9189 Delpha Station Halifax MA 02338 US
b1439b9b-5908-4dfc-8ac2-9f2a0310baba,2010-08-21,,999-18-3967,,,,Andrew395,Schoen119,,,,white,french,M,West Springfield Town MA US,5459 Prosacco Ways Weymouth MA 02191 US
181b3c40-c5bf-4095-8dd0-d23895508d7a,1955-06-02,,999-48-8946,S99986843,false,Mrs.,Rosalind390,Carter849,,Cormier933,M,white,english,F,Dracut MA US,9504 Ellen Common Hanover MA 02339 US
9e4e5b6c-43fc-4f89-9499-3f6a802f1949,1985-10-19,,999-23-3841,S99937939,false,Mr.,Marisol335,Bashirian129,,,M,white,portuguese,M,Fall River MA US,4020 Ewell Square Brockton MA 02301 US
eb109cfc-365b-4ede-83ec-4e10db861d08,2010-02-24,,999-56-6706,,,,Woodrow610,Donnelly502,,,,black,dominican,M,Quincy MA US,896 Haley Mountains Quincy MA 02269 US
303338ca-e62e-459f-b608-b9c57dfd9ac3,1964-08-25,,999-59-5139,S99923167,X59269875X,Mr.,Tiara724,Jacobs906,,,M,black,african,M,Hinsdale MA US,906 Verda Summit Hingham MA 02018 US
4ff65c18-9da9-4c85-896f-00bf2cbf49c0,1976-04-07,,999-26-7317,S99991619,X31144086X,Mrs.,Friedrich76,Bogisich844,,Friesen949,M,hispanic,puerto_rican,F,Leominster MA US,2248 Sipes Parkway Suite 404 Hanson MA 02341 US
6415cf3e-b796-47c4-bbe5-2c521f5634d9,1972-10-23,,999-51-3009,S99930061,false,Mr.,Lea840,Dietrich207,,,M,white,american,M,Northampton MA US,58352 Lang Valley Apt. 830 Hanover MA 02339 US
9b9adae4-ada8-41ed-9b10-d940438d97cb,1954-05-10,,999-28-7445,S99981127,false,Mr.,Donnie745,Smith847,,,M,black,african,M,Waltham MA US,133 Eunice Station Suite 736 Brockton MA 02302 US
2dea445c-4770-4282-aeae-080b52b0d036,1970-01-28,,999-94-7085,S99996462,false,Mrs.,Joany783,Bauch930,,Olson743,M,white,irish,F,Hanover MA US,4784 Bernadine Wall Hanson MA 02341 US
88acfc00-3a5b-4779-88e2-39e0e8d1f52a,1955-02-16,,999-28-9176,S99995143,false,Ms.,Justina640,Yundt612,,,S,white,american,F,Hingham MA US,610 Mireya Greens Suite 607 Hingham MA 02043 US
3c32d625-2ca7-4002-ac1f-09b5b5400396,1979-12-12,,999-93-3945,S99940824,X91507274X,Mrs.,Audreanne496,Langworth348,,Schneider787,M,white,english,F,Fall River MA US,647 Dustin Parkways Suite 950 Hanson MA 02341 US
0bad71d2-d756-4b79-b565-2417f651bb9b,1972-04-01,,999-39-4080,S99970398,X25011308X,Mr.,Silas250,Carroll658,,,M,hispanic,puerto_rican,M,Brookline MA US,3755 Osinski Mills Brockton MA 02303 US
93929e44-4a26-485f-87e5-343ad837d718,1933-06-23,,999-70-3798,S99970337,X46021058X,Mrs.,Montana297,Bergstrom813,,Dickens899,M,hispanic,mexican,F,Amherst MA US,79816 Mazie Spring Apt. 643 Hingham MA 02044 US
7eb22e0b-3260-467a-bfae-22a9071bacbf,1953-01-03,,999-21-5307,S99928179,X37304081X,Mr.,Name177,Dach132,,,M,hispanic,puerto_rican,M,Barre MA US,706 Goodwin Estate Brockton MA 02302 US
9f19d50e-6b0e-4ae3-afd9-98e98af91dfe,1986-05-08,,999-80-3536,S99937419,false,Mr.,Pearlie976,Larkin602,,,M,white,portuguese,M,Boston MA US,810 Milo Garden Brockton MA 02302 US
12daf984-a5ca-4611-a593-201c9c233d3f,1976-09-19,,999-97-8600,S99916298,X11021702X,Mrs.,Kayla484,Schaden136,,Pfannerstill41,M,white,irish,F,West Brookfield MA US,927 Keyon Gardens Apt. 181 Hingham MA 02043 US
e579b3f4-4b90-4e70-81c5-42e2ac12b70f,1997-04-09,,999-13-1117,S99917033,X40654377X,Ms.,Bert261,Romaguera219,,,,white,french,F,North Adams MA US,98843 Jacynthe Wells Hingham MA 02018 US
b48dab65-1e11-43a9-9a4a-84855a40610f,1962-12-03,,999-18-2364,S99957726,false,Mr.,Derick679,Lockman614,,,M,hispanic,puerto_rican,M,Boston MA US,130 VonRueden Turnpike Suite 707 Hingham MA 02044 US
84624efc-21fe-4bc8-86e4-ee0b02eff4b1,1957-12-19,,999-58-2034,S99980700,false,Mrs.,Rhiannon299,Medhurst372,,Mante943,M,white,irish,F,Boston MA US,9159 Bahringer Manor Suite 468 Kingston MA 02364 US
48b89416-eb8a-4115-934a-1d49d6390b93,1992-12-18,,999-83-1748,S99937945,false,Ms.,Sydnee912,Harvey961,,,,white,french,F,Granby MA US,7303 Rudy Way Hull MA 02045 US
650614b6-b7ba-4ef1-9cb0-0d2e6910f815,1990-01-31,,999-61-1211,S99997239,X52084273X,Mrs.,Marcelina870,Stroman864,,Doyle678,M,white,irish,F,Reading MA US,10870 Halvorson Route Apt. 528 Marion MA 02738 US
db69a52e-3b3e-4a46-a1d2-7a3d8afc7cdf,1985-11-06,,999-89-7941,S99915276,X14120664X,Mr.,Kylee76,Lowe886,,,S,white,irish,M,Cambridge MA US,200 Angeline Ways Hingham MA 02044 US
9147a840-ccf3-4177-bf01-ec71cd800725,1996-01-07,,999-41-3781,S99937380,false,Mr.,Emelie567,Reichel503,,,,white,irish,M,Boston MA US,910 Bethany Stravenue Marshfield MA 02050 US
a5391ea3-63a3-4761-a2d2-79716fe24138,1985-03-22,,999-99-7341,S99916222,false,Mrs.,Joel576,Mraz432,,Murazik235,M,hispanic,puerto_rican,F,Worcester MA US,53422 Kiehn Squares Suite 617 Marshfield MA 02050 US
649c8c7e-7a9d-4253-80e1-9d3bbea63a8a,2006-09-02,,999-14-1060,,,,Hayley521,Pfeffer477,,,,hispanic,puerto_rican,M,Boston MA US,731 Rempel Courts Apt. 806 Middleborough MA 02346 US
371cb310-7e57-481c-a712-2259efc66fb6,1954-10-17,,999-53-4166,S99973095,false,Ms.,Antonina21,Reichel503,,,S,white,irish,F,Springfield MA US,60311 Morissette Trail Middleborough MA 02349 US
0fa892a3-60fb-4e4a-bb61-0667af615342,1969-05-01,,999-86-7883,S99948144,false,Mr.,Evangeline317,Corwin850,,,M,black,african,M,Quincy MA US,18209 Dell Viaduct Apt. 226 Marshfield MA 02065 US
b589134e-6530-44da-b314-ddd7831a253d,1944-06-16,1993-01-25,999-23-5808,S99924540,X97775958X,Mr.,Nikki522,Bashirian129,,,M,white,irish,M,Lee MA US,262 Madelyn Fall Marshfield MA 02065 US
b9284b87-6d46-4fd9-a238-38aa4fae7d28,1994-12-29,,999-90-9784,S99958263,false,Mr.,Marcellus428,Fadel237,,,,white,american,M,Boston MA US,108 Beatty Cove Pembroke MA 02359 US
0088aba2-c617-415e-934b-58f4492b3586,1962-07-07,,999-65-3019,S99988985,false,Mr.,Marcellus428,Hayes297,,,M,white,irish,M,Hopkinton MA US,498 Strosin Mission Middleborough MA 02348 US
a755af6b-10fd-4d5a-a3ed-652419f055e1,2014-04-16,,999-45-8481,,,,Shanie964,Goodwin263,,,,white,irish,M,Lawrence MA US,428 Nader Villages Apt. 162 Middleborough MA 02348 US
8a7547ea-94a5-4a1a-b15c-573e7637f000,1988-10-12,,999-62-6764,S99910079,X86494231X,Ms.,Madisen30,Gibson528,,,S,black,dominican,F,Ipswich MA US,7017 Eileen Mission Brockton MA 02305 US
8b401a82-7b9f-4b8c-998d-6977cb782496,1982-08-01,,999-74-6966,S99950682,X19091122X,Mr.,Lester321,Boyer546,,,S,hispanic,puerto_rican,M,Medford MA US,118 Breitenberg Route Suite 213 Plymouth MA 02362 US
5e402cc4-649a-4e0c-98ad-c2efe0dc0c91,1995-03-14,,999-24-4562,S99966883,false,Ms.,Roslyn694,Walsh695,,,,white,irish,F,Boston MA US,919 Legros Fords Plymouth MA 02362 US
d28f9970-5307-40ae-911a-27887bf839ea,1976-09-10,,999-55-5216,S99923878,false,Mr.,Wilber386,Huel366,,,S,white,italian,M,Lynnfield MA US,9095 Runte Rapid Suite 748 Brockton MA 02305 US
8de2efdf-4872-4411-a8d0-7f10da3c9eb8,1983-10-06,,999-35-1291,S99939704,X75430650X,Mrs.,Joanne737,Corwin850,,Koch570,M,white,french,F,Danvers MA US,797 Lucious Forest Apt. 400 Plymouth MA 02360 US
b2322a4e-554f-4ade-a956-b4d60812f972,1924-08-18,1998-07-06,999-10-3467,S99955477,false,Mrs.,Bobbie527,Smith847,,Cole983,M,white,polish,F,Boston MA US,2765 Lindsay Highway Marshfield MA 02065 US
8a39c0ff-7a4a-4740-b99c-b3e3b72d48cf,1949-12-08,,999-94-9355,S99974493,false,Mrs.,Rory789,Wisozk385,,Treutel576,M,white,scottish,F,Chelsea MA US,9337 Kiehn Village Plymouth MA 02362 US
49dac546-3aef-4823-a651-d2e269a6796a,1992-05-17,,999-13-3066,S99984424,false,Mr.,Kira298,Wisoky878,,,,white,irish,M,Randolph MA US,48277 Corkery Springs Brockton MA 02303 US
335ef0ef-c6b7-4659-9ecc-df4477bc14f7,1949-11-26,,999-76-1925,S99970569,false,Mrs.,Frankie811,Lehner444,,Boehm152,M,white,german,F,Chicopee MA US,350 Pagac Mountain Apt. 765 Pembroke MA 02359 US
b803abd5-a61a-4c72-bd5e-dec2134df623,1992-07-04,,999-49-3863,S99937475,false,Ms.,Ayana875,Rath957,,,,white,italian,F,Boston MA US,33992 Jasen Brook Suite 681 Marshfield MA 02065 US
fded04a4-832e-4fe9-b1d6-ae5462fd645b,1937-05-16,2013-04-14,999-26-6110,S99936836,false,Mr.,Joshua552,Fadel237,,,S,white,irish,M,Arlington MA US,162 Timothy Square Suite 184 Middleborough MA 02348 US
711efe88-1668-4574-ba9a-62f74549c326,1935-05-17,,999-45-5819,S99950843,X79114808X,Ms.,Chelsea784,Heathcote725,,,S,white,scottish,F,Duxbury MA US,5714 Derek Turnpike Apt. 123 Marshfield MA 02050 US
8410a3e2-7cca-4185-8848-342f61c588d6,2006-10-23,,999-70-2411,,,,Lesly17,Rau904,,,,white,french,M,Springfield MA US,5929 Funk Islands Apt. 452 Marshfield MA 02065 US
e12677d9-0b1a-4fa6-a018-ed07667a57eb,1931-02-10,,999-58-4977,S99963633,false,Mrs.,Saige914,Fay910,,Kessler674,M,white,irish,F,Wakefield MA US,40547 Chelsea Walk Apt. 976 Middleborough MA 02346 US
c516be0d-014b-4f05-8434-1b2529c6066f,1957-03-09,,999-77-7165,S99965104,X48641599X,Mr.,Thora409,Haley553,,,S,white,english,M,Melrose MA US,494 Assunta Points Wareham MA 02571 US
b5b86e90-034a-4f0c-8ead-8e1ab82aa774,1944-11-22,2017-04-05,999-65-6540,S99921383,X41459399X,Mrs.,Marvin851,Emard123,,Roob929,M,white,portuguese,F,Oxford MA US,30953 Dach Extension Suite 233 Marshfield MA 02050 US
7007cca2-3354-4496-ab1e-98665d896a8a,1958-11-05,,999-84-2000,S99946132,false,Mrs.,Ezequiel909,Emmerich252,,Block261,M,white,french,F,Gloucester MA US,495 Justyn Mountain Wareham MA 02571 US
7f92dc3a-f57d-4f9f-b780-33bece03baa3,1998-09-22,,999-60-3657,S99942926,,Mr.,Allan744,Volkman639,,,,black,african,M,Revere MA US,6358 Telly Passage West Bridgewater MA 02379 US
3f7fffad-74f9-4181-a638-94380b57ae15,1945-10-01,,999-95-7643,S99917184,X79881318X,Mr.,Bryce495,Dare819,,,M,white,irish,M,Melrose MA US,2986 Hand Vista West Bridgewater MA 02379 US
d008f8c0-964d-4ab7-9b67-19c88d41d393,1964-04-07,,999-93-4028,S99949679,X91276603X,Mr.,Pearlie976,Gottlieb72,,,M,white,portuguese,M,Bedford MA US,152 Daniel Island Apt. 470 Scituate MA 02040 US
e8981617-1221-42ea-a1e3-88b6c8459f21,1962-07-06,,999-17-9350,S99931808,false,Mrs.,Troy823,Cartwright250,,Nolan207,M,white,german,F,Acushnet MA US,83629 Dietrich Camp Brockton MA 02301 US
40efe1fb-3f36-4738-8f3e-9483362d8fc6,1942-09-13,,999-31-1820,S99947958,X11716927X,Mr.,Erik313,Feil134,,,M,white,irish,M,Duxbury MA US,11844 Pacocha Turnpike Apt. 425 Plymouth MA 02362 US
a09d0ee4-043c-4cd3-8958-1de2df85c49c,1989-04-09,,999-79-5114,S99946779,X23218471X,Mr.,Joan776,Collier562,,,M,hispanic,puerto_rican,M,Boston MA US,4536 Cummings Manors Suite 113 Wareham MA 02571 US
3c46fa18-7d95-4bb0-ae92-d282ef4b8901,1988-01-16,,999-85-6623,S99947044,false,Mr.,Marcel745,Labadie734,,,M,black,dominican,M,Mashpee MA US,24548 Jaime Highway Apt. 596 West Bridgewater MA 02379 US
0ba9b7e9-e9ac-4cab-b51e-e0d5a94a8045,2011-01-05,,999-80-5950,,,,Bobbie527,Ritchie555,,,,white,irish,M,Brockton MA US,6942 Kreiger Expressway Wareham MA 02571 US
93bad850-cd94-4fb9-9a2b-5db1423f0add,1993-08-08,,999-36-4748,S99972555,false,Mr.,Tyrique33,Adams180,,,,black,dominican,M,Billerica MA US,58424 Ewell Mount Suite 346 Whitman MA 02382 US
3e3a6e5e-ec10-4c3d-a4fe-5461dd4a602f,1997-07-16,,999-23-2347,S99975075,,Ms.,Chanelle833,O'Keefe574,,,,white,german,F,Belchertown MA US,3128 Lesch Cliffs Apt. 230 Plymouth MA 02361 US
ad6419f4-7dbb-48a3-adf7-37cf5be74833,1976-02-20,,999-24-3109,S99925475,false,Mr.,Cyrus212,Walker324,,,S,white,irish,M,Amherst MA US,11464 Verdie Meadow Rockland MA 02370 US
edbffd52-c862-4da6-bd78-cc8541253303,1974-09-10,,999-36-7514,S99942305,X12610790X,Mr.,Mariane707,Windler822,,,S,white,swedish,M,Boston MA US,81443 Brian Overpass Suite 895 Plymouth MA 02361 US
a3f242dd-052c-44ae-9cf7-41e583db1017,1965-03-16,2016-09-20,999-84-8449,S99944546,X27538376X,Mrs.,Howell391,Littel446,,Weimann43,M,white,french_canadian,F,Falmouth MA US,759 Amber Meadows Suite 430 Wareham MA 02571 US
ac3de437-ca77-4138-b461-b59482e19717,2011-11-30,,999-44-7149,,,,Terry768,Kuhic851,,,,asian,chinese,F,Seekonk MA US,7558 Isaiah Way Chelsea MA 02150 US
c83e9c67-6c30-4ec0-b00d-4a9352ca0164,1995-02-28,,999-16-6252,S99967020,false,Ms.,Marcelino780,Lockman614,,,,black,west_indian,F,Beverly MA US,33664 Schuster Lodge Chelsea MA 02150 US
72ac21f6-1c2a-4107-a62b-e996d6282a38,1950-04-06,,999-69-7626,S99969607,X98713098X,Mr.,Sam18,Grimes456,,,M,black,dominican,M,Revere MA US,23695 Milo Loaf Plymouth MA 02360 US
41183e6f-927c-4a08-8667-f47fa6ec045c,1985-06-18,,999-21-6476,S99982184,false,Mrs.,Lavern389,Swift777,,Okuneva503,M,black,dominican,F,Ludlow MA US,180 Devonte Brooks Apt. 685 Boston MA 02284 US
616c9197-170e-47b0-8a84-2a7c61b7eb8d,1966-05-21,,999-18-6862,S99929952,false,Mrs.,Arthur402,Ankunding471,,Reilly602,M,white,english,F,Brookline MA US,4750 Kreiger Neck Apt. 769 Plymouth MA 02361 US
d7a82040-7ac5-48af-9b8a-31e3080269a6,1955-06-04,,999-53-6801,S99911089,false,Mr.,Arno810,Frami871,,,S,white,french,M,Monson MA US,5701 Boyer Haven Whitman MA 02382 US
ba2d6772-01aa-4ab2-ad84-b9a02c52f1e9,1983-02-21,,999-36-8259,S99919649,false,Mrs.,Angeline315,Borer438,,Mills225,M,white,irish,F,Northampton MA US,252 Aiden Pike Winthrop MA 02152 US
10313157-2863-4a0e-97e6-84c47d5803fd,1979-05-03,,999-40-8206,S99934001,false,Mrs.,Fabiola76,Murazik235,,Cassin602,M,white,french,F,North Adams MA US,258 Willy Skyway Ashburnham MA 01430 US
96d5ff28-d218-47fa-a57a-3b2b87e8beb0,1996-07-12,,999-17-1088,S99970177,false,Ms.,Claudine885,Bins978,,,,white,italian,F,Chelmsford MA US,23360 Klocko Extension Ashburnham MA 01430 US
8ad0cd3a-1a55-49b4-9488-cdacefb7cfd2,1949-12-18,1978-03-26,999-77-1786,S99932541,false,Mr.,Solon724,Murazik235,,,M,hispanic,puerto_rican,M,Everett MA US,73822 Madge Plains Apt. 138 Revere MA 02151 US
6331a54b-cafc-4655-99fb-288da2621584,1974-01-16,,999-85-9945,S99972414,X89225530X,Mrs.,Ayden247,Kilback494,,Purdy145,M,asian,chinese,F,Newburyport MA US,2075 Aisha Station Chelsea MA 02150 US
2fdc3802-a3ec-4706-846c-1f2a38f2c352,1967-03-15,,999-13-2466,S99937644,X61413489X,Mrs.,Violet394,Lehner444,,Schumm367,M,white,english,F,Acushnet MA US,3499 Jaskolski Dale Apt. 225 Winthrop MA 02152 US
62afd17f-88b0-4c37-b9bd-253a1432fded,1994-12-15,,999-67-2738,S99951176,false,Ms.,Ryder693,Nicolas801,,,,white,italian,F,Salem MA US,416 Malika Plain Apt. 474 Plymouth MA 02360 US
c4dd400e-ccae-4b24-ab36-1410213c6386,2001-05-25,,999-42-3807,S99971901,,,Lucius452,Hilpert863,,,,hispanic,puerto_rican,F,Hull MA US,28831 Dominique View Revere MA 02151 US
6b70321a-7c84-4e96-b5bb-e64307919a7b,1975-12-17,,999-98-1671,S99946195,false,Mr.,Makenzie492,Smitham705,,,M,white,german,M,Sudbury MA US,8072 Weissnat Plaza Apt. 832 Auburn MA 01501 US
c432ec4f-b491-404a-b67f-bb1e9e0ab37b,1948-03-28,2015-02-22,999-97-3749,S99946927,false,Mrs.,Kale22,Schulist336,,Mayert381,M,white,irish,F,Springfield MA US,539 Hessel Ramp Boston MA 02199 US
7d0d816c-6b5f-41a1-bfbe-e1aa91e71c06,1981-05-15,,999-94-9330,S99994648,X36573838X,Mrs.,Rebeca350,Beatty236,,Parisian795,M,white,french_canadian,F,Mashpee MA US,321 Devin Station Apt. 279 Auburn MA 01501 US
3571821d-c33c-4e32-ad6a-936ce801c6e8,1944-05-16,,999-87-7737,S99970671,false,Mrs.,Idella275,Kertzmann752,,Sanford945,M,white,french,F,Boston MA US,65329 Darby Lock Athol MA 01331 US
00ccd907-9940-436b-8ddc-8930b47e57e8,2012-04-07,,999-77-4683,,,,Amparo640,Corwin850,,,,hispanic,puerto_rican,F,Swansea MA US,13009 Abshire Greens Apt. 328 Boston MA 02293 US
2fdd466d-2d7a-4c65-92e4-5ba9b0d007f0,1990-04-23,,999-85-5731,S99910320,X88379334X,Mrs.,Orville890,Wolf566,,Marvin851,M,white,american,F,Dover MA US,3730 Hills Lodge Boston MA 02119 US
acd69b88-0675-47f8-b227-4b3b3a273b94,1984-07-17,,999-75-5959,S99959454,false,Mrs.,Everardo775,McGlynn211,,Corkery325,M,white,irish,F,Haverhill MA US,34340 Waelchi Stream Chelsea MA 02150 US
a2a4ca3a-fe1a-4ccf-9bec-b8905e6a278b,1958-12-08,,999-70-8939,S99981573,X69805696X,Mrs.,Vita344,Lemke797,JD,Krajcik227,M,white,irish,F,Burlington MA US,2938 Jones Mountains Suite 948 Auburn MA 01501 US
0344cd9f-3419-4354-89b6-527d8b5c393b,1974-02-12,,999-77-2553,S99936974,X42579530X,Ms.,Maximillian374,Sawayn872,,,S,black,dominican,F,Swansea MA US,85162 Evans Lane Apt. 467 Auburn MA 01501 US
bdaa1515-ced6-4b6a-a2ee-7cd74aa3f5ce,1957-05-22,,999-20-3755,S99997876,false,Mr.,Hayden552,Kuphal267,,,M,white,french,M,Attleboro MA US,83955 Flossie Shores Suite 792 Barre MA 01005 US
9f26c7f6-212f-4fa4-bfd8-0af1b0cb00c6,1958-11-20,,999-75-6865,S99938048,false,Mr.,Vernice964,Terry768,,,M,white,german,M,Fall River MA US,86403 Aliya Park Apt. 648 Auburn MA 01501 US
c144b01e-ce36-4bbe-8e40-3dcab3c08575,1994-01-04,,999-29-5622,S99993481,false,Ms.,Whitney235,Kling953,,,,black,african,F,North Reading MA US,684 Alba Course Suite 406 Boston MA 02108 US
27cd7f49-395d-4f16-89ec-b03988191983,2011-10-14,,999-68-4839,,,,Victor385,D'Amore653,,,,white,italian,M,Methuen Town MA US,896 Reginald Ford Bolton MA 01740 US
4a0328b3-21ee-442f-974b-721d2cb782ec,1976-09-30,,999-33-9420,S99987758,X96255577X,Mrs.,Margarete478,Ward255,,Rohan6,M,white,polish,F,Worcester MA US,139 Maggio Haven Suite 365 Boston MA 02204 US
a0c255cf-ef7c-406a-8cec-f9b3ba646445,1977-10-15,,999-20-7704,S99939359,false,Mrs.,Albina686,Will523,,Funk679,M,white,german,F,Haverhill MA US,31625 Balistreri Underpass Boston MA 02204 US
7a6d2d85-2b59-4213-a9ad-1edda5f7bb8a,1930-10-29,1960-09-22,999-41-8712,S99940413,false,Ms.,Liliane367,Tromp639,,,S,white,english,F,Billerica MA US,89591 Sipes Drives Charlton MA 01507 US
e8edab52-d291-4ca6-880b-873ff086fdf2,1971-06-29,,999-15-4690,S99952688,false,Mr.,Anissa110,Russel945,,,M,hispanic,puerto_rican,M,Southwick MA US,787 Wehner Expressway Boston MA 02127 US
733bd28e-f4fa-4cf1-b903-43fb1a6a45ca,1949-04-25,2016-07-04,999-97-1629,S99972267,false,Mrs.,Jeromy285,Cassin602,,Bergnaum210,M,asian,asian_indian,F,Boston MA US,700 Goyette Manors Apt. 410 Boston MA 02134 US
ac138ffc-c1f7-4033-bc17-50fa141d129c,1982-06-22,,999-49-5675,S99968045,X81576995X,Mrs.,Cydney115,Crona311,,Nikolaus121,M,white,irish,F,Gloucester MA US,1089 Alfonso Parkways Apt. 495 Clinton MA 01510 US
6005536f-4a8f-4d7c-8e07-d6febba68b6a,1974-11-19,,999-48-5574,S99958156,false,Mr.,Aliya67,Borer438,,,M,white,american,M,Holyoke MA US,341 Hobart Fall Douglas MA 01516 US
5fa91450-1091-48c2-9876-da846a6ed717,1999-03-12,,999-71-2588,S99916252,,Ms.,Magali376,Donnelly502,,,,white,portuguese,F,Fall River MA US,6140 Kulas River Dudley MA 01571 US
41504672-3fc5-424f-8446-8ec70a73a0ae,1957-06-25,,999-38-1637,S99998639,false,Mrs.,Jeramy190,Zulauf284,,Cartwright250,M,hispanic,central_american,F,Lawrence MA US,5718 Daugherty Crossing Suite 198 Douglas MA 01516 US
eb9cbcde-a3f0-464c-8c31-b9834dc715f4,2013-01-19,,999-76-4985,,,,Dudley127,Orn984,,,,white,polish,F,North Attleborough MA US,189 Schuster Springs Charlton MA 01507 US
98ca5b01-4d79-4563-9e49-472c8dddcbbf,1953-02-20,,999-20-4114,S99919401,X45944000X,Mr.,Lulu803,Mann540,,,M,white,american,M,Boston MA US,293 Schuppe Locks Charlton MA 01507 US
c28ac8dd-22f6-421c-9ec7-c09981a5a06d,1957-08-03,,999-49-5627,S99929368,X22721400X,Mr.,Amir546,Funk679,,,M,white,polish,M,Hingham MA US,782 Weimann Throughway Apt. 348 Charlton MA 01507 US
1caec3b6-8f66-476c-971d-706c761dac78,1944-11-09,,999-76-1104,S99967332,X71787497X,Mr.,Enola666,Lubowitz329,,,M,asian,chinese,M,Weymouth Town MA US,2909 Misael Manors Dudley MA 01571 US
83c2e4cc-dd7b-46b3-b453-e723b8ce7069,2003-03-01,,999-21-7535,,,,Providenci155,Collins869,,,,white,irish,F,Saugus MA US,6503 Brycen Port Dudley MA 01571 US
83956800-3b72-4e6e-885f-c0b78d337dba,1989-04-01,,999-43-1042,S99977538,false,Mrs.,Jazlyn951,Dare819,,Stamm279,M,white,irish,F,Chelsea MA US,44468 Von Ramp Boston MA 02136 US
d734f397-5351-4f4f-807d-395c549758c1,1987-10-14,,999-19-3344,S99923841,false,Mrs.,Shany508,Gusikowski964,,Corkery325,M,white,english,F,Middleborough MA US,369 Jeanne Burgs Boston MA 02135 US
d65084de-4025-4659-9cf8-5b9cb8e4f143,1956-10-21,,999-64-4186,S99919150,X57783667X,Mrs.,Jaleel162,Schimmel523,,O'Hara796,M,white,italian,F,Boston MA US,977 Melyssa Divide Apt. 241 Gardner MA 01440 US
b22ede02-2593-4d81-b5b0-32a0b642cdd9,1960-09-29,,999-91-2606,S99969338,X44197873X,Ms.,Martina4,Morissette909,,,S,white,italian,F,Dighton MA US,8979 Muhammad Inlet Apt. 167 Hardwick MA 01037 US
3b6aa432-711d-4737-80ed-b5aacafe9d4d,1993-06-28,,999-31-3809,S99917083,X40230070X,Mr.,Chad648,Franecki287,,,,white,irish,M,Cambridge MA US,453 Smith Garden Harvard MA 01451 US
d195de5e-4e7e-4994-8840-099196948ebb,1976-01-30,,999-95-4222,S99920632,X91236530X,Mr.,Michale848,Kozey657,,,M,white,irish,M,Taunton MA US,476 Peggie Crossroad Harvard MA 01451 US
ba1c5287-8c6e-4973-9f09-a5d4b63aff23,1949-05-09,2014-05-01,999-56-6823,S99929128,false,Mrs.,Wendell39,Dare819,,Bernier680,M,white,french,F,Natick MA US,7426 Ismael Valley Harvard MA 01451 US
4e5c90ac-1193-46e1-aba4-8fd321446047,2015-10-21,,999-26-1035,,,,Willow797,Kassulke631,,,,white,irish,F,New Bedford MA US,6324 O'Connell Motorway Holden MA 01520 US
0424253c-3b96-4082-a9f4-3bb5ed686d19,2005-01-25,,999-76-8883,,,,Quinten402,Johnson303,,,,white,swedish,M,Canton MA US,5044 Gleason Mission Fitchburg MA 01420 US
daef8151-5e16-4a24-845b-8af7e2170597,1964-11-16,,999-74-9302,S99949168,false,Ms.,Nellie142,Labadie734,,,S,white,italian,F,Royalston MA US,371 Euna Oval Fitchburg MA 01420 US
b75e102f-2049-41fd-868d-8f57871d2f8d,1981-07-24,,999-89-7222,S99987810,X59384069X,Mr.,Bret906,Boyle761,,,M,white,german,M,Boston MA US,5330 Keshawn Expressway Hopedale MA 01747 US
16cd10d5-a11a-4284-96e0-f4b35b6ede8a,1990-10-06,2010-04-24,999-90-9810,S99967002,,Ms.,Felipe217,Streich664,,,,white,german,F,Grafton MA US,3927 King Trace Apt. 380 Gardner MA 01440 US
9368c519-4888-4c9b-8157-4a9f6bf820f2,1983-05-29,,999-40-6275,S99940621,X34142078X,Ms.,Jeromy285,Brakus830,,,S,black,west_indian,F,Springfield MA US,441 Yolanda Squares Suite 388 Boston MA 02114 US
c0852b74-0fd6-4d3d-86eb-eee44ac4a59f,2007-03-09,,999-65-6517,,,,Alex298,Kris701,,,,white,english,M,Millbury MA US,3733 Lowe Via Apt. 970 Gardner MA 01440 US
9c7f2959-280d-46e7-b4e5-80bd0d70db6e,1958-05-02,,999-43-2641,S99934045,X13836498X,Mrs.,Ozzie943,Mitchell717,,Hermiston486,M,white,italian,F,Boston MA US,1236 Koelpin Street Lancaster MA 01523 US
ba0feb19-9232-4141-af3a-6526f2434feb,1993-11-22,,999-56-9462,S99996070,false,Mr.,Marlen232,Bradtke68,,,,black,dominican,M,Worcester MA US,21097 Derrick Light Apt. 679 Boston MA 02117 US
11f8b228-a28c-4ad9-b22e-18094f2f5fbb,2006-11-04,,999-96-8918,,,,Jacquelyn184,Spinka682,,,,white,scottish,M,Norwell MA US,79571 Britney Cliff Leicester MA 01524 US
7c61b5df-079d-4e52-829b-514296694aa8,1979-03-02,,999-80-7483,S99943876,false,Mr.,Elmo913,Romaguera219,,,M,white,french_canadian,M,Fall River MA US,62959 Adonis Orchard Holden MA 01520 US
6958de61-9985-44fa-80e9-836cac66b3e4,1936-05-10,,999-88-4456,S99953347,X71439849X,Mrs.,Freddy111,Mueller682,,Watsica156,M,hispanic,puerto_rican,F,North Andover MA US,3963 Harris Green Apt. 117 Boston MA 02108 US
2de8ccee-3ceb-4b54-b536-7f772865f810,2011-02-16,,999-92-1014,,,,Allan744,Beahan56,,,,black,african,F,Everett MA US,771 Wilkinson Groves Apt. 307 Holden MA 01520 US
eb93abcf-749b-4f76-88cc-b128ceed1dcd,1955-11-26,,999-46-6794,S99982379,false,Mr.,Casandra667,Leannon102,,,S,white,italian,M,Boston MA US,79491 Ursula Hill Leominster MA 01453 US
7e180b02-de5a-4618-bee4-fd482ece602f,2005-03-29,,999-72-1114,,,,Virgil443,Erdman844,,,,white,english,M,Methuen Town MA US,87068 Kayli Ville Lunenburg MA 01462 US
86c36a01-24eb-4522-9be9-0e22fe889b47,1954-03-31,,999-42-4897,S99978144,false,Mrs.,Eryn243,Kris701,,Kemmer31,M,white,german,F,Newton MA US,1857 Brown Plains Lunenburg MA 01462 US
0b00ed42-4a27-487e-8baf-9e756a23a882,1932-08-18,1979-08-02,999-44-3400,S99949243,false,Mrs.,Ed98,Windler822,,Kozey657,M,white,french_canadian,F,Leominster MA US,4947 Bulah Mountains Suite 433 Lunenburg MA 01462 US
3cf7bcab-d3ae-4acd-b2d8-ecf788297247,1986-02-20,,999-65-4105,S99927509,false,Mr.,Julius339,DuBuque399,,,M,black,dominican,M,Westminster MA US,4921 Suzanne Inlet Suite 211 Boston MA 02116 US
d90fdc30-3edb-420b-8335-997b652a0506,1943-11-22,,999-50-8137,S99985450,X96884016X,Mrs.,Lura250,Mohr546,,Reilly602,M,white,american,F,Scituate MA US,52161 Maci Trail Apt. 631 Fitchburg MA 01420 US
c0b1b2c3-d74c-45c4-a829-c029b7e3417b,1949-07-14,1996-10-12,999-78-9597,S99912326,X41605827X,Mr.,Dane635,Schuppe795,,,S,white,english,M,Burlington MA US,836 Aliyah Cape Leominster MA 01453 US
9cf20da7-7031-4ba6-8927-de0737e2be58,1978-01-21,,999-84-2376,S99957269,false,Mr.,Gayle297,Bergnaum210,,,M,white,french_canadian,M,Hanson MA US,62161 Ora Cliff Millbury MA 01527 US
e546cc11-31d7-4d49-8a06-44bb44c3c628,1994-08-03,,999-65-2383,S99922083,X22811986X,Ms.,Henderson650,Little419,,,,white,french,F,Foxborough MA US,9400 Damion Courts Suite 486 Millbury MA 01586 US
7b6cd422-d243-4333-9d31-a33844df4503,1963-09-07,,999-52-2487,S99975674,X99286681X,Mr.,Samara373,Cronin520,,,M,white,german,M,Easton MA US,57615 Bogan Inlet Fitchburg MA 01420 US
95f649c7-9ed2-471b-997a-3f0f12d3e9de,1983-05-17,,999-51-8303,S99957461,false,Mr.,Lance370,Emard123,,,S,white,russian,M,Boston MA US,65650 Jamie Terrace Leominster MA 01453 US
56838e3e-bf99-4d37-aa44-fcd6d5626a4c,1970-07-15,2013-05-08,999-22-3111,S99992034,false,Mr.,Adan559,Cronin520,,,M,black,dominican,M,Boston MA US,49130 Tyra Lodge Boston MA 02125 US
df2ca631-f8f9-4f09-b9b3-bb2e38c29644,2009-05-13,,999-24-9437,,,,Elva206,Hamill808,,,,white,polish,F,Plymouth MA US,84734 Daisy Street Apt. 797 Leominster MA 01453 US
a4ae38fe-38c1-4a24-817b-f3bee0b91b63,1952-05-11,,999-28-8329,S99994303,false,Mrs.,Flossie2,Tremblay288,,Deckow187,M,hispanic,mexican,F,Randolph MA US,30194 Blick Common Millbury MA 01586 US
d55b4774-65ab-45f7-b6ff-8ad5edf3b306,1944-04-01,,999-23-7785,S99980596,false,Mr.,Leta203,Walter251,,,M,white,italian,M,Chelsea MA US,72767 Missouri Springs Milford MA 01757 US
6b4f45e5-b23a-4250-8e32-9591782c2c9a,2005-07-25,,999-95-1684,,,,Eleonore174,Ruecker265,,,,white,irish,M,Dartmouth MA US,4649 Deven Bridge Suite 300 Leominster MA 01453 US
d6a5bfd8-487f-4f8e-b172-5d9395b74741,2014-02-25,,999-10-6144,,,,Kiera308,Durgan203,,,,white,irish,F,Belmont MA US,5256 Hoppe Camp Milford MA 01757 US
ab0b18f4-7900-4867-848b-90201dd67ef9,1965-06-28,,999-28-5956,S99988378,false,Mr.,Devin788,Hills743,,,S,white,italian,M,Danvers MA US,196 Mosciski Squares Apt. 217 Northborough MA 01532 US
2d84ff71-2150-4958-8b77-6b78dcd62a27,1978-12-24,,999-13-4968,S99979574,X12912523X,Mrs.,Rubie769,Lockman614,,Bailey579,M,hispanic,puerto_rican,F,Taunton MA US,10838 Herminia Trail Leominster MA 01453 US
89b40e88-59a5-4311-81b2-297c9ac2366e,1957-08-01,,999-83-5259,S99920283,X39756799X,Ms.,Lacey719,Dietrich207,,,S,white,english,F,Plymouth MA US,82554 Murphy Trafficway New Braintree MA 01531 US
41a2bd45-0255-4b86-ab95-ce77d3e1f114,1950-01-31,,999-66-8192,S99997784,X40304660X,Mrs.,Titus424,Stanton789,,Rosenbaum848,M,white,irish,F,Quincy MA US,690 Franecki Trafficway Milford MA 01757 US
a6d55d94-b981-454f-8b52-dd2aed6999d2,1996-05-12,,999-95-6906,S99943080,false,Ms.,Mozell164,Predovic168,,,,white,irish,F,Tewksbury MA US,2147 Marlon Gardens Leominster MA 01453 US
4f4238cd-e4af-4615-89f4-ca498ac2a9e9,1972-05-26,,999-53-6754,S99930773,false,Mrs.,Garret531,Hoppe300,,Kozey657,M,white,german,F,Beverly MA US,712 Fahey Forks Northbridge MA 01534 US
663edd45-92cf-4520-b8c4-541959386722,1979-12-05,,999-30-1799,S99998715,false,Mr.,Princess571,Hessel662,,,M,hispanic,central_american,M,Dracut MA US,42862 Hertha Parkways Apt. 513 Northbridge MA 01534 US
e470e93e-3222-4ae9-bef9-dd8e698ccf63,1988-01-26,,999-48-7025,S99925897,false,Mrs.,Shaun604,Watsica156,,Hauck878,M,white,french_canadian,F,Pepperell MA US,88158 Fiona Ferry Suite 718 Northbridge MA 01534 US
871fafca-0b30-4328-bdc5-6978acbde2c1,1941-12-01,,999-78-6688,S99991038,X88660728X,Mr.,Dion597,Runolfsdottir352,,,S,white,italian,M,Somerset MA US,185 Lemke Square Apt. 714 Leominster MA 01453 US
0d15283f-3c15-41e0-a812-4e9101952e8b,1929-05-17,1940-12-06,999-83-1558,,,,Gabriella312,Batz332,,,,white,irish,M,Beverly MA US,12325 Torphy Forge Milford MA 01757 US
43ac543a-ac81-42c6-8dda-5472c934fb39,1996-01-23,,999-15-5877,S99995699,X13649953X,Mr.,Shawn327,Marvin851,,,,white,english,M,Brockton MA US,49678 Heidenreich Mews North Brookfield MA 01535 US
cb23e738-3959-4abb-8bb8-1d0150723a34,1964-02-18,,999-18-6151,S99955444,false,Ms.,Elliot965,Reilly602,,,S,black,dominican,F,Grafton MA US,155 Sid Square North Brookfield MA 01535 US
4494714c-5d90-41fe-b275-da5d99ed9f4b,1976-09-01,,999-64-3061,S99929602,X36694440X,Mr.,Mortimer734,O'Keefe574,,,M,white,german,M,Haverhill MA US,96905 Noah Ville Apt. 677 Boston MA 02205 US
3991aa11-edf5-42b4-b4ff-d8d05e316556,1959-10-23,,999-70-6612,S99972025,false,Mrs.,Abbigail144,Walter251,,Rutherford110,M,white,irish,F,Chicopee MA US,653 Isobel Locks North Brookfield MA 01535 US
dedd0e22-1fcf-4f30-8181-ee90cff8b593,1985-08-08,,999-70-7574,S99926034,false,Ms.,Orrin736,Auer76,,,S,black,dominican,F,Watertown Town MA US,20397 Taurean Mills Apt. 941 Princeton MA 01541 US
071d42b9-c6cd-4e48-a400-d5a7d27b1501,1912-09-23,1988-01-26,999-50-7019,S99951013,X74856098X,Mr.,Zoe83,Welch327,,,M,white,russian,M,Brookline MA US,34198 Felicita Road Princeton MA 01541 US
efcd157b-fb6a-4776-86aa-e956f0fd69de,1976-03-02,,999-95-9228,S99924717,false,Mrs.,Aiden975,Wunsch254,,Parisian795,M,white,french_canadian,F,Rockport MA US,162 Connelly Burg Boston MA 02124 US
d497a3ee-1d72-4554-934f-dfc1d87938bc,2011-06-11,,999-61-7327,,,,Meagan42,Lesch922,,,,black,dominican,M,Dracut MA US,3599 Charlotte Highway Southborough MA 01772 US
2f07e4c7-c5a8-4194-91b0-bd06a920cc7b,1992-03-08,,999-80-9796,S99951343,X81175909X,Mr.,Clementina923,Armstrong275,,,,white,french,M,Plymouth MA US,37028 Mireya Spur Suite 957 Rutland MA 01543 US
fa3b9527-c0e3-4609-a01a-2bab747ed99e,1953-01-09,,999-35-8135,S99973000,X64751645X,Mrs.,Austin244,Maggio705,,Heathcote725,M,hispanic,puerto_rican,F,New Bedford MA US,734 Mckenna Wall Apt. 873 Southbridge MA 01550 US
7940db62-d4d5-4663-88fd-efd3379bd29c,2001-06-28,,999-28-1176,,,,Mallie953,Stamm279,,,,black,african,M,Natick MA US,3149 Adela Crossroad Suite 492 Boston MA 02212 US
072b7f4d-c483-40de-8dee-c94eb1f66e4b,1928-10-07,,999-70-9747,S99989785,false,Mrs.,Jamaal789,Crona311,,Morar586,M,white,polish,F,Lunenburg MA US,731 Lowe Vista Suite 694 Southbridge MA 01550 US
8821cc2d-f414-45a1-aa5e-d8501963cffb,2012-04-11,,999-97-2361,,,,Torrance13,Von395,,,,white,italian,M,Billerica MA US,678 Schmitt Brooks Suite 707 Southbridge MA 01550 US
867fc9d5-45c8-40a9-a70f-25749dffa098,1937-11-06,,999-92-3463,S99991692,false,Mrs.,Orie644,Hermiston486,,Lang840,M,white,italian,F,Chelsea MA US,3822 Abner Ridge Suite 201 Boston MA 02113 US
59b79a2d-6219-4581-affd-504f3915cc73,1983-10-04,,999-57-3178,S99992160,X37990148X,Mrs.,Monique286,Volkman639,,Reynolds922,M,white,english,F,Westborough MA US,55509 Ernestina Light Suite 199 Boston MA 02163 US
8ddc83a4-a499-47a5-9298-f4d151e009ed,1953-08-26,,999-20-4220,S99961073,X77229251X,Ms.,Loraine80,Kunde709,,,S,white,german,F,Cambridge MA US,14152 Melvina Lane Shrewsbury MA 01546 US
3c417204-07c0-49d0-8741-909593a543c6,1978-02-06,,999-98-3127,S99968516,X10114995X,Mrs.,Garry249,Crooks128,,Kris701,M,black,dominican,F,Methuen Town MA US,545 Hirthe Parks Boston MA 02163 US
8153963a-9907-4382-b415-2e414af9fae4,1976-03-20,,999-40-3241,S99957155,X97591911X,Mr.,Fern712,Medhurst372,,,M,hispanic,puerto_rican,M,Springfield MA US,68565 Cassidy Mountains Sterling MA 01564 US
a03b47c4-a72a-4f08-8326-b7d435a97034,1986-10-28,,999-33-7478,S99943237,false,Mr.,Julio14,Kreiger23,,,S,black,dominican,M,Chicopee MA US,4939 Swift Fall Boston MA 02110 US
c3e183d1-8407-451d-ae51-a9ed8e1bbb87,1918-12-07,2006-03-06,999-26-8406,S99999929,false,Mr.,Lelia643,Funk679,,,M,asian,asian_indian,M,Lakeville MA US,26618 Predovic Camp Sturbridge MA 01518 US
5e88212f-8fb5-4dad-a6f0-e7643546b580,2012-09-08,,999-87-9971,,,,Jalen610,Schaden136,,,,white,irish,M,Scituate MA US,7036 Rowe Inlet Shrewsbury MA 01546 US
1c407865-88e2-4e22-921b-ac8dabde0c3e,1997-03-27,,999-54-3293,S99963126,X42791303X,Ms.,Schuyler18,Pouros815,,,,asian,asian_indian,F,Townsend MA US,1544 Kaylee Isle Apt. 480 Sutton MA 01590 US
9c40830e-d0ba-4ebc-9a02-e4d404427e6d,2010-06-21,,999-72-2526,,,,Joseph975,Dooley862,,,,white,german,F,Beverly MA US,816 Leann Crest Apt. 786 Boston MA 02283 US
2814a3fa-4612-449b-8e00-d6570091c3e0,1968-12-30,,999-66-5312,S99937733,X24904332X,Mr.,Whitney235,Metz823,,,M,white,german,M,Northampton MA US,511 Johns Points Westborough MA 01581 US
c29a76dc-7040-4535-a07b-cc7199cf84ae,1963-04-28,,999-93-7418,S99971262,X48050316X,Ms.,Ewell100,Bosco441,,,S,white,italian,F,Chelsea MA US,485 Theo Estates Suite 849 Shrewsbury MA 01545 US
d3b1611f-febc-4137-9521-1a842338dbcb,1966-05-29,,999-79-1555,S99958982,X53430329X,Mr.,Gail261,Lemke797,,,M,white,english,M,Boston MA US,2501 Schneider Road Suite 371 Westborough MA 01581 US
83322816-65c2-4788-bbff-bba7156946d2,1962-05-26,,999-11-3267,S99948903,false,Mrs.,Terrell272,Heller630,,Cassin602,M,white,swedish,F,Lynnfield MA US,861 Reinger Hollow Suite 203 Boston MA 02196 US
2c6e91b7-bb67-404d-9a3f-39ee121c0a8e,1942-03-11,1998-03-23,999-81-7533,S99920692,false,Mrs.,Floy569,Emmerich252,,Wisozk385,M,white,irish,F,Rockland MA US,29668 Karolann Lane Westborough MA 01581 US
d6c08c0e-1dfe-4870-812c-66d4c88991c8,1984-04-13,,999-98-8018,S99976166,X22173689X,Ms.,Susana166,Morissette909,,,S,black,african,F,Dracut MA US,1416 Bailey Glen Westborough MA 01581 US
c27955d7-5469-4b51-aec1-71de192fb15a,1937-09-09,,999-60-4962,S99932989,X67363585X,Ms.,Kali471,Larson691,,,S,hispanic,puerto_rican,F,Sherborn MA US,6524 Dicki Heights Apt. 717 Webster MA 01570 US
bc10009a-8714-41da-87f8-4150aaf2ffc0,1959-12-28,,999-72-5633,S99931553,false,Mrs.,Edd3,Green619,,Kulas605,M,white,scottish,F,Amesbury Town MA US,94774 Elmo Plaza Apt. 199 Westborough MA 01581 US
e5a0f088-82a5-447c-8d54-759bfe4d4b6d,1983-06-29,,999-71-1427,S99924813,false,Mrs.,Hans730,Bashirian129,,Kris701,M,white,italian,F,Springfield MA US,22057 Christopher Shores Apt. 237 Boston MA 02119 US
caf1771d-0a58-4f1e-b99a-538ccdba4b09,1979-06-18,,999-28-4507,S99963895,X34876387X,Mr.,Beulah709,Gibson528,,,M,white,scottish,M,Somerset MA US,818 Little Lights Shrewsbury MA 01545 US
267c1c25-a103-4456-84eb-dec4a316bf39,1956-10-12,,999-66-9118,S99998504,X37224605X,Ms.,Ben955,Lind470,,,S,white,portuguese,F,Framingham MA US,28848 Champlin Passage Shrewsbury MA 01545 US
55659754-af41-4cfb-9cc5-3fcae9542be0,1979-06-22,,999-71-5617,S99912051,X39535922X,Mrs.,Veda708,Kautzer530,,Doyle678,M,white,polish,F,Salisbury MA US,67298 Cornelius Lodge Suite 128 Shrewsbury MA 01545 US
5fd76cf7-3ddd-4527-9f83-87d62adf0f70,1939-03-02,1992-03-04,999-77-6930,S99939501,X70452391X,Mr.,Nettie123,Bode551,,,M,asian,chinese,M,Salem MA US,4068 Odie Lodge Westminster MA 01473 US
2135e860-0619-4c98-a919-1962965fedcc,1960-02-11,2014-10-24,999-59-6122,S99915657,false,Mr.,Hassan268,Hegmann501,,,S,white,german,M,Shrewsbury MA US,30715 Von Path Boston MA 02241 US
0bca9349-44ee-434b-a485-518c4b1d122a,1949-05-17,,999-61-8805,S99929015,X42419483X,Mrs.,Guiseppe745,Crooks128,,Macejkovic315,M,white,irish,F,Weymouth Town MA US,52300 Myriam Hills Westborough MA 01581 US
123ff0e2-f3d9-42ea-b923-e45ef6303ec2,1985-12-25,,999-88-6531,S99941941,false,Mrs.,Grant175,Rempel495,,Stoltenberg487,M,white,french,F,Wakefield MA US,9172 Marion Highway Worcester MA 01653 US
dea4854b-85bf-4d26-a746-a802a8a3c46f,1992-09-21,,999-51-6515,S99923087,X65603131X,Ms.,Aiyana121,Hodkiewicz209,,,,black,dominican,F,Springfield MA US,60882 Marisol Skyway Boston MA 02110 US
a111515a-da78-47d1-8783-88bf73458b4a,1947-04-26,1991-05-15,999-53-2409,S99973023,false,Mr.,Joannie69,Lowe886,,,M,hispanic,puerto_rican,M,East Longmeadow MA US,258 Luettgen Forges Webster MA 01570 US
a4d8213d-3a32-4797-8391-1f6503543b93,1943-07-01,,999-30-1003,S99964306,false,Mr.,Emily630,Feest50,,,M,white,english,M,Methuen Town MA US,10239 Juliana Valley Apt. 911 Worcester MA 01607 US
ee16b9f3-6c1e-4bfd-b649-fdc3a5a732b0,1997-02-10,,999-69-6717,S99916552,X61744350X,Ms.,Luz342,Batz332,,,,white,polish,F,Haverhill MA US,3174 Nya Island Worcester MA 01612 US
ca077689-0a77-4221-83cf-d216fc8814e7,1948-11-12,,999-25-3995,S99932669,false,Mrs.,Leanne832,Goyette587,,Ferry608,M,white,irish,F,Quincy MA US,4973 Cruickshank Light Suite 399 Boston MA 02130 US
3fc98b6a-bcd9-4269-af2c-c71c7470fdd5,2000-02-29,,999-42-6577,S99911148,,,Linnie236,Williamson583,,,,white,german,M,Lowell MA US,112 Florian Spring Suite 615 Worcester MA 01608 US
92a229cf-f664-416d-afad-841118f0a202,1952-10-21,,999-63-3394,S99979753,X71502060X,Mrs.,Merle702,Ortiz21,,Trantow958,M,white,polish,F,Topsfield MA US,29646 Eldora Valley Worcester MA 01655 US
0362bd4d-72cd-439c-992e-6ae0abb87a1f,1981-12-19,,999-89-5473,S99993910,X11685861X,Mr.,Herminio60,Nader776,,,S,white,french,M,Easton MA US,428 Fadel Summit Boston MA 02131 US
bea9970b-c88e-4d6d-943f-adf83af5e169,1953-06-01,,999-56-9410,S99914735,false,Mrs.,Kameron955,Kerluke829,,Little419,M,asian,chinese,F,Medford MA US,3287 Buster Shores Apt. 711 Boston MA 02212 US
76b606f0-8ac2-45af-b7a7-6a31a9d1d362,2000-11-06,,999-49-9848,S99971569,,,Pansy346,Schumm367,,,,black,african,M,Boston MA US,64241 MacGyver Grove Apt. 869 Boston MA 02215 US
7fdb18d3-ac6c-4ac9-b69e-d8c4f5f80661,1976-08-10,,999-66-9193,S99985058,false,Mrs.,Zaria185,Hilpert863,,Ward255,M,white,english,F,Braintree Town MA US,34969 Luigi Manors Apt. 629 Worcester MA 01607 US
7cf25542-7e64-4f24-9337-49fb200d0d7c,1964-11-22,2015-08-07,999-90-4136,S99984882,X22781580X,Mrs.,Sonya315,Windler822,,Padberg25,M,white,italian,F,West Springfield Town MA US,851 Marquardt Curve Worcester MA 01654 US
d11cad45-1b9f-401a-b2b2-e760b0bb8dad,1983-05-10,,999-14-5429,S99929943,false,Mr.,Tressie650,Bruen922,,,S,white,italian,M,Somerville MA US,39269 Maggio Islands Apt. 973 Boston MA 02135 US
43c43fb1-5793-4f1f-ae0a-6ae5add6914a,1989-05-08,,999-39-8597,S99927623,X47394793X,Mr.,Stan408,Hintz477,,,M,black,african,M,Marlborough MA US,720 Langosh Place Boston MA 02112 US
ab915400-ea9d-4df2-82f9-8a88c18237ff,2008-05-13,,999-16-1369,,,,Maritza0,Prohaska228,,,,hispanic,puerto_rican,F,Grafton MA US,602 Lemke Field Boston MA 02199 US
73cc7aeb-d895-41a4-80e7-89ea9c5c5403,1996-12-11,,999-95-2118,S99933859,X80600327X,Ms.,Leslie916,Johns198,,,,white,irish,F,Melrose MA US,33645 Aimee Crest Boston MA 02130 US
72ac7e6d-6f54-4ded-8972-17ba3f833fcd,1988-02-22,,999-15-3500,S99966764,false,Mrs.,Kayden707,Harber282,,Hahn996,M,hispanic,central_american,F,Melrose MA US,63107 Johnnie Ville Suite 210 Boston MA 02135 US
3cad0f60-b230-4891-a5e4-f80502752c15,1972-07-29,,999-94-2227,S99964676,false,Mr.,Kip363,Feest50,,,S,white,irish,M,Holyoke MA US,79421 Teagan Overpass Suite 656 Worcester MA 01608 US
739cb702-08da-4bd5-b507-f7c030ea51fb,1981-12-19,,999-15-5781,S99940680,false,Mrs.,Americo132,McCullough226,,Blanda20,M,white,german,F,Boston MA US,10784 Rosenbaum Roads Boston MA 02133 US
6a776ade-c081-452d-8430-c0231afb8e2c,1992-04-16,,999-83-4972,S99922555,X92307534X,Ms.,Blanca903,Macejkovic315,,,,white,german,F,Holden MA US,876 Mireille Land Boston MA 02206 US
5b977817-5d10-49b9-a4b1-0411fb8d8c07,1990-10-03,,999-79-3417,S99954703,X91783356X,Ms.,Cydney115,Mills225,,,,white,irish,F,Boston MA US,78269 Raynor Trafficway Boston MA 02205 US
5bc4badb-b0f3-41ce-9060-cc41cb7f54cd,1939-04-06,2013-04-29,999-46-5969,S99969118,false,Mrs.,Gavin32,Tillman389,,Mills225,M,hispanic,puerto_rican,F,Milford MA US,74969 Sadye Mews Boston MA 02109 US
115ae349-a5fc-49b5-be45-82ee258dbb81,2009-01-02,,999-72-7091,,,,Maynard762,Torphy357,,,,white,english,M,Andover MA US,736 Hintz River Suite 903 Worcester MA 01606 US
a30d3c8a-3738-44f3-865c-2ed50ecba76c,1996-02-13,,999-36-5366,S99916053,X52986907X,Ms.,Kasandra798,Trantow958,,,,white,italian,F,Orleans MA US,2642 Gunner Trace Boston MA 02205 US
1145a4db-6932-4afb-bb48-f7199b497620,2012-03-07,12b7476b-5a2b-4c6b-8410-128d4460f187,,999-94-6627,,,,Ansley832,1947-03-20Cummings800,,,,hispanic,puerto_rican,F,Waltham MA US
f84dc327-ac2b-4da1-8cd0-0b6b3db8874b,1984-12-31,,999-18-4493,S99949835,false,Mrs.,Trace469,Towne582,,Spencer391,M,white,italian,F,Amesbury Town MA US,608 Braun Meadows Boston MA 02127 US
3e406a34-e8ff-468d-84ba-94321285ad1a,1997-01-27,,999-64-5485,S99940162,false,Mr.,Gordon450,Rohan6,,,,white,italian,M,Falmouth MA US,5025 Wilfrid Turnpike Boston MA 02111 US
27c583cd-0b6e-4236-a741-afdf120fa607,1987-06-17,,999-88-8633,S99966043,false,Mr.,Dovie975,Lesch922,,,S,white,english,M,Brookline MA US,9825 Zboncak Circles Boston MA 02110 US
dc5a4300-6ca8-43d6-9263-6954d41595e9,2001-07-26,,999-23-4136,,,,Constance43,Lemke797,,,,black,dominican,M,Chelsea MA US,70228 Moen Junction Boston MA 02120 US
0f7c3ae1-9dd1-4071-bec6-ca42683d5119,1973-01-27,,999-97-5981,S99926899,X68650156X,Mrs.,Jermey903,Donnelly502,,Runolfsdottir352,M,white,english,F,Amherst MA US,967 Rempel Creek Suite 438 Worcester MA 01606 US
11c83aa4-2551-45f8-8fa6-a0038a625d94,1964-09-06,,999-70-7009,S99969598,X97255670X,Mrs.,Cordell839,Brown474,,Bednar797,M,black,african,F,Ware MA US,677 Estel Islands Boston MA 02122 US
596e6f73-6d8a-4cd7-898c-651b17ca3506,1958-05-30,,999-66-9385,S99915629,false,Mrs.,Lilyan484,Hermiston486,,McDermott490,M,hispanic,mexican,F,Hudson MA US,95741 Schowalter Branch Worcester MA 01614 US
b9b8dcb0-443d-4e5e-bf8e-d8097cd3120b,2001-08-01,,999-68-8328,,,,Otis320,Sanford945,,,,black,african,F,Milford MA US,2749 Kub Lodge Suite 501 Boston MA 02241 US
570f6daf-d257-46d7-a5ad-0197e09bbe70,1958-06-29,,999-35-3931,S99988356,X68962828X,Mr.,Darrin319,Nicolas801,,,M,hispanic,mexican,M,New Bedford MA US,9498 Zemlak Valley Apt. 338 Worcester MA 01609 US
fd52478b-8177-4abd-a418-c4b79c52837e,1977-07-03,,999-76-1976,S99979574,X18500505X,Mrs.,Melba451,Stoltenberg487,,Leuschke227,M,white,american,F,Leominster MA US,60540 Rachael Gateway Worcester MA 01655 US
63e69de7-d724-4da3-904f-cafff691f289,2004-12-28,,999-37-8499,,,,Gregorio271,Bogan983,,,,white,irish,F,Fall River MA US,640 Bruen Garden Apt. 339 Boston MA 02109 US
a43098fa-4654-403b-ba22-9e58cd19ec28,2010-09-14,,999-80-8942,,,,Cindy301,Cremin119,,,,white,irish,F,Stoughton MA US,751 Darron Isle Worcester MA 01654 US
f80392b0-a4e2-48ce-8372-601159a68d23,1978-09-01,,999-52-7785,S99919274,false,Mrs.,Giovanni978,Schimmel523,,Zboncak48,M,white,english,F,West Newbury MA US,9176 Coy Lodge Apt. 466 Worcester MA 01653 US
907d8419-52d9-4cda-a292-36db48642033,1964-05-12,,999-28-6939,S99931927,false,Mr.,Lura250,Yost319,,,M,white,english,M,Norton MA US,1976 Cummings Underpass Worcester MA 01602 US
dc78d3c4-2c3e-4641-9603-6217b3310931,1945-05-29,2015-10-13,999-91-9843,S99955642,false,Mr.,Kelsie896,Abshire919,,,M,white,scottish,M,Taunton MA US,399 Noble Mission Suite 583 Worcester MA 01615 US
09941b59-5624-45b8-a781-5bd2943bc358,1943-02-26,,999-64-3330,S99945969,X57603269X,Mr.,Josie277,Rodriguez388,,,M,white,italian,M,Brockton MA US,86853 Fay River Suite 928 Boston MA 02203 US
e6166524-f0b0-4445-9ebb-04705e085606,2006-05-29,,999-28-8759,,,,Franco528,King747,,,,white,italian,F,Rutland MA US,5015 Brenda Lane Worcester MA 01653 US
b6d5f7a8-0af2-4f85-bc77-66262fb4d92b,1984-03-02,,999-49-4763,S99928975,false,Mr.,Selena236,Bauch930,,,M,white,american,M,Adams MA US,170 Violette Corner Boston MA 02228 US
f8ead9ae-725a-4df6-8ccd-69aea07a5f2a,1941-08-05,1956-08-28,999-25-6536,,,,Jessy611,Runolfsson61,,,,hispanic,puerto_rican,M,Middlefield MA US,31440 Tre Vista Boston MA 02128 US
0c41da56-287f-480c-a7cb-a217824a0806,1989-09-02,,999-19-6149,S99971213,X66970535X,Mr.,Hollis414,Gleason37,,,M,white,irish,M,North Attleborough MA US,96315 Trantow Valleys Apt. 114 Boston MA 02113 US
8d8733b6-f23f-4bde-8786-0ff0f2feb3ba,1967-06-11,,999-88-3913,S99931532,false,Mrs.,Rita567,Schmidt882,,Rosenbaum848,M,white,italian,F,Newbury MA US,307 Mohammad Landing Worcester MA 01654 US
f8ad607b-0775-4d96-8cb8-4de7e1f4c096,1985-03-23,,999-25-8387,S99997903,X61688368X,Mrs.,Katrina49,Schroeder130,,Brown474,M,black,west_indian,F,Needham MA US,79673 Haley Bridge Suite 713 Boston MA 02132 US
fa8fc5c2-08d0-4e9b-be93-43ff43cc38d3,2009-02-15,,999-81-2557,,,,Cyril34,Waters709,,,,white,italian,F,North Andover MA US,43054 Kamron Manors Worcester MA 01602 US
023233aa-a162-4f6c-8324-660f57c86a22,1979-06-25,,999-34-7061,S99992033,false,Mr.,Maurice872,Heathcote725,,,M,hispanic,puerto_rican,M,Amherst MA US,2784 Rosalinda Parkway Boston MA 02129 US
1f508673-3834-449d-92e9-101c5c94b5f9,1989-05-05,,999-65-6201,S99945041,X35001200X,Mrs.,Beulah709,Kreiger23,,Rice809,M,white,irish,F,Framingham MA US,20425 Lizeth Estate Boston MA 02297 US
e7a09094-17e2-4cba-8934-71335239d358,1976-03-04,,999-58-8209,S99912826,X27517181X,Mrs.,Adolphus67,Kuvalis245,,Reichel503,M,white,irish,F,Boston MA US,29308 Hoeger Key Boston MA 02217 US
f2adf53c-62a0-4f0d-ac07-c6508eef2ef1,1935-02-22,,999-35-7160,S99939361,false,Mrs.,Gunnar874,Blanda20,,Rath957,M,white,irish,F,Holyoke MA US,1505 Medhurst Bridge Suite 706 Worcester MA 01607 US
1cb603e1-4995-4074-8937-52f29fbcc86d,1949-02-11,,999-57-1538,S99919702,false,Mrs.,Karina620,Bayer843,,Keeling487,M,white,english,F,Hatfield MA US,1957 Cole Fall Suite 630 Boston MA 02121 US
10365ea1-1323-4f5d-8fbd-31599cf5630c,1966-06-06,,999-82-2360,S99920667,false,Mrs.,Hettie64,Stanton789,,Ebert604,M,white,irish,F,Haverhill MA US,411 Una Wells Worcester MA 01609 US
573230c3-a513-4117-941c-ea675551379e,1963-07-11,,999-39-6531,S99940459,false,Mr.,Rosalinda270,Cummerata780,,,S,white,english,M,Holden MA US,7517 Daugherty Fork Worcester MA 01608 US
8f7204b2-6191-4c10-bd1b-079f90493531,1995-08-02,,999-85-2478,S99989705,false,Ms.,Jovany787,Sporer804,,,,black,dominican,F,Boston MA US,2225 Ritchie Roads Apt. 907 Boston MA 02124 US
c663104a-62ac-4c15-b7d8-fcc7a8dd579b,1992-08-26,,999-57-6967,S99931854,X66841299X,Ms.,Marcelle205,Koss397,,,,white,german,F,Northfield MA US,65444 O'Hara Dale Worcester MA 01614 US
8f6e6b7f-bf70-454b-8971-59853144ad1b,1988-03-22,,999-53-1555,S99962643,X80024116X,Mrs.,Leonie752,Crooks128,,Walter251,M,white,italian,F,North Reading MA US,6522 Nolan Plaza Apt. 982 Boston MA 02135 US
f3a6bbd8-3c58-4241-a0f8-28f1c9e78abb,1993-03-21,,999-30-9234,S99936897,false,Ms.,Leila959,Monahan893,,,,white,irish,F,Lynn MA US,72326 Mara Trail Boston MA 02215 US
d748adf9-5e7f-4018-91bf-958cec3b8574,1961-09-01,,999-71-6242,S99969383,X11791672X,Mrs.,Meggie949,Franecki287,,Batz332,M,white,polish,F,Cambridge MA US,9929 Furman Lane Apt. 947 Worcester MA 01615 US
ab0f3cbd-a24d-481e-9b4c-e1d1ade97582,1985-04-05,,999-99-9008,S99966433,X41337746X,Mrs.,Olen471,Wiza76,,Nader776,M,white,english,F,Melrose MA US,667 Stark Skyway Boston MA 02124 US
d1d9b284-57da-4dbe-a54a-b9c158b2c12c,1951-01-31,1997-12-02,999-55-7009,S99962107,X63812017X,Mr.,Anabelle900,Lueilwitz716,,,M,white,scottish,M,Groton MA US,7031 Marquis Meadows Apt. 263 Worcester MA 01615 US
03913ef9-2b08-4311-9faf-70ea3f04da9c,2008-01-26,,999-78-1867,,,,Melody175,Schaden136,,,,hispanic,mexican,M,Newton MA US,71287 Garret Trace Worcester MA 01601 US
4a0a7395-2560-4153-ac3d-55747fd053e3,1966-10-05,,999-90-8642,S99974693,false,Mrs.,Melissa487,Doyle678,,Goodwin263,M,white,irish,F,West Springfield Town MA US,3189 Mylene Brook Apt. 270 Worcester MA 01655 US
3d2cc583-aa3f-449a-bd7d-3a188ee6962b,2000-10-08,,999-49-5293,S99977352,,,Bridget932,Blanda20,,,,white,scottish,M,New Bedford MA US,566 Verla Causeway Worcester MA 01609 US
65e324d6-4e16-42ee-b40d-81a39d247ef6,1939-06-19,,999-41-4007,S99942729,false,Mr.,Lawson526,Kshlerin530,,,M,asian,chinese,M,Norwell MA US,743 Steuber Dam Worcester MA 01654 US
31251723-6836-47dc-a299-27b6c0e962a6,1987-04-07,,999-82-7794,S99940757,false,Mrs.,Vern525,Hills743,,Reichel503,M,white,irish,F,Lowell MA US,9837 Romaguera Passage Suite 771 Worcester MA 01653 US
b40092a6-789e-4e9f-bf61-4f9e27ddb165,1947-07-24,,999-35-6810,S99970729,X27208958X,Mrs.,Camden310,Jacobi311,,Brown474,M,white,irish,F,West Springfield Town MA US,753 Dooley Overpass Worcester MA 01601 US
45569aca-609a-444d-95fd-c9288500602d,1978-03-02,,999-83-4721,S99997917,X26620685X,Ms.,Wilton49,Ritchie555,,,S,white,american,F,Medford MA US,45429 Stokes Street Suite 465 Boston MA 02124 US
66efe45b-0dba-4299-8c73-f8f3a2f6db12,1953-03-25,1999-08-13,999-12-1237,S99924900,X94219748X,Mrs.,Edwardo490,Schuppe795,,Fahey895,M,white,italian,F,Somerville MA US,4007 Bashirian Drives Worcester MA 01655 US
71333b52-b96e-48e8-83ed-6f3b1e210754,1957-09-11,,999-95-8786,S99999780,false,Mrs.,Sheldon11,Price694,,Lueilwitz716,M,white,italian,F,Ashburnham MA US,933 Swift Landing Apt. 395 Boston MA 02127 US
fff179eb-5556-4384-89cb-27d2377f4405,1960-04-10,,999-85-3358,S99999686,X39158513X,Mr.,Ines894,DuBuque399,,,M,white,italian,M,Boston MA US,5106 Brooke Island Boston MA 02124 US
4997e099-ab24-4c0c-a30b-faa8165d4d51,2011-05-20,,999-50-9213,,,,Alexa120,Mertz249,,,,white,irish,M,Nantucket MA US,38130 Candace Springs Apt. 750 Worcester MA 01609 US
dd83749c-270e-46a2-a7b9-e3772e2dee91,1969-08-10,,999-52-3629,S99971597,X54357339X,Mrs.,Dina143,Parker58,,Bogan983,M,white,irish,F,Gardner MA US,5289 Green Passage Worcester MA 01613 US
920ec1ef-af67-446c-966b-0cd7ac659a69,2009-02-21,,999-17-2295,,,,Queen331,McDermott490,,,,white,italian,F,Dracut MA US,86481 Flatley Station Apt. 504 Worcester MA 01612 US
297645e6-711f-43a0-bab3-3035751f1f9a,1964-02-13,,999-96-9251,S99950105,X66056627X,Mr.,Bonnie45,Emmerich252,,,M,white,italian,M,Westwood MA US,28111 Alan Spurs Worcester MA 01601 US
8e631d5a-4e8e-4ae7-a3de-21dbf56bfcbd,1972-07-27,,999-52-5666,S99964449,X81047810X,Ms.,Etha566,Koch570,,,S,hispanic,central_american,F,Middleborough MA US,5968 Bednar Unions Apt. 142 Boston MA 02114 US
7805d23d-7b55-422d-bb07-c63402be911f,1952-12-13,,999-61-5646,S99917877,false,Ms.,Modesta892,Ortiz21,,,S,asian,chinese,F,Rutland MA US,181 Bailey Mills Apt. 186 Boston MA 02120 US
c1bbd743-ca50-4ae8-8d5c-5b48b14d861c,1990-12-13,,999-18-2113,S99926353,X27884666X,Mr.,Kristopher706,Schroeder130,,,,white,polish,M,Revere MA US,45807 Pansy Pass Boston MA 02124 US
a2d1b324-86ee-4360-8b64-75078868385b,1959-08-29,,999-33-3688,S99939210,X71362397X,Mrs.,Dorian100,Muller64,,Stoltenberg487,M,hispanic,puerto_rican,F,Watertown Town MA US,70064 Jaleel Freeway Apt. 381 Boston MA 02132 US
01524d35-de57-43c8-9291-f8f452281459,1996-06-11,,999-35-9129,S99919681,X41217158X,Ms.,Micah461,Adams180,,,,hispanic,puerto_rican,F,Agawam Town MA US,405 Reva Green Apt. 958 Boston MA 02228 US
eeb76b44-c791-45be-ae9c-30f65dbbe91d,1965-01-23,,999-86-4424,S99935574,false,Mr.,Philip483,Sporer804,,,S,white,french_canadian,M,Boston MA US,223 Tre Meadows Boston MA 02283 US
3238d035-5f09-47a3-8176-828d87ec7cf9,2013-10-17,,999-86-2210,,,,Lawson526,Hagenes567,,,,hispanic,puerto_rican,M,Salem MA US,62495 Lockman Throughway Suite 239 Boston MA 02222 US
53bf97ef-1041-48ab-81cf-d5f907044b3a,1947-08-02,,999-12-1010,S99937010,X81054091X,Mr.,Dawn362,Doyle678,,,M,white,french,M,Holbrook MA US,440 Kulas Pike Boston MA 02125 US
00f12557-e294-4365-8d22-c3e1ff051097,1997-04-06,,999-28-4557,S99932709,X51295439X,Ms.,Jamil508,Dickinson336,,,,white,english,F,Plymouth MA US,18871 Olson Shores Suite 213 Boston MA 02127 US
dcd26338-87e0-467b-a4ea-468d55dee549,2003-07-31,,999-53-4043,,,,Maggie709,Greenfelder59,,,,black,dominican,F,Dudley MA US,4037 Jude Forge Boston MA 02115 US
e0fb88e3-300b-4f39-88eb-86f0a0cdde12,1997-05-17,,999-78-5809,S99910311,false,Mr.,Marcelina870,Rogahn469,,,,white,irish,M,Whitman MA US,53858 Khalil Burg Suite 206 Boston MA 02116 US
44629338-4960-4812-90a9-96ee5733b88f,1980-10-12,,999-33-4582,S99978883,X36587306X,Mrs.,Ruby720,Gusikowski964,,Schaden136,M,white,portuguese,F,Hingham MA US,79820 Hettinger Land Boston MA 02205 US
49a71fef-9faa-4c7c-896b-baa8f539fa37,1962-02-28,2014-12-12,999-42-1696,S99962880,false,Mrs.,Jarod785,Dare819,,Bartoletti882,M,asian,chinese,F,Medford MA US,456 Ondricka Estate Boston MA 02134 US
fa0a4696-3304-442c-b987-d7628cb29020,1991-07-19,,999-96-3828,S99949651,false,Ms.,Queen331,Senger856,,,,white,irish,F,Hopkinton MA US,11961 Mitchell Overpass Boston MA 02203 US
0a0e96ba-6550-4dfc-a2d2-eb5a79864ff3,2010-12-29,,999-34-3287,,,,Edwin134,Green619,,,,hispanic,puerto_rican,F,North Attleborough MA US,2759 Nader Garden Boston MA 02211 US
2f62ce86-cf24-433e-967a-06863588346f,1956-11-18,,999-30-8495,S99970068,X71457360X,Mr.,Merle702,Johnson303,,,M,black,dominican,M,Fitchburg MA US,16016 Laury Creek Boston MA 02297 US
485455bc-8676-4ca9-b508-c9244049105a,1985-04-12,,999-77-8388,S99970662,false,Mrs.,Murl471,Deckow187,,Williamson583,M,black,west_indian,F,Sturbridge MA US,82605 Savanah Throughway Apt. 833 Boston MA 02125 US
c30a2026-cb99-43f6-b71f-8b06ec46b540,1957-08-28,2010-03-05,999-86-4705,S99911908,X28683711X,Mr.,Rocio98,Marks493,,,M,asian,asian_indian,M,Springfield MA US,6212 Carter Trace Suite 837 Boston MA 02284 US
bb7be8dc-e8d1-41b1-ae8a-0a8e70c1b4fd,1985-01-20,,999-96-3769,S99930462,X86270063X,Mrs.,Jordi436,Runolfsdottir352,,Waters709,M,white,russian,F,Longmeadow MA US,8639 Fleta Isle Boston MA 02110 US
ab2441b7-0169-4633-9fe9-36fa2102ee5b,1958-03-14,,999-19-6862,S99981341,false,Mrs.,Laisha747,McDermott490,,Legros728,M,white,english,F,Billerica MA US,19328 Camille Lakes Apt. 952 Boston MA 02163 US
e5b3807b-1e97-44a0-9b98-46e18bce9498,2002-01-08,,999-94-4354,,,,Berta790,Langworth348,,,,black,dominican,M,Russell MA US,2558 Dietrich Spring Suite 301 Boston MA 02110 US
8461b027-a118-4bcd-99ab-05c48fda63c9,2004-04-24,,999-24-6610,,,,Unique526,Cruickshank782,,,,white,italian,F,Hopkinton MA US,19679 Derrick Crossroad Apt. 234 Boston MA 02128 US
